push_id,user_id,send_time,push_type,opened_flag,open_time,clicked_flag,click_time,purchase_after_push_flag,purchase_time,utm_source,utm_campaign,disabled_push_after_flag,push_title_len,push_text_len,emoji_flag,push_send_provider
1,9024514,2024-09-23 16:15:00,promo,1,2024-09-23 17:48:00,1,2024-09-23 18:26:00,0,,push,,0,26,84,0,provider_b
2,9024514,2024-10-02 16:11:00,category_sale,0,,0,,0,,push,,0,68,171,1,provider_a
3,9024514,2024-10-09 10:43:00,price_drop,0,,0,,0,,push,,0,30,56,0,provider_b
4,9024514,2024-10-20 11:27:00,price_drop,0,,0,,0,,push,,0,23,58,0,provider_a
5,9024514,2024-10-21 16:05:00,category_sale,0,,0,,0,,push,,0,52,83,0,provider_a
6,9024514,2024-11-15 09:43:00,promo,0,,0,,0,,push,,0,19,49,0,provider_c
7,9024514,2025-01-03 11:20:00,recommendation,0,,0,,0,,push,,0,78,121,1,provider_b
8,9024514,2025-01-16 12:50:00,recommendation,0,,0,,0,,push,,0,69,98,0,provider_b
9,9024514,2025-01-26 09:23:00,promo,0,,0,,0,,push,,0,50,85,1,provider_c
10,9024514,2025-01-28 12:39:00,price_drop,0,,0,,0,,push,,0,65,95,0,provider_b
11,9024514,2025-02-17 16:44:00,recommendation,0,,0,,0,,push,,0,19,91,0,provider_b
12,9024514,2025-02-21 13:49:00,recommendation,0,,0,,0,,push,,0,46,54,0,provider_a
13,9024514,2025-03-07 09:18:00,promo,1,2025-03-07 09:52:00,0,,0,,push,,0,57,146,0,provider_a
14,9024514,2025-03-19 15:35:00,cart_reminder,0,,0,,0,,push,,0,79,69,1,provider_a
15,9024514,2025-03-24 13:26:00,price_drop,0,,0,,0,,push,,0,78,153,1,provider_b
16,9024514,2025-04-04 14:13:00,promo,1,2025-04-04 14:35:00,0,,0,,push,,0,76,43,1,provider_c
17,9024514,2025-04-06 16:38:00,recommendation,0,,0,,0,,push,,0,29,140,0,provider_b
18,9024514,2025-05-03 11:17:00,category_sale,0,,0,,0,,push,,0,61,110,0,provider_a
19,9024514,2025-05-19 12:14:00,category_sale,0,,0,,0,,push,,0,53,68,0,provider_a
20,9024514,2025-05-22 09:15:00,cart_reminder,0,,0,,0,,push,,0,75,57,0,provider_b
21,9024514,2025-05-26 11:46:00,promo,0,,0,,0,,push,,0,63,88,1,provider_a
22,9024514,2025-06-08 09:48:00,promo,0,,0,,0,,push,,0,25,48,0,provider_a
23,9024514,2025-06-11 12:46:00,promo,0,,0,,0,,push,,0,25,50,1,provider_a
24,9024514,2025-07-03 11:27:00,promo,0,,0,,0,,push,,0,75,98,0,provider_b
25,9024514,2025-07-10 10:11:00,cart_reminder,0,,0,,0,,push,,0,79,94,0,provider_a
26,9024514,2025-08-17 17:01:00,recommendation,1,2025-08-17 19:08:00,0,,0,,push,,0,69,103,1,provider_a
27,9024514,2025-08-19 15:12:00,recommendation,1,2025-08-19 16:08:00,0,,0,,push,,0,52,146,1,provider_b
28,9024514,2025-09-20 14:27:00,promo,1,2025-09-20 16:44:00,0,,0,,push,,0,37,65,1,provider_a
29,9024514,2025-09-21 09:42:00,promo,1,2025-09-21 10:45:00,1,2025-09-21 11:13:00,0,,push,,0,70,120,0,provider_c
30,9024514,2025-10-20 18:42:00,price_drop,1,2025-10-20 19:31:00,0,,0,,push,,0,21,133,1,provider_b
31,9024514,2025-10-29 16:54:00,recommendation,1,2025-10-29 17:39:00,0,,0,,push,,0,28,86,1,provider_a
32,9024514,2025-11-02 19:01:00,promo,0,,0,,0,,push,,0,56,61,1,provider_b
33,9024514,2025-11-15 14:07:00,recommendation,0,,0,,0,,push,,0,32,98,0,provider_a
34,9024514,2025-11-27 12:40:00,promo,0,,0,,0,,push,,0,43,147,1,provider_b
35,9024514,2025-11-28 16:24:00,promo,1,2025-11-28 17:11:00,0,,0,,push,,0,40,43,1,provider_a
36,9024514,2025-12-24 17:30:00,category_sale,0,,0,,0,,push,,0,67,121,0,provider_c
37,9024514,2026-01-02 19:13:00,price_drop,0,,0,,0,,push,,0,48,107,0,provider_b
38,9024514,2026-02-09 17:17:00,recommendation,0,,0,,0,,push,,0,71,147,0,provider_a
39,9024514,2026-02-11 13:08:00,price_drop,0,,0,,0,,push,,0,43,131,0,provider_a
40,9024514,2026-02-15 12:19:00,recommendation,1,2026-02-15 13:50:00,0,,0,,push,,0,70,76,1,provider_a
41,9024514,2026-02-26 12:41:00,price_drop,1,2026-02-26 14:50:00,0,,0,,push,,0,66,79,0,provider_b
42,9024514,2026-03-05 15:55:00,promo,0,,0,,0,,push,,0,41,129,0,provider_c
43,9024514,2026-03-10 09:15:00,recommendation,1,2026-03-10 10:16:00,1,2026-03-10 11:08:00,0,,push,,0,48,123,0,provider_c
44,9024514,2026-03-14 15:52:00,category_sale,0,,0,,0,,push,,0,19,134,1,provider_a
45,9024514,2026-03-27 18:20:00,recommendation,0,,0,,0,,push,,0,71,42,1,provider_b
46,9024514,2026-04-03 15:14:00,promo,1,2026-04-03 17:54:00,1,2026-04-03 18:09:00,0,,push,,0,18,97,0,provider_a
47,9024514,2026-04-22 19:53:00,recommendation,0,,0,,0,,push,,0,61,154,0,provider_a
48,9081142,2024-07-06 13:20:00,promo,0,,0,,0,,push,,0,29,133,1,provider_c
49,9081142,2024-07-07 10:50:00,promo,1,2024-07-07 12:25:00,0,,0,,push,,0,69,87,0,provider_b
50,9081142,2024-07-19 12:55:00,promo,0,,0,,0,,push,,0,64,141,1,provider_c
51,9081142,2024-07-21 13:38:00,cart_reminder,1,2024-07-21 14:02:00,0,,0,,push,,0,67,126,0,provider_a
52,9081142,2024-08-10 09:24:00,cart_reminder,0,,0,,0,,push,,0,30,108,1,provider_c
53,9081142,2024-08-18 11:16:00,recommendation,1,2024-08-18 13:05:00,0,,0,,push,,0,56,139,1,provider_a
54,9081142,2024-08-21 13:47:00,cart_reminder,0,,0,,0,,push,,0,78,97,1,provider_c
55,9081142,2024-08-25 14:08:00,cart_reminder,0,,0,,0,,push,,0,39,151,1,provider_a
56,9081142,2024-09-05 14:43:00,cart_reminder,0,,0,,0,,push,,0,79,147,1,provider_a
57,9081142,2024-11-07 12:20:00,promo,1,2024-11-07 13:23:00,0,,0,,push,,0,56,92,1,provider_a
58,9081142,2024-11-14 20:30:00,category_sale,0,,0,,0,,push,,0,34,176,1,provider_a
59,9081142,2024-11-17 16:56:00,promo,0,,0,,0,,push,,0,37,147,1,provider_a
60,9081142,2024-12-01 09:41:00,price_drop,1,2024-12-01 09:44:00,1,2024-12-01 09:51:00,0,,push,,0,71,66,0,provider_a
61,9081142,2024-12-13 11:11:00,promo,0,,0,,0,,push,,0,36,78,1,provider_b
62,9081142,2024-12-24 13:49:00,recommendation,1,2024-12-24 13:50:00,0,,0,,push,,0,27,133,1,provider_a
63,9081142,2024-12-28 18:51:00,price_drop,1,2024-12-28 18:52:00,1,2024-12-28 19:34:00,0,,push,,0,62,162,1,provider_b
64,9081142,2025-01-02 13:58:00,recommendation,0,,0,,0,,push,,0,58,136,0,provider_a
65,9081142,2025-01-06 16:45:00,recommendation,1,2025-01-06 18:08:00,0,,0,,push,,0,78,175,0,provider_c
66,9081142,2025-01-07 19:22:00,recommendation,1,2025-01-07 20:57:00,0,,0,,push,,0,30,109,0,provider_a
67,9081142,2025-01-25 16:22:00,recommendation,0,,0,,0,,push,,0,25,123,1,provider_b
68,9081142,2025-02-01 12:46:00,promo,0,,0,,0,,push,,0,48,140,1,provider_a
69,9081142,2025-02-14 09:12:00,recommendation,1,2025-02-14 10:49:00,0,,0,,push,,0,37,165,1,provider_c
70,9081142,2025-02-21 18:47:00,promo,0,,0,,0,,push,,0,62,85,0,provider_b
71,9081142,2025-02-24 16:02:00,recommendation,0,,0,,0,,push,,0,21,41,0,provider_b
72,9081142,2025-02-25 19:02:00,recommendation,0,,0,,0,,push,,0,53,96,1,provider_b
73,9081142,2025-03-03 11:51:00,price_drop,0,,0,,0,,push,,0,77,139,0,provider_a
74,9081142,2025-03-08 12:05:00,promo,0,,0,,0,,push,,0,24,142,1,provider_a
75,9081142,2025-04-14 09:58:00,promo,1,2025-04-14 10:25:00,0,,0,,push,,0,78,113,0,provider_a
76,9081142,2025-05-09 14:11:00,cart_reminder,0,,0,,0,,push,,0,38,90,0,provider_a
77,9081142,2025-05-11 12:01:00,category_sale,1,2025-05-11 13:16:00,1,2025-05-11 13:53:00,0,,push,,0,59,63,1,provider_b
78,9081142,2025-05-15 11:52:00,price_drop,1,2025-05-15 13:20:00,1,2025-05-15 14:12:00,0,,push,,0,47,128,0,provider_c
79,9081142,2025-05-27 19:14:00,promo,0,,0,,0,,push,,0,20,72,1,provider_a
80,9081142,2025-05-29 11:39:00,category_sale,0,,0,,0,,push,,0,57,114,0,provider_b
81,9081142,2025-06-01 15:51:00,category_sale,1,2025-06-01 17:05:00,0,,0,,push,,0,50,42,1,provider_a
82,9081142,2025-06-14 18:13:00,recommendation,0,,0,,0,,push,,0,55,74,0,provider_c
83,9081142,2025-06-15 10:20:00,cart_reminder,0,,0,,0,,push,,0,54,175,0,provider_a
84,9081142,2025-06-19 09:33:00,category_sale,1,2025-06-19 10:45:00,1,2025-06-19 11:06:00,0,,push,,0,76,143,0,provider_a
85,9081142,2025-06-28 18:45:00,recommendation,1,2025-06-28 19:53:00,0,,0,,push,,0,69,168,0,provider_a
86,9081142,2025-07-07 20:42:00,recommendation,1,2025-07-07 23:24:00,0,,0,,push,,0,24,47,1,provider_c
87,9081142,2025-08-10 17:20:00,cart_reminder,0,,0,,0,,push,,0,45,49,0,provider_a
88,9081142,2025-08-19 13:31:00,promo,0,,0,,0,,push,,0,36,58,1,provider_c
89,9081142,2025-08-25 19:49:00,price_drop,0,,0,,0,,push,,0,52,77,1,provider_b
90,9081142,2025-08-29 13:56:00,price_drop,0,,0,,0,,push,,0,32,76,1,provider_b
91,9081142,2025-09-13 15:21:00,promo,0,,0,,0,,push,,0,44,158,1,provider_b
92,9081142,2025-09-24 12:09:00,recommendation,0,,0,,0,,push,,0,72,41,1,provider_a
93,9081142,2025-09-27 15:26:00,cart_reminder,0,,0,,0,,push,,0,79,163,1,provider_a
94,9081142,2025-10-21 18:35:00,promo,0,,0,,0,,push,,0,27,128,1,provider_a
95,9081142,2025-10-24 09:00:00,promo,0,,0,,0,,push,,0,75,40,1,provider_b
96,9081142,2025-11-07 10:41:00,recommendation,0,,0,,0,,push,,0,45,43,0,provider_c
97,9081142,2025-11-14 12:52:00,promo,0,,0,,0,,push,,0,34,136,1,provider_a
98,9081142,2025-11-21 16:07:00,price_drop,1,2025-11-21 18:20:00,0,,0,,push,,0,70,62,0,provider_b
99,9081142,2025-11-23 14:03:00,recommendation,1,2025-11-23 16:37:00,0,,0,,push,,0,32,150,0,provider_b
100,9081142,2025-11-26 18:39:00,promo,1,2025-11-26 19:49:00,1,2025-11-26 20:44:00,0,,push,,0,23,88,0,provider_b
101,9081142,2025-12-01 19:01:00,promo,1,2025-12-01 20:52:00,0,,0,,push,,0,51,159,1,provider_a
102,9081142,2025-12-28 17:58:00,promo,0,,0,,0,,push,,0,68,95,1,provider_b
103,9081142,2026-01-06 13:11:00,price_drop,1,2026-01-06 14:55:00,0,,0,,push,,0,58,145,0,provider_a
104,9081142,2026-01-28 09:03:00,category_sale,0,,0,,0,,push,,0,56,130,1,provider_a
105,9081142,2026-02-03 10:09:00,category_sale,1,2026-02-03 11:58:00,0,,0,,push,,0,65,122,1,provider_a
106,9081142,2026-02-04 09:33:00,promo,0,,0,,0,,push,,0,62,89,1,provider_b
107,9081142,2026-02-11 14:09:00,promo,1,2026-02-11 16:31:00,0,,0,,push,,0,24,83,0,provider_b
108,9081142,2026-02-15 14:47:00,recommendation,0,,0,,0,,push,,0,57,72,0,provider_a
109,9081142,2026-02-16 17:15:00,promo,0,,0,,0,,push,,0,58,65,0,provider_b
110,9081142,2026-02-17 14:30:00,promo,0,,0,,0,,push,,0,59,140,1,provider_a
111,9081142,2026-03-05 19:08:00,recommendation,0,,0,,0,,push,,0,19,168,1,provider_a
112,9081142,2026-03-06 13:53:00,recommendation,0,,0,,0,,push,,0,40,160,1,provider_a
113,9081142,2026-03-09 16:47:00,recommendation,1,2026-03-09 17:55:00,1,2026-03-09 18:05:00,0,,push,,0,25,117,0,provider_a
114,9081142,2026-03-20 14:40:00,promo,0,,0,,0,,push,,0,26,80,0,provider_a
115,9081142,2026-04-03 11:26:00,promo,0,,0,,0,,push,,0,43,164,1,provider_b
116,9081142,2026-04-21 20:50:00,recommendation,1,2026-04-21 21:05:00,0,,0,,push,,0,19,75,1,provider_c
117,9081142,2026-04-25 10:43:00,promo,0,,0,,0,,push,,0,51,90,0,provider_a
118,9078487,2025-06-10 19:30:00,recommendation,0,,0,,0,,push,,0,73,96,1,provider_a
119,9078487,2025-07-01 19:45:00,category_sale,0,,0,,0,,push,,0,66,111,1,provider_b
120,9078487,2025-07-12 14:13:00,cart_reminder,0,,0,,0,,push,,0,33,70,1,provider_a
121,9078487,2025-08-30 11:17:00,promo,0,,0,,0,,push,,0,26,89,1,provider_a
122,9078487,2025-09-17 14:28:00,price_drop,0,,0,,0,,push,,0,62,162,1,provider_b
123,9078487,2025-09-22 20:15:00,promo,0,,0,,0,,push,,0,21,160,1,provider_a
124,9078487,2025-09-26 18:49:00,cart_reminder,0,,0,,0,,push,,0,55,43,1,provider_a
125,9078487,2025-10-20 11:03:00,cart_reminder,0,,0,,0,,push,,0,22,58,1,provider_a
126,9078487,2025-10-21 18:54:00,recommendation,0,,0,,0,,push,,0,20,172,0,provider_a
127,9078487,2025-11-15 09:00:00,recommendation,0,,0,,0,,push,,0,77,64,1,provider_a
128,9078487,2025-12-19 14:51:00,promo,0,,0,,0,,push,,0,73,95,0,provider_a
129,9078487,2026-02-03 17:15:00,cart_reminder,0,,0,,0,,push,,0,23,56,0,provider_a
130,9078487,2026-03-10 11:30:00,promo,0,,0,,0,,push,,0,63,126,1,provider_a
131,9078487,2026-03-11 09:13:00,category_sale,0,,0,,0,,push,,0,35,65,1,provider_a
132,9078487,2026-03-28 17:45:00,category_sale,0,,0,,0,,push,,0,36,127,0,provider_a
133,9104266,2024-07-16 18:44:00,recommendation,0,,0,,0,,push,,0,44,149,0,provider_b
134,9104266,2024-07-31 14:27:00,promo,0,,0,,0,,push,,0,38,100,0,provider_a
135,9104266,2024-08-05 20:00:00,price_drop,0,,0,,0,,push,,0,29,165,1,provider_a
136,9104266,2024-08-06 10:10:00,recommendation,0,,0,,0,,push,,0,54,121,1,provider_b
137,9104266,2024-11-08 11:31:00,promo,0,,0,,0,,push,,0,69,105,0,provider_b
138,9104266,2024-11-12 19:50:00,category_sale,1,2024-11-12 20:19:00,0,,0,,push,,0,50,119,0,provider_a
139,9104266,2024-11-22 13:31:00,recommendation,0,,0,,0,,push,,0,27,100,0,provider_a
140,9104266,2024-11-27 09:24:00,recommendation,0,,0,,0,,push,,0,43,163,1,provider_b
141,9104266,2024-12-14 16:00:00,price_drop,0,,0,,0,,push,,0,62,64,1,provider_a
142,9104266,2024-12-15 15:36:00,cart_reminder,0,,0,,0,,push,,0,24,86,0,provider_a
143,9104266,2025-01-16 09:44:00,promo,0,,0,,0,,push,,0,51,98,1,provider_a
144,9104266,2025-01-26 09:09:00,promo,0,,0,,0,,push,,0,29,137,0,provider_a
145,9104266,2025-01-27 16:12:00,recommendation,1,2025-01-27 17:13:00,0,,0,,push,,0,75,117,1,provider_c
146,9104266,2025-01-29 18:48:00,recommendation,0,,0,,0,,push,,0,34,97,0,provider_c
147,9104266,2025-02-10 10:43:00,cart_reminder,0,,0,,0,,push,,0,65,106,1,provider_a
148,9104266,2025-02-12 11:48:00,price_drop,1,2025-02-12 13:16:00,1,2025-02-12 13:30:00,0,,push,,0,72,80,0,provider_b
149,9104266,2025-04-23 11:38:00,cart_reminder,0,,0,,0,,push,,0,44,102,1,provider_a
150,9104266,2025-07-01 17:46:00,recommendation,0,,0,,0,,push,,0,75,107,1,provider_a
151,9104266,2025-07-22 18:20:00,price_drop,0,,0,,0,,push,,0,19,82,0,provider_c
152,9104266,2025-08-09 14:10:00,cart_reminder,0,,0,,0,,push,,0,23,51,0,provider_a
153,9104266,2025-08-15 18:46:00,recommendation,0,,0,,0,,push,,0,67,92,0,provider_a
154,9104266,2025-09-16 16:14:00,recommendation,0,,0,,0,,push,,0,41,72,1,provider_b
155,9104266,2025-09-17 17:48:00,price_drop,1,2025-09-17 18:32:00,0,,0,,push,,0,31,169,1,provider_a
156,9104266,2025-09-21 20:15:00,recommendation,0,,0,,0,,push,,0,33,85,1,provider_b
157,9104266,2025-10-10 16:56:00,cart_reminder,1,2025-10-10 19:41:00,1,2025-10-10 20:01:00,0,,push,,0,21,80,0,provider_c
158,9104266,2025-10-17 18:36:00,cart_reminder,0,,0,,0,,push,,0,67,120,0,provider_c
159,9104266,2025-10-31 11:10:00,recommendation,0,,0,,0,,push,,0,74,70,0,provider_a
160,9104266,2025-11-07 16:05:00,cart_reminder,0,,0,,0,,push,,0,79,86,0,provider_a
161,9104266,2025-11-29 10:37:00,category_sale,0,,0,,0,,push,,0,29,72,1,provider_a
162,9104266,2026-01-28 09:17:00,promo,0,,0,,0,,push,,0,75,75,1,provider_a
163,9104266,2026-02-02 16:27:00,category_sale,0,,0,,0,,push,,0,71,54,0,provider_c
164,9104266,2026-02-03 18:20:00,cart_reminder,1,2026-02-03 19:00:00,0,,0,,push,,0,32,80,0,provider_a
165,9104266,2026-02-05 14:02:00,promo,0,,0,,0,,push,,0,76,59,1,provider_a
166,9104266,2026-03-03 12:18:00,promo,0,,0,,0,,push,,0,30,59,1,provider_a
167,9104266,2026-03-25 16:53:00,category_sale,1,2026-03-25 18:53:00,0,,0,,push,,0,66,144,1,provider_a
168,9104266,2026-04-18 20:35:00,price_drop,1,2026-04-18 23:03:00,0,,0,,push,,0,65,153,0,provider_b
169,9020295,2026-03-12 11:09:00,price_drop,0,,0,,0,,push,,1,63,100,1,provider_c
170,9020295,2026-03-13 18:30:00,category_sale,1,2026-03-13 21:10:00,0,,0,,push,,0,56,153,0,provider_c
171,9020295,2026-03-14 12:57:00,promo,1,2026-03-14 13:02:00,0,,0,,push,,0,73,97,0,provider_a
172,9020295,2026-03-15 15:41:00,promo,0,,0,,0,,push,,0,75,123,0,provider_a
173,9020295,2026-03-16 16:33:00,category_sale,0,,0,,0,,push,,0,59,48,1,provider_a
174,9020295,2026-03-17 12:52:00,recommendation,0,,0,,0,,push,,0,42,139,1,provider_a
175,9020295,2026-03-18 12:26:00,recommendation,0,,0,,0,,push,,0,36,81,0,provider_a
176,9020295,2026-03-19 15:58:00,promo,0,,0,,0,,push,,0,26,59,1,provider_a
177,9020295,2026-03-21 19:01:00,recommendation,0,,0,,0,,push,,0,63,44,0,provider_a
178,9020295,2026-03-22 14:16:00,recommendation,0,,0,,0,,push,,0,67,77,0,provider_b
179,9020295,2026-03-23 18:33:00,promo,0,,0,,0,,push,,0,44,65,1,provider_b
180,9020295,2026-03-24 09:44:00,cart_reminder,0,,0,,0,,push,,0,39,51,1,provider_a
181,9020295,2026-03-25 15:33:00,promo,0,,0,,0,,push,,0,22,170,1,provider_a
182,9020295,2026-03-26 13:18:00,cart_reminder,0,,0,,0,,push,,0,74,64,1,provider_a
183,9020295,2026-03-27 18:15:00,cart_reminder,0,,0,,0,,push,,0,65,53,0,provider_b
184,9020295,2026-03-28 19:40:00,promo,0,,0,,0,,push,,0,49,73,1,provider_c
185,9020295,2026-03-29 12:40:00,cart_reminder,0,,0,,0,,push,,0,39,129,1,provider_b
186,9020295,2026-03-30 16:38:00,cart_reminder,0,,0,,0,,push,,0,65,176,0,provider_a
187,9020295,2026-03-31 09:52:00,promo,0,,0,,0,,push,,0,62,173,0,provider_a
188,9020295,2026-04-01 11:04:00,promo,0,,0,,0,,push,,0,22,137,1,provider_c
189,9020295,2026-04-03 12:04:00,recommendation,0,,0,,0,,push,,0,48,42,0,provider_a
190,9020295,2026-04-05 19:05:00,cart_reminder,0,,0,,0,,push,,0,71,176,0,provider_a
191,9020295,2026-04-06 15:18:00,recommendation,0,,0,,0,,push,,0,62,87,1,provider_c
192,9020295,2026-04-07 19:26:00,price_drop,0,,0,,0,,push,,0,73,156,1,provider_c
193,9020295,2026-04-08 17:03:00,recommendation,0,,0,,0,,push,,0,42,125,0,provider_b
194,9020295,2026-04-09 11:17:00,promo,0,,0,,0,,push,,0,67,63,1,provider_b
195,9020295,2026-04-10 19:05:00,recommendation,0,,0,,0,,push,,0,62,164,1,provider_a
196,9020295,2026-04-11 17:09:00,cart_reminder,0,,0,,0,,push,,0,63,172,1,provider_a
197,9020295,2026-04-12 14:08:00,cart_reminder,0,,0,,0,,push,,0,64,161,0,provider_c
198,9020295,2026-04-13 16:06:00,cart_reminder,0,,0,,0,,push,,0,39,136,1,provider_c
199,9020295,2026-04-14 11:29:00,price_drop,0,,0,,0,,push,,0,75,121,0,provider_a
200,9020295,2026-04-15 20:59:00,price_drop,0,,0,,0,,push,,0,76,60,0,provider_a
201,9020295,2026-04-16 16:46:00,category_sale,0,,0,,0,,push,,0,78,165,1,provider_b
202,9020295,2026-04-17 09:09:00,price_drop,0,,0,,0,,push,,0,66,166,0,provider_b
203,9020295,2026-04-18 13:21:00,cart_reminder,0,,0,,0,,push,,0,33,146,0,provider_a
204,9020295,2026-04-19 11:19:00,promo,0,,0,,0,,push,,0,26,53,1,provider_a
205,9020295,2026-04-22 13:03:00,recommendation,0,,0,,0,,push,,1,64,90,0,provider_b
206,9020295,2026-04-23 15:09:00,recommendation,0,,0,,0,,push,,0,35,90,0,provider_a
207,9020295,2026-04-24 16:40:00,promo,0,,0,,0,,push,,0,38,149,0,provider_a
208,9020295,2026-04-25 13:48:00,promo,0,,0,,0,,push,,0,28,163,0,provider_a
209,9020295,2026-04-26 17:34:00,price_drop,0,,0,,0,,push,,0,26,169,0,provider_a
210,9020295,2026-04-27 16:00:00,price_drop,0,,0,,0,,push,,0,63,146,0,provider_a
211,9020295,2026-04-29 12:26:00,recommendation,0,,0,,0,,push,,0,23,154,1,provider_c
212,9020295,2026-04-30 13:14:00,promo,0,,0,,0,,push,,0,35,132,0,provider_c
213,9020295,2026-05-01 17:59:00,promo,0,,0,,0,,push,,0,46,168,0,provider_a
214,9105073,2024-07-21 14:13:00,recommendation,1,2024-07-21 16:25:00,0,,0,,push,,0,60,70,0,provider_b
215,9105073,2024-07-27 20:18:00,promo,0,,0,,0,,push,,0,21,101,0,provider_a
216,9105073,2024-08-06 18:43:00,price_drop,0,,0,,0,,push,,0,43,154,1,provider_b
217,9105073,2024-08-23 15:41:00,recommendation,0,,0,,0,,push,,0,28,129,1,provider_b
218,9105073,2024-09-10 09:39:00,price_drop,0,,0,,0,,push,,0,25,139,1,provider_a
219,9105073,2024-09-19 10:05:00,recommendation,0,,0,,0,,push,,0,31,61,1,provider_a
220,9105073,2024-10-07 20:22:00,category_sale,0,,0,,0,,push,,0,18,68,0,provider_b
221,9105073,2024-10-27 20:50:00,category_sale,0,,0,,0,,push,,0,27,71,1,provider_a
222,9105073,2024-11-06 11:50:00,promo,0,,0,,0,,push,,0,68,144,1,provider_b
223,9105073,2024-11-10 10:35:00,recommendation,0,,0,,0,,push,,0,76,48,0,provider_b
224,9105073,2024-12-19 11:28:00,price_drop,0,,0,,0,,push,,0,77,112,1,provider_a
225,9105073,2024-12-25 20:14:00,category_sale,0,,0,,0,,push,,0,40,162,1,provider_a
226,9105073,2025-01-06 09:50:00,recommendation,0,,0,,0,,push,,0,48,95,0,provider_a
227,9105073,2025-01-14 17:04:00,promo,0,,0,,0,,push,,0,29,118,1,provider_a
228,9105073,2025-01-18 20:38:00,cart_reminder,0,,0,,0,,push,,0,67,111,1,provider_b
229,9105073,2025-02-13 15:18:00,price_drop,0,,0,,0,,push,,0,48,66,0,provider_b
230,9105073,2025-02-24 13:35:00,promo,0,,0,,0,,push,,0,20,84,0,provider_b
231,9105073,2025-03-03 09:51:00,price_drop,1,2025-03-03 11:42:00,0,,0,,push,,0,43,52,0,provider_a
232,9105073,2025-03-11 18:57:00,recommendation,0,,0,,0,,push,,0,18,139,0,provider_b
233,9105073,2025-03-28 13:52:00,cart_reminder,0,,0,,0,,push,,0,42,51,1,provider_b
234,9105073,2025-04-12 12:33:00,recommendation,0,,0,,0,,push,,0,47,114,0,provider_b
235,9105073,2025-04-14 11:28:00,recommendation,0,,0,,0,,push,,0,61,57,0,provider_c
236,9105073,2025-04-19 12:50:00,recommendation,0,,0,,0,,push,,0,25,133,1,provider_b
237,9105073,2025-05-02 09:40:00,category_sale,0,,0,,0,,push,,0,29,124,1,provider_a
238,9105073,2025-06-08 14:31:00,category_sale,0,,0,,0,,push,,0,70,178,0,provider_a
239,9105073,2025-07-09 10:31:00,price_drop,0,,0,,0,,push,,0,22,123,1,provider_b
240,9105073,2025-07-13 09:13:00,price_drop,0,,0,,0,,push,,0,29,75,0,provider_a
241,9105073,2025-07-16 20:30:00,category_sale,0,,0,,0,,push,,0,41,134,0,provider_a
242,9105073,2025-07-17 12:37:00,promo,0,,0,,0,,push,,0,61,117,0,provider_c
243,9105073,2025-08-11 14:25:00,recommendation,0,,0,,0,,push,,0,29,86,1,provider_a
244,9105073,2025-08-25 11:37:00,recommendation,0,,0,,0,,push,,0,60,58,0,provider_c
245,9105073,2025-09-10 12:53:00,recommendation,0,,0,,0,,push,,0,77,47,1,provider_a
246,9105073,2025-09-13 15:59:00,recommendation,0,,0,,0,,push,,0,79,118,1,provider_b
247,9105073,2025-10-01 10:59:00,category_sale,0,,0,,0,,push,,0,50,66,1,provider_a
248,9105073,2025-10-19 11:19:00,promo,1,2025-10-19 13:43:00,0,,0,,push,,0,51,155,0,provider_a
249,9105073,2025-11-07 13:44:00,promo,0,,0,,0,,push,,0,57,52,0,provider_a
250,9105073,2025-11-12 19:42:00,promo,0,,0,,0,,push,,0,61,121,0,provider_a
251,9105073,2025-11-27 18:24:00,promo,0,,0,,0,,push,,0,20,99,0,provider_a
252,9105073,2025-12-11 11:27:00,recommendation,0,,0,,0,,push,,0,79,47,1,provider_a
253,9105073,2025-12-15 19:32:00,recommendation,1,2025-12-15 21:40:00,0,,0,,push,,0,51,179,0,provider_c
254,9105073,2025-12-19 19:41:00,category_sale,0,,0,,0,,push,,0,68,86,1,provider_a
255,9105073,2026-01-02 16:55:00,promo,0,,0,,0,,push,,0,26,79,1,provider_c
256,9105073,2026-01-13 14:59:00,recommendation,0,,0,,0,,push,,0,39,116,0,provider_a
257,9105073,2026-02-16 13:22:00,price_drop,0,,0,,0,,push,,0,46,150,1,provider_b
258,9105073,2026-03-20 15:37:00,recommendation,0,,0,,0,,push,,0,37,147,0,provider_a
259,9105073,2026-03-26 19:52:00,recommendation,0,,0,,0,,push,,0,75,40,0,provider_c
260,9105073,2026-03-27 14:17:00,price_drop,0,,0,,0,,push,,0,33,143,1,provider_b
261,9105073,2026-04-20 09:55:00,category_sale,0,,0,,0,,push,,0,32,174,1,provider_b
262,9105073,2026-04-28 19:47:00,promo,0,,0,,0,,push,,0,66,138,0,provider_a
263,9114668,2024-08-05 16:02:00,promo,0,,0,,0,,push,,0,37,51,0,provider_a
264,9114668,2024-09-03 16:21:00,promo,0,,0,,0,,push,,0,19,126,1,provider_a
265,9114668,2024-09-07 15:10:00,promo,0,,0,,0,,push,,0,66,124,1,provider_b
266,9114668,2024-09-12 13:58:00,category_sale,0,,0,,0,,push,,0,41,135,0,provider_b
267,9114668,2024-09-14 12:07:00,promo,0,,0,,0,,push,,0,59,136,0,provider_a
268,9114668,2024-09-20 14:10:00,recommendation,0,,0,,0,,push,,0,31,117,1,provider_b
269,9114668,2024-09-29 10:40:00,promo,1,2024-09-29 12:59:00,1,2024-09-29 13:39:00,0,,push,,0,31,136,0,provider_a
270,9114668,2024-10-02 18:37:00,recommendation,1,2024-10-02 21:18:00,0,,0,,push,,0,64,71,1,provider_c
271,9114668,2024-10-09 17:55:00,promo,1,2024-10-09 19:39:00,0,,0,,push,,0,52,119,1,provider_c
272,9114668,2024-11-02 15:09:00,price_drop,1,2024-11-02 17:16:00,0,,0,,push,,0,71,81,1,provider_c
273,9114668,2024-11-12 13:14:00,cart_reminder,1,2024-11-12 15:26:00,0,,0,,push,,0,18,166,1,provider_a
274,9114668,2024-12-12 16:54:00,cart_reminder,0,,0,,0,,push,,0,46,122,1,provider_a
275,9114668,2024-12-16 18:28:00,price_drop,1,2024-12-16 19:58:00,1,2024-12-16 20:51:00,0,,push,,0,18,93,1,provider_c
276,9114668,2024-12-24 14:20:00,promo,0,,0,,0,,push,,0,40,172,0,provider_a
277,9114668,2025-01-11 11:02:00,recommendation,0,,0,,0,,push,,0,56,96,1,provider_a
278,9114668,2025-01-15 16:49:00,price_drop,0,,0,,0,,push,,0,26,75,1,provider_c
279,9114668,2025-01-16 16:15:00,promo,0,,0,,0,,push,,0,44,139,1,provider_a
280,9114668,2025-01-19 13:07:00,promo,0,,0,,0,,push,,1,25,143,0,provider_a
281,9114668,2025-02-14 17:44:00,price_drop,1,2025-02-14 19:09:00,1,2025-02-14 19:45:00,0,,push,,0,72,70,1,provider_a
282,9114668,2025-02-27 19:18:00,recommendation,0,,0,,0,,push,,0,31,139,0,provider_a
283,9114668,2025-03-05 20:04:00,cart_reminder,0,,0,,0,,push,,0,62,163,0,provider_b
284,9114668,2025-03-07 11:35:00,promo,0,,0,,0,,push,,0,73,103,1,provider_a
285,9114668,2025-03-12 14:34:00,category_sale,0,,0,,0,,push,,0,24,62,0,provider_b
286,9114668,2025-03-13 19:44:00,promo,0,,0,,0,,push,,0,75,131,1,provider_a
287,9114668,2025-03-22 15:15:00,price_drop,0,,0,,0,,push,,0,75,46,0,provider_a
288,9114668,2025-03-24 20:22:00,category_sale,0,,0,,0,,push,,0,34,143,1,provider_b
289,9114668,2025-04-03 14:41:00,cart_reminder,0,,0,,0,,push,,0,35,58,0,provider_a
290,9114668,2025-05-01 12:09:00,recommendation,0,,0,,0,,push,,0,37,137,1,provider_a
291,9114668,2025-05-24 10:10:00,category_sale,1,2025-05-24 11:25:00,0,,0,,push,,0,59,62,0,provider_a
292,9114668,2025-06-17 15:09:00,recommendation,0,,0,,0,,push,,0,50,121,0,provider_c
293,9114668,2025-07-02 13:48:00,category_sale,0,,0,,0,,push,,0,31,144,0,provider_b
294,9114668,2025-07-10 12:51:00,recommendation,0,,0,,0,,push,,0,59,170,1,provider_b
295,9114668,2025-08-18 19:20:00,promo,0,,0,,0,,push,,0,78,95,0,provider_b
296,9114668,2025-08-21 19:25:00,cart_reminder,0,,0,,0,,push,,0,45,140,1,provider_a
297,9114668,2025-08-22 18:37:00,cart_reminder,0,,0,,0,,push,,0,58,158,0,provider_b
298,9114668,2025-09-01 15:47:00,cart_reminder,0,,0,,0,,push,,0,68,56,1,provider_a
299,9114668,2025-10-14 10:04:00,promo,0,,0,,0,,push,,0,34,143,0,provider_a
300,9114668,2025-10-16 11:30:00,recommendation,0,,0,,0,,push,,0,23,78,0,provider_c
301,9114668,2025-10-22 11:26:00,promo,0,,0,,0,,push,,0,68,56,1,provider_a
302,9114668,2025-11-01 19:07:00,category_sale,1,2025-11-01 22:06:00,0,,0,,push,,0,41,53,0,provider_a
303,9114668,2025-11-16 20:25:00,recommendation,0,,0,,0,,push,,0,60,89,0,provider_a
304,9114668,2025-12-09 11:55:00,category_sale,0,,0,,0,,push,,0,20,56,1,provider_b
305,9114668,2025-12-20 14:22:00,promo,1,2025-12-20 14:35:00,1,2025-12-20 14:42:00,1,2025-12-20 16:16:00,push,push_promo_202512,0,78,125,1,provider_b
306,9114668,2025-12-21 14:42:00,promo,0,,0,,0,,push,,0,40,62,1,provider_b
307,9114668,2025-12-31 17:57:00,category_sale,1,2025-12-31 20:02:00,0,,0,,push,,0,68,134,1,provider_b
308,9114668,2026-01-22 19:24:00,recommendation,1,2026-01-22 21:21:00,0,,0,,push,,1,36,172,1,provider_a
309,9114668,2026-02-22 17:58:00,price_drop,0,,0,,0,,push,,0,21,75,1,provider_a
310,9114668,2026-02-23 16:02:00,recommendation,0,,0,,0,,push,,0,59,71,1,provider_b
311,9114668,2026-03-20 18:59:00,category_sale,0,,0,,0,,push,,0,63,97,1,provider_a
312,9114668,2026-03-22 09:02:00,cart_reminder,1,2026-03-22 11:58:00,0,,0,,push,,0,64,129,0,provider_b
313,9114668,2026-03-25 20:31:00,price_drop,1,2026-03-25 23:10:00,0,,0,,push,,0,73,164,0,provider_c
314,9114668,2026-04-02 18:01:00,recommendation,0,,0,,0,,push,,0,54,135,0,provider_a
315,9114668,2026-04-07 17:21:00,recommendation,0,,0,,0,,push,,0,50,121,0,provider_a
316,9114668,2026-04-17 09:13:00,price_drop,0,,0,,0,,push,,0,74,173,1,provider_a
317,9115260,2024-07-07 16:07:00,recommendation,0,,0,,0,,push,,0,35,74,1,provider_b
318,9115260,2024-07-16 17:17:00,price_drop,0,,0,,0,,push,,0,62,177,1,provider_b
319,9115260,2024-08-04 14:38:00,promo,0,,0,,0,,push,,0,76,68,1,provider_c
320,9115260,2024-08-19 11:09:00,recommendation,1,2024-08-19 11:50:00,1,2024-08-19 12:39:00,0,,push,,0,48,88,0,provider_b
321,9115260,2024-08-20 20:38:00,category_sale,1,2024-08-20 22:09:00,1,2024-08-20 22:28:00,0,,push,,0,28,161,0,provider_a
322,9115260,2024-09-21 11:11:00,price_drop,0,,0,,0,,push,,0,36,144,1,provider_b
323,9115260,2024-09-30 15:31:00,category_sale,0,,0,,0,,push,,0,62,41,0,provider_c
324,9115260,2024-10-03 09:18:00,recommendation,0,,0,,0,,push,,0,52,142,0,provider_c
325,9115260,2024-10-07 20:42:00,cart_reminder,1,2024-10-07 23:39:00,1,2024-10-08 00:24:00,0,,push,,1,60,72,1,provider_c
326,9115260,2024-10-15 12:15:00,category_sale,1,2024-10-15 13:21:00,0,,0,,push,,0,42,150,1,provider_a
327,9115260,2024-10-24 17:24:00,promo,0,,0,,0,,push,,0,61,163,1,provider_a
328,9115260,2024-10-27 19:58:00,promo,1,2024-10-27 21:14:00,0,,0,,push,,0,46,46,0,provider_a
329,9115260,2024-10-30 10:35:00,promo,0,,0,,0,,push,,0,40,72,0,provider_a
330,9115260,2024-11-02 09:06:00,recommendation,0,,0,,0,,push,,0,63,125,0,provider_b
331,9115260,2024-11-10 19:52:00,promo,0,,0,,0,,push,,0,23,107,0,provider_b
332,9115260,2024-11-13 16:39:00,category_sale,1,2024-11-13 18:51:00,0,,0,,push,,0,75,59,1,provider_a
333,9115260,2024-11-15 16:36:00,recommendation,0,,0,,0,,push,,0,26,156,1,provider_a
334,9115260,2024-11-23 09:03:00,promo,1,2024-11-23 10:00:00,1,2024-11-23 10:33:00,0,,push,,0,21,87,0,provider_a
335,9115260,2024-11-26 15:00:00,recommendation,0,,0,,0,,push,,0,46,129,1,provider_b
336,9115260,2024-11-27 11:37:00,category_sale,0,,0,,0,,push,,0,22,99,1,provider_b
337,9115260,2024-11-28 11:19:00,category_sale,0,,0,,0,,push,,0,32,63,1,provider_c
338,9115260,2024-11-30 09:35:00,recommendation,0,,0,,0,,push,,0,18,58,1,provider_c
339,9115260,2024-12-07 19:50:00,category_sale,1,2024-12-07 20:19:00,0,,0,,push,,1,57,95,1,provider_a
340,9115260,2024-12-12 19:25:00,promo,1,2024-12-12 21:46:00,0,,0,,push,,0,52,154,1,provider_a
341,9115260,2024-12-23 16:38:00,promo,0,,0,,0,,push,,0,24,145,0,provider_a
342,9115260,2024-12-26 18:57:00,cart_reminder,0,,0,,0,,push,,0,52,132,1,provider_b
343,9115260,2025-01-04 17:16:00,promo,1,2025-01-04 19:08:00,0,,0,,push,,0,20,79,1,provider_a
344,9115260,2025-01-18 11:42:00,recommendation,0,,0,,0,,push,,0,50,115,1,provider_a
345,9115260,2025-01-19 12:53:00,promo,0,,0,,0,,push,,0,61,101,1,provider_a
346,9115260,2025-01-22 16:40:00,recommendation,0,,0,,0,,push,,0,70,115,0,provider_a
347,9115260,2025-01-26 18:49:00,cart_reminder,0,,0,,0,,push,,0,26,173,1,provider_a
348,9115260,2025-01-27 10:36:00,price_drop,1,2025-01-27 12:52:00,0,,0,,push,,0,30,70,1,provider_a
349,9115260,2025-01-30 09:42:00,recommendation,0,,0,,0,,push,,0,45,143,0,provider_a
350,9115260,2025-02-17 14:53:00,cart_reminder,0,,0,,0,,push,,0,72,100,1,provider_b
351,9115260,2025-02-18 09:56:00,cart_reminder,1,2025-02-18 11:29:00,1,2025-02-18 11:55:00,0,,push,,1,42,127,0,provider_c
352,9115260,2025-02-23 13:38:00,category_sale,1,2025-02-23 15:31:00,1,2025-02-23 16:18:00,0,,push,,0,29,101,1,provider_a
353,9115260,2025-02-24 20:44:00,cart_reminder,0,,0,,0,,push,,0,46,126,0,provider_a
354,9115260,2025-04-04 20:41:00,cart_reminder,0,,0,,0,,push,,0,29,126,0,provider_b
355,9115260,2025-04-08 12:55:00,promo,0,,0,,0,,push,,0,26,47,0,provider_b
356,9115260,2025-04-14 13:09:00,price_drop,0,,0,,0,,push,,0,71,40,1,provider_b
357,9115260,2025-04-22 12:13:00,cart_reminder,0,,0,,0,,push,,0,53,159,1,provider_a
358,9115260,2025-04-26 19:35:00,promo,0,,0,,0,,push,,0,31,57,0,provider_b
359,9115260,2025-05-04 16:26:00,recommendation,1,2025-05-04 18:33:00,0,,0,,push,,0,58,61,1,provider_c
360,9115260,2025-06-07 14:37:00,cart_reminder,1,2025-06-07 16:43:00,1,2025-06-07 17:04:00,0,,push,,0,74,176,0,provider_a
361,9115260,2025-06-15 09:23:00,recommendation,1,2025-06-15 11:10:00,0,,0,,push,,0,23,77,1,provider_a
362,9115260,2025-06-19 15:17:00,category_sale,1,2025-06-19 16:08:00,0,,0,,push,,0,55,117,1,provider_a
363,9115260,2025-06-27 13:01:00,promo,1,2025-06-27 15:22:00,0,,0,,push,,0,34,144,0,provider_b
364,9115260,2025-07-11 14:04:00,recommendation,0,,0,,0,,push,,0,75,64,0,provider_a
365,9115260,2025-07-27 09:52:00,recommendation,1,2025-07-27 12:14:00,0,,0,,push,,0,56,163,1,provider_a
366,9115260,2025-07-28 18:21:00,recommendation,0,,0,,0,,push,,0,31,167,1,provider_b
367,9115260,2025-08-06 18:46:00,cart_reminder,0,,0,,0,,push,,0,25,44,0,provider_a
368,9115260,2025-08-07 20:05:00,promo,1,2025-08-07 22:32:00,1,2025-08-07 22:58:00,0,,push,,0,67,109,0,provider_b
369,9115260,2025-08-25 19:22:00,recommendation,1,2025-08-25 19:54:00,1,2025-08-25 20:39:00,1,2025-08-25 21:04:00,push,push_recommendation_202508,0,39,116,0,provider_c
370,9115260,2025-09-02 09:18:00,promo,1,2025-09-02 09:45:00,0,,0,,push,,0,21,159,0,provider_c
371,9115260,2025-09-04 14:00:00,price_drop,1,2025-09-04 15:11:00,0,,0,,push,,0,43,44,0,provider_b
372,9115260,2025-09-09 16:45:00,price_drop,1,2025-09-09 19:00:00,1,2025-09-09 19:24:00,1,2025-09-09 20:09:00,push,push_price_drop_202509,0,18,142,1,provider_a
373,9115260,2025-09-28 13:28:00,promo,1,2025-09-28 16:08:00,1,2025-09-28 16:55:00,0,,push,,0,45,179,0,provider_a
374,9115260,2025-10-01 14:58:00,price_drop,0,,0,,0,,push,,0,31,50,1,provider_b
375,9115260,2025-10-02 15:47:00,cart_reminder,1,2025-10-02 16:06:00,1,2025-10-02 16:34:00,0,,push,,0,51,77,1,provider_a
376,9115260,2025-10-07 15:18:00,recommendation,0,,0,,0,,push,,0,32,126,0,provider_a
377,9115260,2025-10-12 09:17:00,promo,0,,0,,0,,push,,0,54,116,0,provider_a
378,9115260,2025-10-19 14:09:00,price_drop,0,,0,,0,,push,,0,63,112,0,provider_a
379,9115260,2025-10-21 12:39:00,cart_reminder,0,,0,,0,,push,,0,36,139,1,provider_a
380,9115260,2025-10-28 12:05:00,recommendation,0,,0,,0,,push,,0,38,165,0,provider_a
381,9115260,2025-11-16 11:49:00,price_drop,0,,0,,0,,push,,0,62,98,0,provider_b
382,9115260,2025-12-01 17:33:00,promo,1,2025-12-01 17:57:00,0,,0,,push,,0,37,56,1,provider_b
383,9115260,2025-12-03 11:54:00,price_drop,1,2025-12-03 14:42:00,0,,0,,push,,0,54,77,0,provider_b
384,9115260,2025-12-05 09:56:00,promo,1,2025-12-05 11:37:00,0,,0,,push,,0,22,154,0,provider_a
385,9115260,2025-12-06 11:20:00,promo,1,2025-12-06 13:14:00,0,,0,,push,,0,52,57,0,provider_b
386,9115260,2025-12-14 11:38:00,recommendation,0,,0,,0,,push,,0,21,53,1,provider_a
387,9115260,2026-01-04 11:25:00,price_drop,0,,0,,0,,push,,0,24,109,1,provider_b
388,9115260,2026-02-12 15:47:00,promo,1,2026-02-12 17:16:00,1,2026-02-12 17:33:00,0,,push,,0,52,154,1,provider_a
389,9115260,2026-02-20 15:04:00,recommendation,0,,0,,0,,push,,0,74,171,1,provider_a
390,9115260,2026-04-13 10:27:00,cart_reminder,1,2026-04-13 12:33:00,0,,0,,push,,0,62,159,1,provider_a
391,9115260,2026-04-20 12:38:00,price_drop,0,,0,,0,,push,,0,58,125,1,provider_a
392,9115260,2026-04-21 10:34:00,promo,0,,0,,0,,push,,0,31,117,1,provider_b
393,9115260,2026-04-22 17:48:00,cart_reminder,1,2026-04-22 19:47:00,1,2026-04-22 20:26:00,0,,push,,0,37,173,0,provider_a
394,9017385,2024-08-09 11:10:00,price_drop,0,,0,,0,,push,,0,41,135,0,provider_b
395,9017385,2024-08-13 18:08:00,promo,0,,0,,0,,push,,0,54,114,1,provider_b
396,9017385,2024-08-15 12:45:00,category_sale,0,,0,,0,,push,,0,21,147,1,provider_b
397,9017385,2024-08-21 10:13:00,cart_reminder,0,,0,,0,,push,,0,23,86,0,provider_a
398,9017385,2024-09-02 20:37:00,price_drop,1,2024-09-02 22:11:00,0,,0,,push,,0,50,106,1,provider_b
399,9017385,2024-09-04 20:34:00,promo,0,,0,,0,,push,,0,75,85,1,provider_c
400,9017385,2024-09-16 14:06:00,recommendation,1,2024-09-16 14:28:00,0,,0,,push,,0,18,108,0,provider_b
401,9017385,2024-10-08 13:50:00,recommendation,0,,0,,0,,push,,0,77,96,0,provider_b
402,9017385,2024-10-24 15:10:00,cart_reminder,0,,0,,0,,push,,0,62,41,0,provider_b
403,9017385,2024-10-27 14:19:00,price_drop,1,2024-10-27 17:01:00,0,,0,,push,,0,63,62,1,provider_a
404,9017385,2024-11-05 15:21:00,cart_reminder,0,,0,,0,,push,,0,39,169,0,provider_b
405,9017385,2024-11-07 17:57:00,recommendation,0,,0,,0,,push,,0,59,48,1,provider_a
406,9017385,2024-11-22 12:05:00,price_drop,0,,0,,0,,push,,0,22,65,0,provider_b
407,9017385,2024-12-06 15:15:00,recommendation,1,2024-12-06 17:27:00,0,,0,,push,,0,58,50,1,provider_c
408,9017385,2024-12-11 11:56:00,recommendation,0,,0,,0,,push,,0,19,109,0,provider_b
409,9017385,2025-01-10 18:35:00,promo,0,,0,,0,,push,,0,18,57,1,provider_a
410,9017385,2025-01-19 14:35:00,category_sale,1,2025-01-19 17:32:00,0,,0,,push,,0,78,100,0,provider_b
411,9017385,2025-01-27 15:54:00,recommendation,1,2025-01-27 18:27:00,0,,0,,push,,0,42,98,0,provider_a
412,9017385,2025-02-16 17:09:00,cart_reminder,0,,0,,0,,push,,0,70,108,1,provider_b
413,9017385,2025-02-18 16:27:00,recommendation,0,,0,,0,,push,,0,59,52,1,provider_b
414,9017385,2025-02-22 20:16:00,promo,1,2025-02-22 22:11:00,0,,0,,push,,0,41,93,1,provider_a
415,9017385,2025-02-23 19:13:00,cart_reminder,1,2025-02-23 21:33:00,0,,0,,push,,0,63,177,0,provider_b
416,9017385,2025-02-26 17:35:00,promo,0,,0,,0,,push,,0,67,128,0,provider_a
417,9017385,2025-03-01 19:54:00,promo,0,,0,,0,,push,,0,68,52,0,provider_a
418,9017385,2025-04-16 15:41:00,promo,0,,0,,0,,push,,0,37,108,0,provider_b
419,9017385,2025-04-19 09:16:00,recommendation,0,,0,,0,,push,,0,64,54,0,provider_a
420,9017385,2025-04-23 09:14:00,promo,0,,0,,0,,push,,0,64,166,0,provider_c
421,9017385,2025-04-24 12:57:00,price_drop,0,,0,,0,,push,,0,23,164,0,provider_a
422,9017385,2025-05-07 09:03:00,cart_reminder,1,2025-05-07 09:25:00,0,,0,,push,,0,63,105,1,provider_a
423,9017385,2025-05-16 18:47:00,cart_reminder,1,2025-05-16 21:37:00,0,,0,,push,,0,36,62,0,provider_b
424,9017385,2025-06-02 19:54:00,promo,0,,0,,0,,push,,0,59,99,1,provider_c
425,9017385,2025-06-05 15:05:00,recommendation,0,,0,,0,,push,,0,19,165,1,provider_b
426,9017385,2025-06-20 13:32:00,promo,1,2025-06-20 15:36:00,0,,0,,push,,0,57,165,0,provider_a
427,9017385,2025-06-24 11:01:00,category_sale,0,,0,,0,,push,,0,58,87,0,provider_c
428,9017385,2025-06-26 15:50:00,promo,0,,0,,0,,push,,0,68,122,0,provider_c
429,9017385,2025-07-14 16:00:00,recommendation,0,,0,,0,,push,,0,60,73,1,provider_a
430,9017385,2025-07-20 12:47:00,promo,0,,0,,0,,push,,0,63,50,1,provider_b
431,9017385,2025-07-24 12:09:00,price_drop,1,2025-07-24 12:25:00,0,,0,,push,,0,65,151,1,provider_a
432,9017385,2025-07-26 17:42:00,recommendation,0,,0,,0,,push,,0,67,65,0,provider_c
433,9017385,2025-09-04 20:11:00,recommendation,1,2025-09-04 22:55:00,0,,0,,push,,0,26,51,1,provider_a
434,9017385,2025-09-27 10:56:00,recommendation,0,,0,,0,,push,,0,48,138,1,provider_c
435,9017385,2025-10-12 14:14:00,cart_reminder,0,,0,,0,,push,,0,47,70,0,provider_b
436,9017385,2025-10-13 09:44:00,promo,0,,0,,0,,push,,0,53,92,1,provider_a
437,9017385,2025-10-17 13:06:00,recommendation,0,,0,,0,,push,,0,23,123,0,provider_a
438,9017385,2025-10-28 15:39:00,recommendation,0,,0,,0,,push,,0,26,67,1,provider_b
439,9017385,2025-10-31 12:31:00,category_sale,0,,0,,0,,push,,0,71,116,0,provider_c
440,9017385,2025-11-27 13:56:00,recommendation,0,,0,,0,,push,,0,59,90,0,provider_a
441,9017385,2025-12-05 11:15:00,cart_reminder,0,,0,,0,,push,,0,24,56,0,provider_a
442,9017385,2025-12-29 13:52:00,promo,0,,0,,0,,push,,0,75,151,0,provider_c
443,9017385,2026-01-12 15:45:00,cart_reminder,0,,0,,0,,push,,0,76,177,0,provider_a
444,9017385,2026-01-22 19:41:00,promo,0,,0,,0,,push,,0,60,95,0,provider_a
445,9017385,2026-02-08 11:07:00,recommendation,0,,0,,0,,push,,0,21,83,1,provider_a
446,9017385,2026-03-09 13:14:00,recommendation,1,2026-03-09 13:58:00,1,2026-03-09 14:48:00,0,,push,,0,45,120,0,provider_b
447,9017385,2026-03-17 19:29:00,promo,0,,0,,0,,push,,0,24,119,0,provider_b
448,9017385,2026-04-03 20:40:00,promo,0,,0,,0,,push,,0,35,102,1,provider_c
449,9085854,2024-07-26 11:09:00,price_drop,0,,0,,0,,push,,0,47,149,0,provider_b
450,9085854,2024-08-27 11:34:00,recommendation,1,2024-08-27 12:54:00,1,2024-08-27 13:33:00,0,,push,,0,52,136,1,provider_b
451,9085854,2024-09-15 09:54:00,promo,0,,0,,0,,push,,0,58,167,0,provider_a
452,9085854,2024-09-20 14:45:00,recommendation,0,,0,,0,,push,,0,27,112,0,provider_a
453,9085854,2024-10-12 19:27:00,promo,1,2024-10-12 20:03:00,0,,0,,push,,0,34,70,0,provider_a
454,9085854,2024-10-14 12:14:00,promo,0,,0,,0,,push,,0,20,101,0,provider_a
455,9085854,2024-10-19 11:49:00,recommendation,0,,0,,0,,push,,0,31,48,0,provider_c
456,9085854,2024-10-23 13:59:00,cart_reminder,1,2024-10-23 16:39:00,0,,0,,push,,0,45,87,1,provider_b
457,9085854,2024-10-26 15:36:00,category_sale,1,2024-10-26 15:55:00,0,,0,,push,,0,58,66,1,provider_b
458,9085854,2024-11-16 18:04:00,promo,0,,0,,0,,push,,0,44,95,1,provider_a
459,9085854,2024-11-22 11:53:00,price_drop,0,,0,,0,,push,,0,30,123,1,provider_a
460,9085854,2024-12-06 15:17:00,category_sale,1,2024-12-06 16:43:00,0,,0,,push,,0,60,99,1,provider_b
461,9085854,2024-12-08 17:36:00,recommendation,0,,0,,0,,push,,0,38,80,1,provider_a
462,9085854,2024-12-30 14:11:00,recommendation,1,2024-12-30 15:29:00,1,2024-12-30 16:11:00,0,,push,,0,60,101,0,provider_b
463,9085854,2025-01-10 14:17:00,recommendation,0,,0,,0,,push,,0,46,45,1,provider_a
464,9085854,2025-01-29 14:23:00,cart_reminder,0,,0,,0,,push,,0,69,108,0,provider_a
465,9085854,2025-01-31 20:43:00,promo,0,,0,,0,,push,,0,24,115,0,provider_b
466,9085854,2025-02-21 16:00:00,promo,1,2025-02-21 18:28:00,1,2025-02-21 19:22:00,0,,push,,0,40,73,1,provider_b
467,9085854,2025-03-05 15:07:00,promo,0,,0,,0,,push,,0,61,40,1,provider_a
468,9085854,2025-03-09 09:54:00,cart_reminder,1,2025-03-09 12:08:00,0,,0,,push,,0,52,63,1,provider_a
469,9085854,2025-03-12 14:08:00,cart_reminder,0,,0,,0,,push,,0,56,154,1,provider_b
470,9085854,2025-04-24 19:26:00,promo,1,2025-04-24 21:44:00,0,,0,,push,,0,74,106,0,provider_a
471,9085854,2025-05-09 20:55:00,cart_reminder,1,2025-05-09 23:20:00,1,2025-05-09 23:22:00,0,,push,,0,76,80,0,provider_c
472,9085854,2025-05-10 18:27:00,recommendation,0,,0,,0,,push,,0,56,69,0,provider_a
473,9085854,2025-05-12 20:14:00,promo,0,,0,,0,,push,,0,72,174,0,provider_b
474,9085854,2025-05-17 14:59:00,promo,0,,0,,0,,push,,0,39,178,0,provider_b
475,9085854,2025-05-27 17:19:00,recommendation,0,,0,,0,,push,,0,65,112,0,provider_a
476,9085854,2025-06-16 14:28:00,promo,1,2025-06-16 14:40:00,0,,0,,push,,0,60,179,1,provider_b
477,9085854,2025-07-05 16:10:00,promo,0,,0,,0,,push,,0,50,143,1,provider_b
478,9085854,2025-07-19 18:21:00,promo,0,,0,,0,,push,,0,26,174,0,provider_a
479,9085854,2025-07-28 12:39:00,recommendation,0,,0,,0,,push,,0,51,63,0,provider_c
480,9085854,2025-08-02 09:28:00,promo,0,,0,,0,,push,,0,27,164,0,provider_b
481,9085854,2025-08-20 14:07:00,recommendation,0,,0,,0,,push,,0,33,111,0,provider_b
482,9085854,2025-08-23 18:19:00,cart_reminder,0,,0,,0,,push,,0,69,51,0,provider_a
483,9085854,2025-09-07 20:06:00,recommendation,0,,0,,0,,push,,0,30,82,1,provider_a
484,9085854,2025-09-18 17:54:00,price_drop,0,,0,,0,,push,,0,64,150,1,provider_a
485,9085854,2025-09-20 12:33:00,recommendation,0,,0,,0,,push,,0,44,68,0,provider_a
486,9085854,2025-09-28 15:47:00,category_sale,0,,0,,0,,push,,0,29,57,1,provider_b
487,9085854,2025-10-05 12:15:00,cart_reminder,0,,0,,0,,push,,0,60,46,1,provider_a
488,9085854,2025-11-15 20:04:00,promo,1,2025-11-15 21:38:00,0,,0,,push,,0,60,157,0,provider_c
489,9085854,2025-11-22 10:52:00,price_drop,0,,0,,0,,push,,0,70,99,1,provider_a
490,9085854,2025-12-04 16:41:00,promo,1,2025-12-04 18:35:00,0,,0,,push,,0,22,40,1,provider_a
491,9085854,2025-12-21 12:30:00,promo,0,,0,,0,,push,,0,45,99,0,provider_b
492,9085854,2026-01-29 14:04:00,recommendation,0,,0,,0,,push,,0,33,52,0,provider_b
493,9085854,2026-02-06 10:49:00,recommendation,0,,0,,0,,push,,0,39,59,0,provider_c
494,9085854,2026-04-01 16:31:00,cart_reminder,1,2026-04-01 16:51:00,1,2026-04-01 17:35:00,0,,push,,0,54,87,0,provider_a
495,9085854,2026-04-05 18:05:00,recommendation,0,,0,,0,,push,,0,44,87,0,provider_a
496,9085854,2026-04-12 18:09:00,promo,0,,0,,0,,push,,0,30,155,1,provider_b
497,9085854,2026-04-18 11:06:00,recommendation,0,,0,,0,,push,,0,32,130,0,provider_a
498,9002194,2025-06-29 19:06:00,recommendation,0,,0,,0,,push,,0,36,165,0,provider_b
499,9002194,2025-07-08 12:38:00,promo,0,,0,,0,,push,,0,62,122,0,provider_a
500,9002194,2025-07-12 11:21:00,price_drop,0,,0,,0,,push,,0,65,117,0,provider_a
501,9002194,2025-07-26 16:03:00,promo,1,2025-07-26 16:04:00,0,,0,,push,,0,29,114,0,provider_a
502,9002194,2025-08-11 17:22:00,category_sale,0,,0,,0,,push,,0,52,84,1,provider_b
503,9002194,2025-08-13 15:33:00,promo,0,,0,,0,,push,,0,45,72,0,provider_a
504,9002194,2025-08-23 18:55:00,cart_reminder,0,,0,,0,,push,,0,63,129,0,provider_a
505,9002194,2025-08-24 10:27:00,recommendation,0,,0,,0,,push,,0,40,70,0,provider_a
506,9002194,2025-08-31 15:39:00,cart_reminder,0,,0,,0,,push,,0,49,153,0,provider_c
507,9002194,2025-09-02 16:14:00,promo,0,,0,,0,,push,,0,77,138,1,provider_a
508,9002194,2025-09-08 13:37:00,promo,0,,0,,0,,push,,0,52,96,0,provider_b
509,9002194,2025-09-19 12:04:00,price_drop,0,,0,,0,,push,,0,23,122,1,provider_a
510,9002194,2025-09-20 15:46:00,cart_reminder,0,,0,,0,,push,,0,48,73,1,provider_b
511,9002194,2025-10-04 11:08:00,recommendation,0,,0,,0,,push,,0,50,152,0,provider_a
512,9002194,2025-10-05 20:55:00,promo,0,,0,,0,,push,,0,61,50,1,provider_a
513,9002194,2025-10-08 10:06:00,recommendation,1,2025-10-08 12:59:00,0,,0,,push,,0,40,115,0,provider_a
514,9002194,2025-10-12 17:53:00,recommendation,1,2025-10-12 19:29:00,1,2025-10-12 20:27:00,0,,push,,0,46,60,1,provider_b
515,9002194,2025-10-16 19:23:00,category_sale,0,,0,,0,,push,,0,38,64,1,provider_a
516,9002194,2025-10-23 18:49:00,price_drop,1,2025-10-23 21:08:00,0,,0,,push,,0,77,94,0,provider_b
517,9002194,2025-10-31 10:35:00,promo,1,2025-10-31 13:33:00,1,2025-10-31 14:27:00,0,,push,,0,58,57,0,provider_a
518,9002194,2025-11-01 09:09:00,price_drop,0,,0,,0,,push,,0,47,140,0,provider_a
519,9002194,2025-11-04 17:11:00,promo,0,,0,,0,,push,,0,49,153,0,provider_b
520,9002194,2025-11-06 14:59:00,cart_reminder,0,,0,,0,,push,,1,19,130,1,provider_a
521,9002194,2025-11-07 17:05:00,promo,0,,0,,0,,push,,0,23,122,1,provider_b
522,9002194,2025-11-08 20:26:00,promo,1,2025-11-08 22:07:00,0,,0,,push,,0,62,133,0,provider_a
523,9002194,2025-11-11 16:51:00,cart_reminder,0,,0,,0,,push,,0,41,63,1,provider_a
524,9002194,2025-11-16 19:58:00,cart_reminder,1,2025-11-16 21:31:00,1,2025-11-16 21:37:00,0,,push,,0,67,144,0,provider_c
525,9002194,2025-11-19 14:07:00,recommendation,1,2025-11-19 16:31:00,0,,0,,push,,0,18,116,1,provider_a
526,9002194,2025-11-21 16:13:00,promo,0,,0,,0,,push,,0,72,158,0,provider_a
527,9002194,2025-12-03 18:46:00,promo,1,2025-12-03 21:23:00,0,,0,,push,,0,27,152,0,provider_a
528,9002194,2025-12-26 18:14:00,promo,0,,0,,0,,push,,0,54,171,0,provider_c
529,9002194,2025-12-29 11:03:00,promo,1,2025-12-29 11:08:00,1,2025-12-29 11:32:00,0,,push,,0,62,167,0,provider_b
530,9002194,2026-01-02 19:13:00,recommendation,0,,0,,0,,push,,0,19,167,1,provider_b
531,9002194,2026-01-03 15:53:00,cart_reminder,1,2026-01-03 16:34:00,0,,0,,push,,0,34,114,1,provider_a
532,9002194,2026-01-12 20:51:00,price_drop,0,,0,,0,,push,,0,78,163,1,provider_a
533,9002194,2026-01-17 20:18:00,promo,1,2026-01-17 20:34:00,0,,0,,push,,0,50,139,0,provider_b
534,9002194,2026-01-24 11:15:00,category_sale,1,2026-01-24 13:52:00,0,,0,,push,,0,20,114,1,provider_a
535,9002194,2026-02-03 13:42:00,cart_reminder,1,2026-02-03 14:56:00,0,,0,,push,,0,22,174,1,provider_b
536,9002194,2026-02-07 20:50:00,promo,1,2026-02-07 21:00:00,0,,0,,push,,0,45,149,1,provider_b
537,9002194,2026-02-17 17:39:00,promo,0,,0,,0,,push,,0,21,161,0,provider_b
538,9002194,2026-02-22 18:25:00,promo,0,,0,,0,,push,,0,65,134,1,provider_a
539,9002194,2026-03-12 13:07:00,price_drop,0,,0,,0,,push,,0,19,62,0,provider_a
540,9002194,2026-03-17 09:49:00,recommendation,0,,0,,0,,push,,0,70,119,0,provider_a
541,9002194,2026-03-24 15:54:00,promo,0,,0,,0,,push,,0,19,173,0,provider_a
542,9002194,2026-03-26 20:33:00,promo,1,2026-03-26 21:32:00,0,,0,,push,,0,29,149,1,provider_b
543,9002194,2026-03-28 10:21:00,promo,0,,0,,0,,push,,0,28,51,0,provider_a
544,9002194,2026-03-30 15:32:00,recommendation,1,2026-03-30 15:38:00,0,,0,,push,,0,79,170,0,provider_a
545,9002194,2026-04-10 13:09:00,cart_reminder,0,,0,,0,,push,,0,35,135,1,provider_b
546,9002194,2026-04-16 20:06:00,category_sale,0,,0,,0,,push,,0,43,123,1,provider_a
547,9015151,2025-11-04 20:31:00,recommendation,0,,0,,0,,push,,0,69,85,0,provider_b
548,9015151,2025-11-07 20:20:00,category_sale,1,2025-11-07 21:07:00,0,,0,,push,,0,24,174,0,provider_a
549,9015151,2025-11-14 09:22:00,promo,0,,0,,0,,push,,0,41,144,0,provider_b
550,9015151,2025-11-20 18:24:00,category_sale,0,,0,,0,,push,,0,40,98,1,provider_c
551,9015151,2025-11-26 11:09:00,cart_reminder,0,,0,,0,,push,,0,49,152,1,provider_b
552,9015151,2025-11-27 18:12:00,promo,0,,0,,0,,push,,0,66,75,1,provider_a
553,9015151,2025-11-30 11:43:00,price_drop,0,,0,,0,,push,,0,68,114,1,provider_a
554,9015151,2025-12-02 13:04:00,promo,0,,0,,0,,push,,0,54,69,1,provider_a
555,9015151,2025-12-04 13:21:00,recommendation,0,,0,,0,,push,,0,39,124,1,provider_a
556,9015151,2025-12-05 11:27:00,promo,0,,0,,0,,push,,0,76,158,0,provider_b
557,9015151,2025-12-06 11:05:00,category_sale,0,,0,,0,,push,,0,43,176,0,provider_c
558,9015151,2025-12-10 14:53:00,cart_reminder,0,,0,,0,,push,,0,26,138,1,provider_b
559,9015151,2025-12-15 20:31:00,cart_reminder,0,,0,,0,,push,,0,42,57,1,provider_a
560,9015151,2025-12-18 15:22:00,recommendation,0,,0,,0,,push,,0,51,128,0,provider_c
561,9015151,2025-12-20 13:53:00,promo,0,,0,,0,,push,,0,28,94,1,provider_a
562,9015151,2025-12-24 13:19:00,price_drop,0,,0,,0,,push,,0,71,65,1,provider_c
563,9015151,2025-12-25 09:46:00,price_drop,0,,0,,0,,push,,0,65,97,0,provider_a
564,9015151,2025-12-26 17:54:00,cart_reminder,0,,0,,0,,push,,0,48,93,0,provider_a
565,9015151,2025-12-31 13:47:00,recommendation,0,,0,,0,,push,,1,69,171,1,provider_a
566,9015151,2026-01-02 19:43:00,promo,0,,0,,0,,push,,1,58,132,0,provider_a
567,9015151,2026-01-04 11:48:00,recommendation,0,,0,,0,,push,,0,28,150,1,provider_a
568,9015151,2026-01-07 14:24:00,promo,0,,0,,0,,push,,0,78,153,1,provider_b
569,9015151,2026-01-08 11:59:00,category_sale,0,,0,,0,,push,,0,25,130,0,provider_a
570,9015151,2026-01-09 15:09:00,price_drop,0,,0,,0,,push,,1,71,119,0,provider_a
571,9015151,2026-01-10 11:07:00,recommendation,0,,0,,0,,push,,0,64,67,0,provider_c
572,9015151,2026-01-11 11:42:00,cart_reminder,0,,0,,0,,push,,0,53,171,0,provider_b
573,9015151,2026-01-13 13:41:00,cart_reminder,0,,0,,0,,push,,0,24,53,1,provider_a
574,9015151,2026-01-14 13:27:00,promo,0,,0,,0,,push,,0,41,68,1,provider_b
575,9015151,2026-01-18 16:53:00,cart_reminder,0,,0,,0,,push,,1,27,91,0,provider_a
576,9015151,2026-01-19 09:48:00,price_drop,0,,0,,0,,push,,0,51,56,0,provider_b
577,9015151,2026-01-22 16:44:00,cart_reminder,0,,0,,0,,push,,0,58,125,1,provider_a
578,9015151,2026-01-23 18:03:00,recommendation,0,,0,,0,,push,,0,54,157,0,provider_b
579,9015151,2026-01-27 20:05:00,price_drop,0,,0,,0,,push,,0,74,164,0,provider_b
580,9015151,2026-01-30 19:57:00,promo,0,,0,,0,,push,,0,31,50,1,provider_b
581,9015151,2026-02-01 19:23:00,recommendation,0,,0,,0,,push,,1,73,136,0,provider_a
582,9015151,2026-02-03 16:33:00,recommendation,0,,0,,0,,push,,0,19,114,0,provider_a
583,9015151,2026-02-04 09:53:00,cart_reminder,0,,0,,0,,push,,0,66,115,1,provider_a
584,9015151,2026-02-09 10:37:00,category_sale,0,,0,,0,,push,,0,55,149,0,provider_a
585,9015151,2026-02-10 19:57:00,recommendation,1,2026-02-10 22:41:00,0,,0,,push,,1,42,72,0,provider_b
586,9015151,2026-02-11 13:23:00,recommendation,0,,0,,0,,push,,0,67,45,1,provider_a
587,9015151,2026-02-12 15:10:00,recommendation,0,,0,,0,,push,,0,42,57,1,provider_a
588,9015151,2026-02-15 14:27:00,promo,0,,0,,0,,push,,0,68,153,1,provider_a
589,9015151,2026-02-17 19:45:00,promo,0,,0,,0,,push,,0,66,77,1,provider_b
590,9015151,2026-02-18 13:52:00,promo,0,,0,,0,,push,,0,36,113,1,provider_a
591,9015151,2026-02-22 20:20:00,category_sale,0,,0,,0,,push,,0,79,94,1,provider_a
592,9015151,2026-02-23 19:37:00,promo,0,,0,,0,,push,,0,25,55,0,provider_a
593,9015151,2026-02-24 09:53:00,category_sale,0,,0,,0,,push,,0,44,139,0,provider_a
594,9015151,2026-02-25 12:08:00,recommendation,0,,0,,0,,push,,0,20,71,1,provider_a
595,9015151,2026-02-26 18:29:00,promo,0,,0,,0,,push,,0,24,96,0,provider_b
596,9015151,2026-03-02 11:45:00,promo,0,,0,,0,,push,,0,19,149,1,provider_a
597,9015151,2026-03-03 14:02:00,recommendation,0,,0,,0,,push,,0,68,136,1,provider_a
598,9015151,2026-03-06 17:41:00,recommendation,0,,0,,0,,push,,1,28,130,1,provider_a
599,9015151,2026-03-07 12:56:00,category_sale,0,,0,,0,,push,,0,51,128,1,provider_b
600,9015151,2026-03-12 19:51:00,price_drop,0,,0,,0,,push,,0,72,69,0,provider_b
601,9015151,2026-03-14 19:13:00,price_drop,0,,0,,0,,push,,0,47,117,1,provider_b
602,9015151,2026-03-17 12:54:00,promo,0,,0,,0,,push,,0,34,49,0,provider_b
603,9015151,2026-03-22 10:12:00,cart_reminder,0,,0,,0,,push,,0,55,119,0,provider_b
604,9015151,2026-03-24 15:21:00,cart_reminder,0,,0,,0,,push,,0,31,108,0,provider_a
605,9015151,2026-03-29 14:13:00,cart_reminder,0,,0,,0,,push,,0,53,141,1,provider_b
606,9015151,2026-03-30 10:04:00,promo,0,,0,,0,,push,,0,53,52,0,provider_a
607,9015151,2026-03-31 16:26:00,promo,0,,0,,0,,push,,1,50,53,1,provider_b
608,9015151,2026-04-02 14:11:00,price_drop,0,,0,,0,,push,,0,55,165,0,provider_a
609,9015151,2026-04-03 19:52:00,promo,0,,0,,0,,push,,1,27,105,1,provider_c
610,9015151,2026-04-05 18:18:00,category_sale,0,,0,,0,,push,,0,37,139,1,provider_a
611,9015151,2026-04-06 18:31:00,promo,0,,0,,0,,push,,1,68,59,0,provider_a
612,9015151,2026-04-09 11:16:00,promo,0,,0,,0,,push,,0,78,171,0,provider_b
613,9015151,2026-04-14 14:20:00,price_drop,0,,0,,0,,push,,0,79,50,0,provider_c
614,9015151,2026-04-16 12:43:00,promo,0,,0,,0,,push,,0,73,112,0,provider_b
615,9015151,2026-04-17 20:48:00,cart_reminder,0,,0,,0,,push,,0,50,60,0,provider_b
616,9015151,2026-04-20 12:29:00,price_drop,0,,0,,0,,push,,0,77,124,0,provider_a
617,9015151,2026-04-24 11:13:00,promo,0,,0,,0,,push,,0,28,106,1,provider_a
618,9015151,2026-04-25 17:26:00,category_sale,0,,0,,0,,push,,0,50,144,0,provider_a
619,9015151,2026-04-30 11:30:00,recommendation,0,,0,,0,,push,,0,65,40,1,provider_a
620,9015151,2026-05-01 09:46:00,price_drop,0,,0,,0,,push,,1,31,66,1,provider_b
621,9041387,2024-07-26 09:46:00,price_drop,1,2024-07-26 11:26:00,0,,0,,push,,0,71,58,0,provider_a
622,9041387,2024-07-28 16:02:00,cart_reminder,1,2024-07-28 18:38:00,0,,0,,push,,0,45,102,0,provider_a
623,9041387,2024-08-08 13:43:00,cart_reminder,0,,0,,0,,push,,0,59,112,1,provider_c
624,9041387,2024-08-15 17:23:00,promo,0,,0,,0,,push,,0,43,131,1,provider_b
625,9041387,2024-08-25 17:53:00,promo,0,,0,,0,,push,,0,64,158,1,provider_b
626,9041387,2024-10-25 17:34:00,category_sale,0,,0,,0,,push,,0,39,173,1,provider_a
627,9041387,2024-12-05 10:44:00,cart_reminder,0,,0,,0,,push,,0,44,48,1,provider_a
628,9041387,2024-12-06 14:02:00,price_drop,1,2024-12-06 16:21:00,0,,0,,push,,0,22,164,0,provider_b
629,9041387,2024-12-09 14:55:00,recommendation,0,,0,,0,,push,,0,56,147,0,provider_c
630,9041387,2024-12-16 15:28:00,recommendation,0,,0,,0,,push,,0,66,72,1,provider_c
631,9041387,2024-12-20 11:30:00,promo,1,2024-12-20 12:39:00,1,2024-12-20 13:30:00,0,,push,,0,77,81,1,provider_b
632,9041387,2025-01-23 12:34:00,recommendation,0,,0,,0,,push,,0,73,124,1,provider_a
633,9041387,2025-02-15 20:53:00,promo,0,,0,,0,,push,,0,45,80,0,provider_a
634,9041387,2025-02-19 12:57:00,promo,1,2025-02-19 14:49:00,0,,0,,push,,0,27,55,0,provider_a
635,9041387,2025-02-22 19:35:00,cart_reminder,1,2025-02-22 21:18:00,0,,0,,push,,0,34,150,1,provider_b
636,9041387,2025-03-08 14:43:00,price_drop,0,,0,,0,,push,,0,32,46,0,provider_b
637,9041387,2025-03-24 14:55:00,promo,0,,0,,0,,push,,0,38,129,0,provider_c
638,9041387,2025-03-31 12:21:00,cart_reminder,0,,0,,0,,push,,0,24,101,0,provider_a
639,9041387,2025-04-15 19:16:00,recommendation,0,,0,,0,,push,,0,27,109,1,provider_a
640,9041387,2025-04-18 15:27:00,promo,0,,0,,0,,push,,0,28,51,0,provider_c
641,9041387,2025-04-21 11:08:00,price_drop,0,,0,,0,,push,,0,52,165,0,provider_a
642,9041387,2025-04-28 12:46:00,promo,0,,0,,0,,push,,0,50,79,0,provider_a
643,9041387,2025-04-29 16:07:00,cart_reminder,1,2025-04-29 17:57:00,0,,0,,push,,0,39,116,0,provider_c
644,9041387,2025-05-04 19:35:00,category_sale,0,,0,,0,,push,,0,40,48,0,provider_a
645,9041387,2025-05-06 11:04:00,promo,0,,0,,0,,push,,0,30,73,0,provider_a
646,9041387,2025-06-16 17:03:00,recommendation,0,,0,,0,,push,,0,52,119,0,provider_a
647,9041387,2025-06-21 13:22:00,cart_reminder,1,2025-06-21 14:21:00,0,,0,,push,,0,43,64,1,provider_a
648,9041387,2025-07-02 20:24:00,price_drop,0,,0,,0,,push,,0,34,109,1,provider_b
649,9041387,2025-07-05 20:24:00,cart_reminder,1,2025-07-05 20:35:00,0,,0,,push,,0,58,104,0,provider_a
650,9041387,2025-07-08 14:41:00,recommendation,1,2025-07-08 17:37:00,0,,0,,push,,0,73,168,0,provider_b
651,9041387,2025-07-22 19:01:00,promo,0,,0,,0,,push,,0,68,163,0,provider_a
652,9041387,2025-07-24 20:54:00,promo,0,,0,,0,,push,,0,33,153,0,provider_b
653,9041387,2025-08-11 15:56:00,recommendation,0,,0,,0,,push,,0,52,123,1,provider_b
654,9041387,2025-08-26 18:41:00,category_sale,1,2025-08-26 20:09:00,0,,0,,push,,0,61,139,1,provider_c
655,9041387,2025-08-27 11:27:00,category_sale,1,2025-08-27 13:48:00,0,,0,,push,,0,57,92,1,provider_c
656,9041387,2025-08-31 09:40:00,promo,0,,0,,0,,push,,0,54,116,0,provider_a
657,9041387,2025-10-04 16:34:00,promo,0,,0,,0,,push,,0,76,162,1,provider_b
658,9041387,2025-10-10 17:24:00,cart_reminder,0,,0,,0,,push,,0,19,83,0,provider_a
659,9041387,2025-11-06 13:17:00,price_drop,0,,0,,0,,push,,0,58,82,1,provider_c
660,9041387,2025-11-19 18:49:00,promo,0,,0,,0,,push,,0,28,51,0,provider_a
661,9041387,2025-12-27 13:37:00,promo,0,,0,,0,,push,,0,26,63,0,provider_b
662,9041387,2026-01-03 11:29:00,promo,0,,0,,0,,push,,0,27,116,0,provider_a
663,9041387,2026-02-20 19:27:00,promo,1,2026-02-20 22:24:00,0,,0,,push,,0,24,137,0,provider_a
664,9041387,2026-03-16 10:51:00,price_drop,1,2026-03-16 13:20:00,1,2026-03-16 13:50:00,0,,push,,0,70,89,1,provider_c
665,9041387,2026-03-23 14:06:00,recommendation,1,2026-03-23 16:00:00,0,,0,,push,,0,67,91,0,provider_a
666,9041387,2026-03-31 10:34:00,promo,1,2026-03-31 12:58:00,0,,0,,push,,1,78,134,0,provider_a
667,9041387,2026-04-01 16:28:00,price_drop,0,,0,,0,,push,,0,46,42,0,provider_b
668,9041387,2026-04-19 19:16:00,price_drop,1,2026-04-19 22:05:00,0,,0,,push,,0,28,74,0,provider_c
669,9035689,2024-07-10 18:35:00,cart_reminder,1,2024-07-10 19:55:00,0,,0,,push,,0,49,179,0,provider_a
670,9035689,2024-07-28 09:58:00,price_drop,1,2024-07-28 10:27:00,0,,0,,push,,0,23,94,1,provider_a
671,9035689,2024-08-30 09:15:00,promo,0,,0,,0,,push,,0,42,53,0,provider_a
672,9035689,2024-09-10 10:17:00,category_sale,0,,0,,0,,push,,0,71,47,1,provider_a
673,9035689,2024-09-26 20:27:00,recommendation,0,,0,,0,,push,,0,71,119,1,provider_a
674,9035689,2024-09-30 13:48:00,cart_reminder,1,2024-09-30 15:21:00,1,2024-09-30 15:31:00,0,,push,,0,77,137,1,provider_b
675,9035689,2024-10-01 10:18:00,price_drop,0,,0,,0,,push,,0,61,166,0,provider_b
676,9035689,2024-10-14 18:05:00,cart_reminder,1,2024-10-14 18:26:00,1,2024-10-14 19:21:00,0,,push,,0,69,139,1,provider_c
677,9035689,2024-10-23 16:24:00,promo,1,2024-10-23 17:05:00,1,2024-10-23 17:19:00,0,,push,,0,39,112,1,provider_c
678,9035689,2024-10-25 12:03:00,promo,0,,0,,0,,push,,0,35,81,0,provider_a
679,9035689,2024-10-28 14:26:00,promo,0,,0,,0,,push,,0,34,59,1,provider_b
680,9035689,2024-11-13 20:10:00,cart_reminder,0,,0,,0,,push,,0,65,157,0,provider_b
681,9035689,2024-11-18 10:18:00,category_sale,1,2024-11-18 11:39:00,0,,0,,push,,0,46,106,1,provider_b
682,9035689,2024-11-28 14:34:00,recommendation,0,,0,,0,,push,,0,75,140,1,provider_a
683,9035689,2024-12-20 14:58:00,cart_reminder,1,2024-12-20 16:06:00,0,,0,,push,,0,66,164,1,provider_b
684,9035689,2024-12-24 20:29:00,recommendation,0,,0,,0,,push,,0,78,43,1,provider_a
685,9035689,2025-01-06 15:25:00,recommendation,0,,0,,0,,push,,0,78,66,0,provider_b
686,9035689,2025-01-13 10:02:00,price_drop,0,,0,,0,,push,,0,78,148,1,provider_a
687,9035689,2025-01-16 18:24:00,price_drop,0,,0,,0,,push,,0,53,68,0,provider_b
688,9035689,2025-01-17 12:36:00,recommendation,0,,0,,0,,push,,0,24,177,0,provider_a
689,9035689,2025-01-30 11:28:00,price_drop,1,2025-01-30 11:34:00,0,,0,,push,,0,58,121,0,provider_a
690,9035689,2025-02-02 11:21:00,recommendation,0,,0,,0,,push,,0,51,136,1,provider_a
691,9035689,2025-02-25 16:24:00,category_sale,0,,0,,0,,push,,0,55,105,0,provider_b
692,9035689,2025-03-02 14:35:00,promo,1,2025-03-02 15:27:00,0,,0,,push,,0,20,102,1,provider_c
693,9035689,2025-03-03 18:30:00,promo,0,,0,,0,,push,,0,79,114,0,provider_a
694,9035689,2025-03-09 20:27:00,price_drop,1,2025-03-09 20:55:00,0,,0,,push,,0,28,139,0,provider_b
695,9035689,2025-03-24 12:33:00,category_sale,1,2025-03-24 12:56:00,0,,0,,push,,0,21,168,1,provider_c
696,9035689,2025-04-10 16:04:00,category_sale,0,,0,,0,,push,,1,24,124,0,provider_a
697,9035689,2025-04-28 12:04:00,promo,0,,0,,0,,push,,0,34,101,0,provider_c
698,9035689,2025-05-02 20:36:00,promo,0,,0,,0,,push,,0,37,126,1,provider_a
699,9035689,2025-05-25 18:47:00,recommendation,0,,0,,0,,push,,1,22,150,1,provider_c
700,9035689,2025-05-30 16:11:00,price_drop,0,,0,,0,,push,,0,27,83,0,provider_b
701,9035689,2025-06-09 14:59:00,price_drop,1,2025-06-09 15:31:00,1,2025-06-09 15:53:00,0,,push,,0,47,123,1,provider_a
702,9035689,2025-08-05 12:45:00,promo,0,,0,,0,,push,,0,70,136,0,provider_b
703,9035689,2025-08-31 16:16:00,cart_reminder,0,,0,,0,,push,,0,43,89,0,provider_a
704,9035689,2025-10-03 20:46:00,promo,1,2025-10-03 21:47:00,0,,0,,push,,0,51,109,0,provider_a
705,9035689,2025-10-18 14:15:00,cart_reminder,0,,0,,0,,push,,0,26,168,0,provider_a
706,9035689,2025-11-14 17:58:00,price_drop,1,2025-11-14 19:45:00,0,,0,,push,,0,46,54,0,provider_a
707,9035689,2025-11-19 17:09:00,promo,0,,0,,0,,push,,0,78,97,1,provider_a
708,9035689,2025-11-20 20:18:00,cart_reminder,0,,0,,0,,push,,0,49,169,1,provider_a
709,9035689,2025-11-22 11:50:00,category_sale,0,,0,,0,,push,,0,78,141,1,provider_a
710,9035689,2025-12-04 14:26:00,promo,0,,0,,0,,push,,0,79,105,1,provider_a
711,9035689,2025-12-12 15:34:00,recommendation,0,,0,,0,,push,,0,75,41,1,provider_a
712,9035689,2026-01-09 12:45:00,promo,0,,0,,0,,push,,0,48,105,0,provider_a
713,9035689,2026-01-10 18:03:00,promo,0,,0,,0,,push,,0,37,167,1,provider_b
714,9035689,2026-02-04 13:19:00,recommendation,0,,0,,0,,push,,0,50,169,1,provider_b
715,9035689,2026-02-23 18:45:00,cart_reminder,0,,0,,0,,push,,0,34,136,1,provider_b
716,9035689,2026-03-12 20:50:00,promo,1,2026-03-12 20:51:00,0,,0,,push,,0,41,112,0,provider_b
717,9035689,2026-03-18 13:22:00,recommendation,0,,0,,0,,push,,0,70,123,0,provider_a
718,9035689,2026-03-19 13:59:00,promo,0,,0,,0,,push,,0,56,78,1,provider_b
719,9035689,2026-03-25 18:30:00,cart_reminder,0,,0,,0,,push,,0,40,170,0,provider_b
720,9035689,2026-04-02 13:33:00,cart_reminder,1,2026-04-02 14:23:00,1,2026-04-02 15:04:00,0,,push,,0,54,117,0,provider_a
721,9035689,2026-04-04 11:24:00,recommendation,1,2026-04-04 13:56:00,0,,0,,push,,0,39,49,1,provider_a
722,9035689,2026-04-13 20:41:00,price_drop,1,2026-04-13 21:31:00,1,2026-04-13 21:50:00,0,,push,,0,21,116,1,provider_c
723,9035689,2026-04-15 12:41:00,promo,0,,0,,0,,push,,0,52,90,0,provider_a
724,9031704,2024-07-29 15:15:00,cart_reminder,1,2024-07-29 18:11:00,0,,0,,push,,0,79,139,1,provider_a
725,9031704,2024-08-13 20:32:00,cart_reminder,0,,0,,0,,push,,0,64,104,0,provider_a
726,9031704,2024-08-25 13:11:00,recommendation,1,2024-08-25 15:12:00,0,,0,,push,,0,22,46,1,provider_a
727,9031704,2024-09-27 20:40:00,price_drop,0,,0,,0,,push,,0,41,76,1,provider_a
728,9031704,2024-10-05 10:00:00,recommendation,1,2024-10-05 12:04:00,0,,0,,push,,0,70,44,0,provider_b
729,9031704,2024-10-13 09:25:00,recommendation,1,2024-10-13 11:24:00,1,2024-10-13 11:42:00,0,,push,,0,53,100,1,provider_b
730,9031704,2024-10-24 13:20:00,promo,1,2024-10-24 15:43:00,0,,0,,push,,0,55,87,1,provider_a
731,9031704,2024-10-28 14:58:00,category_sale,0,,0,,0,,push,,0,67,113,1,provider_c
732,9031704,2024-11-22 11:49:00,category_sale,1,2024-11-22 12:43:00,0,,0,,push,,0,42,64,0,provider_a
733,9031704,2025-01-15 17:46:00,recommendation,0,,0,,0,,push,,0,61,93,1,provider_a
734,9031704,2025-01-26 14:35:00,recommendation,0,,0,,0,,push,,0,32,119,0,provider_a
735,9031704,2025-02-13 11:20:00,price_drop,0,,0,,0,,push,,0,79,112,1,provider_a
736,9031704,2025-02-14 16:18:00,promo,0,,0,,0,,push,,0,74,61,0,provider_b
737,9031704,2025-03-06 17:07:00,recommendation,0,,0,,0,,push,,0,26,177,0,provider_a
738,9031704,2025-03-20 20:26:00,recommendation,0,,0,,0,,push,,0,57,142,1,provider_a
739,9031704,2025-04-01 15:28:00,promo,0,,0,,0,,push,,0,75,166,1,provider_b
740,9031704,2025-04-02 10:54:00,cart_reminder,0,,0,,0,,push,,0,57,163,0,provider_a
741,9031704,2025-04-19 11:00:00,promo,1,2025-04-19 13:01:00,0,,0,,push,,0,30,160,0,provider_a
742,9031704,2025-05-13 09:32:00,recommendation,0,,0,,0,,push,,0,31,149,1,provider_b
743,9031704,2025-06-04 18:52:00,promo,0,,0,,0,,push,,0,42,137,1,provider_c
744,9031704,2025-07-25 15:50:00,category_sale,0,,0,,0,,push,,0,74,138,0,provider_a
745,9031704,2025-07-28 15:52:00,category_sale,0,,0,,0,,push,,0,44,140,0,provider_a
746,9031704,2025-08-12 19:21:00,price_drop,0,,0,,0,,push,,0,49,88,1,provider_a
747,9031704,2025-10-03 09:56:00,cart_reminder,0,,0,,0,,push,,0,19,130,0,provider_a
748,9031704,2025-10-09 13:41:00,category_sale,0,,0,,0,,push,,0,67,104,0,provider_b
749,9031704,2025-10-27 14:04:00,price_drop,0,,0,,0,,push,,0,73,64,0,provider_a
750,9031704,2025-11-02 14:23:00,promo,0,,0,,0,,push,,0,67,103,0,provider_b
751,9031704,2025-11-24 20:22:00,promo,1,2025-11-24 21:13:00,0,,0,,push,,0,22,76,0,provider_a
752,9031704,2025-12-01 18:40:00,category_sale,1,2025-12-01 18:56:00,0,,0,,push,,0,55,139,1,provider_b
753,9031704,2025-12-21 20:55:00,promo,0,,0,,0,,push,,0,56,142,1,provider_a
754,9031704,2025-12-27 13:02:00,price_drop,0,,0,,0,,push,,0,72,127,0,provider_b
755,9031704,2026-02-01 13:53:00,recommendation,0,,0,,0,,push,,0,69,94,1,provider_a
756,9031704,2026-02-02 13:16:00,promo,0,,0,,0,,push,,0,59,134,0,provider_a
757,9031704,2026-02-08 11:58:00,promo,1,2026-02-08 14:19:00,0,,0,,push,,0,79,64,0,provider_a
758,9031704,2026-02-13 11:58:00,price_drop,0,,0,,0,,push,,0,29,175,1,provider_c
759,9031704,2026-02-19 10:06:00,recommendation,0,,0,,0,,push,,0,28,129,0,provider_a
760,9031704,2026-02-24 10:31:00,price_drop,0,,0,,0,,push,,0,77,139,0,provider_b
761,9031704,2026-03-16 18:08:00,cart_reminder,0,,0,,0,,push,,0,18,67,0,provider_a
762,9031704,2026-03-25 11:42:00,recommendation,0,,0,,0,,push,,0,29,155,0,provider_a
763,9031704,2026-04-05 09:16:00,promo,0,,0,,0,,push,,0,43,124,0,provider_a
764,9031704,2026-04-06 17:48:00,promo,0,,0,,0,,push,,0,62,172,1,provider_a
765,9031704,2026-04-14 11:56:00,cart_reminder,0,,0,,0,,push,,0,27,108,1,provider_c
766,9031704,2026-04-18 10:37:00,price_drop,0,,0,,0,,push,,0,36,74,1,provider_b
767,9028487,2024-12-06 16:10:00,category_sale,0,,0,,0,,push,,0,33,164,0,provider_a
768,9028487,2024-12-12 15:13:00,category_sale,0,,0,,0,,push,,0,61,44,1,provider_c
769,9028487,2024-12-18 20:41:00,cart_reminder,0,,0,,0,,push,,0,40,178,0,provider_a
770,9028487,2024-12-20 17:40:00,recommendation,0,,0,,0,,push,,0,20,107,0,provider_a
771,9028487,2024-12-26 09:47:00,price_drop,0,,0,,0,,push,,0,31,158,1,provider_a
772,9028487,2025-01-02 14:48:00,promo,1,2025-01-02 16:17:00,0,,0,,push,,0,44,56,1,provider_b
773,9028487,2025-01-05 19:21:00,category_sale,0,,0,,0,,push,,0,70,124,0,provider_b
774,9028487,2025-01-07 13:21:00,recommendation,0,,0,,0,,push,,0,38,74,0,provider_a
775,9028487,2025-01-08 14:50:00,category_sale,0,,0,,0,,push,,0,36,45,1,provider_a
776,9028487,2025-01-14 13:20:00,category_sale,0,,0,,0,,push,,0,18,120,1,provider_a
777,9028487,2025-01-27 17:41:00,cart_reminder,0,,0,,0,,push,,0,46,88,1,provider_b
778,9028487,2025-02-02 15:12:00,promo,1,2025-02-02 17:57:00,1,2025-02-02 17:58:00,0,,push,,0,69,46,0,provider_a
779,9028487,2025-02-27 17:54:00,recommendation,1,2025-02-27 20:12:00,0,,0,,push,,0,62,93,0,provider_b
780,9028487,2025-03-03 12:12:00,recommendation,0,,0,,0,,push,,0,40,82,0,provider_a
781,9028487,2025-03-06 20:45:00,cart_reminder,0,,0,,0,,push,,0,60,66,0,provider_a
782,9028487,2025-03-07 11:11:00,price_drop,1,2025-03-07 12:33:00,1,2025-03-07 13:18:00,0,,push,,0,22,173,0,provider_b
783,9028487,2025-03-11 13:01:00,promo,0,,0,,0,,push,,0,70,85,0,provider_c
784,9028487,2025-03-14 11:38:00,price_drop,0,,0,,0,,push,,0,69,153,1,provider_b
785,9028487,2025-03-24 13:35:00,price_drop,0,,0,,0,,push,,0,23,124,1,provider_a
786,9028487,2025-03-27 20:14:00,price_drop,1,2025-03-27 23:11:00,1,2025-03-27 23:27:00,0,,push,,0,79,113,0,provider_a
787,9028487,2025-03-28 18:16:00,recommendation,0,,0,,0,,push,,0,73,50,1,provider_a
788,9028487,2025-04-01 13:00:00,category_sale,0,,0,,0,,push,,0,55,108,0,provider_b
789,9028487,2025-04-02 18:46:00,recommendation,0,,0,,0,,push,,0,73,58,1,provider_b
790,9028487,2025-04-03 12:22:00,cart_reminder,0,,0,,0,,push,,0,32,157,1,provider_a
791,9028487,2025-04-05 09:01:00,category_sale,0,,0,,0,,push,,0,28,115,0,provider_c
792,9028487,2025-04-12 20:06:00,promo,0,,0,,0,,push,,0,53,139,1,provider_c
793,9028487,2025-04-22 17:46:00,cart_reminder,0,,0,,0,,push,,0,50,79,0,provider_a
794,9028487,2025-05-01 17:12:00,cart_reminder,1,2025-05-01 17:18:00,0,,0,,push,,0,73,90,1,provider_a
795,9028487,2025-05-08 19:47:00,recommendation,1,2025-05-08 20:13:00,1,2025-05-08 21:11:00,0,,push,,0,78,57,1,provider_c
796,9028487,2025-05-19 14:57:00,recommendation,0,,0,,0,,push,,0,21,74,0,provider_a
797,9028487,2025-05-28 12:25:00,promo,0,,0,,0,,push,,0,71,131,0,provider_a
798,9028487,2025-06-03 14:53:00,recommendation,0,,0,,0,,push,,0,65,57,0,provider_a
799,9028487,2025-06-17 10:26:00,recommendation,0,,0,,0,,push,,0,57,164,1,provider_a
800,9028487,2025-06-18 14:54:00,promo,0,,0,,0,,push,,0,52,55,0,provider_a
801,9028487,2025-07-12 11:19:00,promo,0,,0,,0,,push,,0,68,154,1,provider_c
802,9028487,2025-07-15 11:53:00,promo,1,2025-07-15 12:18:00,1,2025-07-15 12:50:00,1,2025-07-15 15:58:00,push,push_promo_202507,0,72,108,0,provider_b
803,9028487,2025-07-29 11:15:00,recommendation,0,,0,,0,,push,,0,45,143,1,provider_a
804,9028487,2025-07-30 16:01:00,recommendation,0,,0,,0,,push,,0,69,131,0,provider_c
805,9028487,2025-08-18 12:30:00,promo,0,,0,,0,,push,,0,19,158,1,provider_a
806,9028487,2025-08-25 20:29:00,recommendation,0,,0,,0,,push,,0,68,78,0,provider_a
807,9028487,2025-08-31 18:44:00,category_sale,0,,0,,0,,push,,0,42,156,0,provider_a
808,9028487,2025-09-08 18:27:00,recommendation,1,2025-09-08 19:05:00,0,,0,,push,,0,67,97,0,provider_a
809,9028487,2025-09-18 14:57:00,cart_reminder,0,,0,,0,,push,,0,65,45,0,provider_a
810,9028487,2025-09-22 14:37:00,category_sale,1,2025-09-22 16:08:00,0,,0,,push,,0,23,109,0,provider_b
811,9028487,2025-09-27 14:11:00,price_drop,1,2025-09-27 15:58:00,1,2025-09-27 16:09:00,0,,push,,0,47,102,1,provider_a
812,9028487,2025-10-07 09:05:00,recommendation,1,2025-10-07 09:53:00,0,,0,,push,,0,47,61,0,provider_a
813,9028487,2025-10-26 19:22:00,recommendation,0,,0,,0,,push,,0,30,101,0,provider_c
814,9028487,2025-11-07 18:29:00,category_sale,0,,0,,0,,push,,0,61,119,0,provider_a
815,9028487,2025-12-01 09:43:00,promo,0,,0,,0,,push,,0,34,172,0,provider_a
816,9028487,2025-12-06 11:11:00,recommendation,0,,0,,0,,push,,0,34,103,0,provider_b
817,9028487,2025-12-07 18:21:00,promo,0,,0,,0,,push,,0,23,97,0,provider_c
818,9028487,2025-12-09 09:06:00,cart_reminder,1,2025-12-09 09:19:00,0,,0,,push,,0,72,155,1,provider_a
819,9028487,2025-12-24 11:52:00,recommendation,0,,0,,0,,push,,0,21,40,0,provider_a
820,9028487,2025-12-27 09:08:00,price_drop,1,2025-12-27 11:33:00,0,,0,,push,,0,28,87,0,provider_b
821,9028487,2025-12-31 19:46:00,promo,1,2025-12-31 21:13:00,0,,0,,push,,0,36,158,1,provider_b
822,9028487,2026-01-17 10:31:00,promo,0,,0,,0,,push,,0,47,40,0,provider_c
823,9028487,2026-01-24 15:20:00,cart_reminder,0,,0,,0,,push,,0,72,53,0,provider_a
824,9028487,2026-01-25 14:21:00,recommendation,0,,0,,0,,push,,0,46,62,0,provider_a
825,9028487,2026-02-07 18:52:00,promo,0,,0,,0,,push,,0,51,55,0,provider_b
826,9028487,2026-02-12 11:18:00,recommendation,0,,0,,0,,push,,0,58,168,0,provider_a
827,9028487,2026-02-22 11:34:00,cart_reminder,0,,0,,0,,push,,0,60,77,0,provider_a
828,9028487,2026-03-18 18:42:00,recommendation,1,2026-03-18 20:40:00,0,,0,,push,,0,27,55,0,provider_a
829,9028487,2026-03-19 11:34:00,promo,0,,0,,0,,push,,0,30,179,0,provider_b
830,9028487,2026-03-21 10:41:00,promo,0,,0,,0,,push,,0,63,106,0,provider_a
831,9028487,2026-03-26 15:18:00,cart_reminder,0,,0,,0,,push,,0,28,101,0,provider_a
832,9028487,2026-03-27 09:28:00,promo,0,,0,,0,,push,,0,50,137,0,provider_a
833,9028487,2026-03-30 13:47:00,promo,0,,0,,0,,push,,0,26,133,1,provider_b
834,9028487,2026-04-13 19:01:00,promo,0,,0,,0,,push,,0,18,163,1,provider_c
835,9028487,2026-04-27 20:42:00,promo,1,2026-04-27 23:17:00,0,,0,,push,,0,52,44,0,provider_a
836,9047189,2024-07-15 17:02:00,price_drop,1,2024-07-15 19:44:00,0,,0,,push,,0,48,121,1,provider_a
837,9047189,2024-07-26 15:25:00,category_sale,0,,0,,0,,push,,1,64,94,1,provider_c
838,9047189,2024-08-02 09:28:00,cart_reminder,0,,0,,0,,push,,0,71,53,0,provider_a
839,9047189,2024-08-31 13:39:00,category_sale,1,2024-08-31 16:25:00,0,,0,,push,,0,59,153,0,provider_c
840,9047189,2024-09-13 11:38:00,promo,1,2024-09-13 12:59:00,0,,0,,push,,0,28,126,1,provider_a
841,9047189,2024-10-22 14:07:00,price_drop,0,,0,,0,,push,,0,37,151,1,provider_c
842,9047189,2024-11-20 15:46:00,cart_reminder,0,,0,,0,,push,,0,78,123,1,provider_b
843,9047189,2024-12-21 12:46:00,recommendation,0,,0,,0,,push,,0,39,99,1,provider_a
844,9047189,2025-01-11 19:44:00,promo,0,,0,,0,,push,,0,77,115,0,provider_a
845,9047189,2025-01-12 16:42:00,promo,0,,0,,0,,push,,0,56,175,0,provider_a
846,9047189,2025-02-27 20:03:00,promo,0,,0,,0,,push,,0,44,62,0,provider_a
847,9047189,2025-03-28 11:25:00,category_sale,0,,0,,0,,push,,0,70,74,0,provider_b
848,9047189,2025-04-06 19:47:00,cart_reminder,0,,0,,0,,push,,0,19,147,0,provider_a
849,9047189,2025-04-08 18:54:00,cart_reminder,0,,0,,0,,push,,0,58,83,0,provider_a
850,9047189,2025-05-07 19:38:00,cart_reminder,0,,0,,0,,push,,0,65,71,0,provider_a
851,9047189,2025-05-14 09:07:00,recommendation,0,,0,,0,,push,,0,75,171,0,provider_b
852,9047189,2025-05-20 12:07:00,category_sale,1,2025-05-20 12:57:00,0,,0,,push,,0,43,156,1,provider_b
853,9047189,2025-06-18 19:23:00,recommendation,0,,0,,0,,push,,0,65,143,1,provider_b
854,9047189,2025-06-19 16:21:00,promo,1,2025-06-19 17:17:00,0,,0,,push,,0,39,55,1,provider_c
855,9047189,2025-07-24 19:35:00,category_sale,1,2025-07-24 20:04:00,1,2025-07-24 20:55:00,0,,push,,0,50,72,1,provider_c
856,9047189,2025-08-13 12:50:00,promo,1,2025-08-13 13:13:00,1,2025-08-13 14:10:00,0,,push,,0,35,158,0,provider_b
857,9047189,2025-08-21 13:41:00,cart_reminder,0,,0,,0,,push,,0,52,121,0,provider_c
858,9047189,2025-08-27 13:48:00,cart_reminder,1,2025-08-27 15:43:00,0,,0,,push,,0,48,65,0,provider_c
859,9047189,2025-09-26 14:35:00,promo,1,2025-09-26 17:00:00,0,,0,,push,,0,42,122,0,provider_a
860,9047189,2025-10-01 12:46:00,promo,1,2025-10-01 15:44:00,0,,0,,push,,0,29,73,0,provider_b
861,9047189,2025-10-07 09:05:00,cart_reminder,1,2025-10-07 10:20:00,0,,0,,push,,0,27,178,0,provider_a
862,9047189,2025-10-24 17:00:00,price_drop,0,,0,,0,,push,,0,40,158,1,provider_a
863,9047189,2025-10-29 16:38:00,recommendation,1,2025-10-29 18:00:00,0,,0,,push,,0,45,120,1,provider_a
864,9047189,2025-11-07 16:28:00,promo,0,,0,,0,,push,,0,44,134,1,provider_a
865,9047189,2025-11-11 18:54:00,cart_reminder,1,2025-11-11 21:30:00,1,2025-11-11 21:45:00,0,,push,,0,18,175,0,provider_b
866,9047189,2025-12-05 14:16:00,cart_reminder,1,2025-12-05 16:18:00,0,,0,,push,,0,33,84,0,provider_c
867,9047189,2025-12-11 14:35:00,promo,0,,0,,0,,push,,0,37,66,0,provider_b
868,9047189,2025-12-22 20:43:00,recommendation,0,,0,,0,,push,,0,73,101,1,provider_c
869,9047189,2026-01-02 14:42:00,cart_reminder,1,2026-01-02 15:32:00,0,,0,,push,,0,25,169,1,provider_a
870,9047189,2026-01-05 17:12:00,recommendation,0,,0,,0,,push,,0,42,84,0,provider_a
871,9047189,2026-01-29 14:25:00,recommendation,0,,0,,0,,push,,0,58,74,1,provider_b
872,9047189,2026-02-16 18:54:00,promo,0,,0,,0,,push,,0,62,117,0,provider_c
873,9047189,2026-03-11 19:45:00,price_drop,1,2026-03-11 19:55:00,0,,0,,push,,0,28,146,1,provider_a
874,9047189,2026-03-24 12:37:00,promo,0,,0,,0,,push,,0,49,53,1,provider_a
875,9047189,2026-04-04 14:20:00,price_drop,0,,0,,0,,push,,0,54,171,0,provider_b
876,9047189,2026-04-07 11:46:00,cart_reminder,0,,0,,0,,push,,0,50,73,0,provider_a
877,9047189,2026-04-16 12:14:00,promo,0,,0,,0,,push,,0,22,57,0,provider_a
878,9047189,2026-04-30 12:09:00,recommendation,0,,0,,0,,push,,0,31,136,1,provider_a
879,9039657,2025-07-16 19:36:00,cart_reminder,0,,0,,0,,push,,0,23,130,1,provider_b
880,9039657,2025-07-26 13:20:00,category_sale,0,,0,,0,,push,,0,21,91,0,provider_c
881,9039657,2025-08-07 18:56:00,promo,0,,0,,0,,push,,0,70,54,1,provider_a
882,9039657,2025-09-28 13:37:00,recommendation,0,,0,,0,,push,,0,50,129,0,provider_b
883,9039657,2025-10-10 18:26:00,category_sale,0,,0,,0,,push,,0,78,70,0,provider_b
884,9039657,2025-10-24 20:26:00,recommendation,0,,0,,0,,push,,0,24,121,0,provider_a
885,9039657,2025-11-15 20:19:00,category_sale,0,,0,,0,,push,,0,24,70,0,provider_c
886,9039657,2026-02-15 16:13:00,recommendation,0,,0,,0,,push,,0,46,62,1,provider_b
887,9039657,2026-02-20 12:53:00,category_sale,0,,0,,0,,push,,0,58,139,0,provider_c
888,9039657,2026-02-28 10:13:00,category_sale,0,,0,,0,,push,,0,49,43,0,provider_a
889,9039657,2026-03-10 11:50:00,cart_reminder,0,,0,,0,,push,,0,59,159,0,provider_c
890,9014308,2025-02-04 13:05:00,recommendation,0,,0,,0,,push,,0,75,68,1,provider_a
891,9014308,2025-02-09 18:23:00,promo,0,,0,,0,,push,,0,74,84,0,provider_a
892,9014308,2025-04-02 17:57:00,recommendation,0,,0,,0,,push,,0,22,70,1,provider_b
893,9014308,2025-05-19 12:19:00,promo,0,,0,,0,,push,,0,71,46,0,provider_a
894,9014308,2025-06-05 16:11:00,price_drop,0,,0,,0,,push,,0,29,76,1,provider_a
895,9014308,2025-09-03 10:20:00,recommendation,0,,0,,0,,push,,1,47,177,1,provider_a
896,9014308,2025-10-26 20:56:00,price_drop,0,,0,,0,,push,,0,30,46,1,provider_c
897,9014308,2025-10-28 11:30:00,promo,0,,0,,0,,push,,0,18,94,1,provider_a
898,9014308,2025-11-09 20:39:00,price_drop,0,,0,,0,,push,,0,45,102,1,provider_b
899,9014308,2026-02-12 14:02:00,promo,0,,0,,0,,push,,0,64,150,1,provider_a
900,9014308,2026-03-20 10:51:00,recommendation,0,,0,,0,,push,,0,77,170,1,provider_b
901,9065692,2024-10-11 20:14:00,recommendation,0,,0,,0,,push,,0,77,47,0,provider_c
902,9065692,2024-11-12 15:36:00,promo,0,,0,,0,,push,,0,61,59,0,provider_a
903,9065692,2024-11-23 09:25:00,price_drop,1,2024-11-23 10:23:00,0,,0,,push,,0,56,106,1,provider_a
904,9065692,2024-12-08 14:46:00,recommendation,0,,0,,0,,push,,0,77,56,0,provider_a
905,9065692,2024-12-31 16:58:00,price_drop,0,,0,,0,,push,,0,57,161,0,provider_a
906,9065692,2025-01-11 12:09:00,category_sale,0,,0,,0,,push,,0,46,113,1,provider_b
907,9065692,2025-01-16 10:30:00,category_sale,0,,0,,0,,push,,0,20,140,1,provider_a
908,9065692,2025-02-04 15:43:00,promo,0,,0,,0,,push,,0,26,159,0,provider_c
909,9065692,2025-02-16 14:16:00,price_drop,0,,0,,0,,push,,0,45,94,1,provider_a
910,9065692,2025-02-24 16:36:00,price_drop,0,,0,,0,,push,,0,64,135,1,provider_b
911,9065692,2025-03-24 13:26:00,cart_reminder,0,,0,,0,,push,,0,64,151,0,provider_a
912,9065692,2025-04-02 10:40:00,promo,1,2025-04-02 13:20:00,0,,0,,push,,1,74,83,1,provider_a
913,9065692,2025-04-10 17:38:00,cart_reminder,0,,0,,0,,push,,0,19,178,0,provider_a
914,9065692,2025-05-06 16:20:00,promo,0,,0,,0,,push,,0,32,53,1,provider_a
915,9065692,2025-05-11 09:42:00,category_sale,0,,0,,0,,push,,0,53,76,1,provider_b
916,9065692,2025-05-21 10:16:00,promo,0,,0,,0,,push,,0,37,111,1,provider_a
917,9065692,2025-05-22 09:05:00,price_drop,0,,0,,0,,push,,0,30,71,1,provider_c
918,9065692,2025-06-20 18:41:00,category_sale,0,,0,,0,,push,,0,50,112,0,provider_a
919,9065692,2025-06-30 09:10:00,promo,0,,0,,0,,push,,0,22,138,1,provider_b
920,9065692,2025-07-15 20:49:00,promo,0,,0,,0,,push,,0,65,47,1,provider_a
921,9065692,2025-08-17 17:02:00,price_drop,0,,0,,0,,push,,0,50,59,1,provider_a
922,9065692,2025-09-04 20:12:00,cart_reminder,0,,0,,0,,push,,0,20,72,1,provider_a
923,9065692,2025-09-08 19:52:00,cart_reminder,0,,0,,0,,push,,0,62,146,1,provider_a
924,9065692,2025-09-12 20:14:00,cart_reminder,0,,0,,0,,push,,0,74,171,1,provider_b
925,9065692,2025-09-28 17:34:00,cart_reminder,0,,0,,0,,push,,0,74,139,0,provider_a
926,9065692,2025-10-22 10:26:00,promo,0,,0,,0,,push,,0,73,170,0,provider_a
927,9065692,2025-10-25 10:29:00,price_drop,0,,0,,0,,push,,0,61,161,1,provider_a
928,9065692,2025-10-28 17:56:00,cart_reminder,0,,0,,0,,push,,0,42,49,0,provider_b
929,9065692,2025-11-06 14:32:00,promo,0,,0,,0,,push,,0,67,76,1,provider_c
930,9065692,2025-11-14 09:41:00,promo,0,,0,,0,,push,,0,42,73,0,provider_b
931,9065692,2025-11-19 13:50:00,promo,0,,0,,0,,push,,0,55,71,1,provider_c
932,9065692,2025-11-30 12:01:00,recommendation,1,2025-11-30 12:45:00,0,,0,,push,,0,79,146,0,provider_a
933,9065692,2025-12-04 09:20:00,price_drop,0,,0,,0,,push,,0,36,138,1,provider_a
934,9065692,2025-12-23 13:46:00,recommendation,0,,0,,0,,push,,0,44,173,0,provider_a
935,9065692,2025-12-26 13:11:00,promo,1,2025-12-26 13:36:00,1,2025-12-26 14:26:00,0,,push,,0,34,51,1,provider_c
936,9065692,2026-01-05 16:43:00,price_drop,0,,0,,0,,push,,0,31,159,1,provider_a
937,9065692,2026-01-17 16:02:00,recommendation,0,,0,,0,,push,,0,44,162,1,provider_c
938,9065692,2026-02-21 17:34:00,cart_reminder,1,2026-02-21 19:57:00,1,2026-02-21 20:07:00,0,,push,,0,39,147,1,provider_a
939,9065692,2026-03-07 09:27:00,category_sale,0,,0,,0,,push,,0,65,68,0,provider_a
940,9065692,2026-03-12 13:44:00,cart_reminder,0,,0,,0,,push,,0,74,138,1,provider_a
941,9065692,2026-03-26 20:24:00,cart_reminder,0,,0,,0,,push,,0,50,78,1,provider_a
942,9065692,2026-03-27 14:44:00,promo,1,2026-03-27 16:10:00,0,,0,,push,,0,34,116,0,provider_c
943,9065692,2026-04-18 13:33:00,promo,0,,0,,0,,push,,0,75,107,0,provider_a
944,9065692,2026-04-19 15:26:00,cart_reminder,0,,0,,0,,push,,0,60,99,0,provider_a
945,9012389,2024-07-07 13:37:00,recommendation,0,,0,,0,,push,,0,26,116,0,provider_b
946,9012389,2024-09-12 18:12:00,promo,0,,0,,0,,push,,0,35,175,1,provider_a
947,9012389,2024-09-23 11:57:00,cart_reminder,0,,0,,0,,push,,0,27,85,0,provider_a
948,9012389,2024-11-15 10:49:00,recommendation,0,,0,,0,,push,,0,36,162,0,provider_b
949,9012389,2024-12-03 19:28:00,cart_reminder,0,,0,,0,,push,,0,53,73,1,provider_a
950,9012389,2024-12-09 09:53:00,category_sale,0,,0,,0,,push,,0,48,111,0,provider_b
951,9012389,2025-01-06 15:41:00,promo,0,,0,,0,,push,,0,48,128,1,provider_a
952,9012389,2025-01-22 15:50:00,recommendation,0,,0,,0,,push,,0,44,59,0,provider_a
953,9012389,2025-02-03 10:30:00,promo,0,,0,,0,,push,,0,77,51,1,provider_c
954,9012389,2025-02-28 18:50:00,promo,0,,0,,0,,push,,0,49,96,1,provider_a
955,9012389,2025-03-24 13:31:00,recommendation,0,,0,,0,,push,,0,52,70,0,provider_a
956,9012389,2025-05-28 15:25:00,category_sale,0,,0,,0,,push,,0,67,107,1,provider_c
957,9012389,2025-07-23 11:27:00,promo,0,,0,,0,,push,,0,21,42,1,provider_a
958,9012389,2025-08-31 10:33:00,recommendation,0,,0,,0,,push,,0,19,168,0,provider_b
959,9012389,2025-11-19 12:41:00,recommendation,0,,0,,0,,push,,0,24,101,1,provider_a
960,9012389,2025-12-17 16:31:00,promo,0,,0,,0,,push,,0,30,139,0,provider_a
961,9012389,2026-01-03 12:16:00,category_sale,0,,0,,0,,push,,0,45,148,0,provider_a
962,9012389,2026-01-07 18:11:00,recommendation,0,,0,,0,,push,,0,18,128,0,provider_b
963,9012389,2026-02-18 09:58:00,promo,0,,0,,0,,push,,0,66,46,1,provider_a
964,9012389,2026-03-30 20:07:00,price_drop,0,,0,,0,,push,,0,76,40,1,provider_a
965,9012389,2026-04-01 11:54:00,promo,0,,0,,0,,push,,0,55,52,0,provider_b
966,9012389,2026-04-29 17:46:00,promo,0,,0,,0,,push,,1,63,102,1,provider_c
967,9050141,2024-07-06 19:41:00,promo,1,2024-07-06 20:19:00,0,,0,,push,,0,58,158,1,provider_a
968,9050141,2024-07-25 12:59:00,price_drop,1,2024-07-25 15:35:00,0,,0,,push,,0,57,106,1,provider_b
969,9050141,2024-07-27 15:21:00,price_drop,1,2024-07-27 16:07:00,0,,0,,push,,0,60,82,0,provider_a
970,9050141,2024-08-25 18:11:00,recommendation,0,,0,,0,,push,,0,27,176,0,provider_a
971,9050141,2024-08-29 20:31:00,cart_reminder,1,2024-08-29 20:45:00,1,2024-08-29 21:10:00,0,,push,,0,57,61,0,provider_a
972,9050141,2024-10-01 11:53:00,promo,1,2024-10-01 12:47:00,0,,0,,push,,0,58,176,0,provider_a
973,9050141,2024-10-14 18:20:00,promo,0,,0,,0,,push,,0,30,58,0,provider_a
974,9050141,2024-11-10 13:58:00,recommendation,0,,0,,0,,push,,0,68,173,0,provider_b
975,9050141,2024-11-25 17:37:00,price_drop,0,,0,,0,,push,,0,39,152,0,provider_a
976,9050141,2024-12-27 10:20:00,cart_reminder,0,,0,,0,,push,,0,68,64,1,provider_a
977,9050141,2024-12-30 18:21:00,cart_reminder,0,,0,,0,,push,,0,67,177,1,provider_b
978,9050141,2025-01-15 19:54:00,category_sale,0,,0,,0,,push,,0,62,157,1,provider_b
979,9050141,2025-01-16 11:08:00,promo,1,2025-01-16 13:13:00,1,2025-01-16 13:24:00,0,,push,,0,62,89,1,provider_a
980,9050141,2025-01-19 16:34:00,recommendation,1,2025-01-19 18:14:00,1,2025-01-19 18:18:00,0,,push,,0,38,97,0,provider_b
981,9050141,2025-02-17 13:25:00,cart_reminder,0,,0,,0,,push,,0,70,118,1,provider_a
982,9050141,2025-02-24 19:23:00,category_sale,1,2025-02-24 19:25:00,0,,0,,push,,0,41,65,1,provider_a
983,9050141,2025-03-07 18:56:00,recommendation,1,2025-03-07 21:16:00,0,,0,,push,,0,57,116,1,provider_a
984,9050141,2025-04-09 13:35:00,recommendation,0,,0,,0,,push,,0,18,88,0,provider_c
985,9050141,2025-04-30 16:51:00,promo,0,,0,,0,,push,,0,74,45,1,provider_c
986,9050141,2025-06-02 10:35:00,recommendation,1,2025-06-02 11:51:00,0,,0,,push,,0,40,140,0,provider_b
987,9050141,2025-06-04 18:35:00,cart_reminder,1,2025-06-04 20:00:00,1,2025-06-04 20:21:00,0,,push,,0,25,118,1,provider_b
988,9050141,2025-07-07 20:01:00,promo,0,,0,,0,,push,,0,25,133,1,provider_a
989,9050141,2025-07-29 18:11:00,recommendation,0,,0,,0,,push,,0,50,177,0,provider_b
990,9050141,2025-08-11 18:38:00,recommendation,0,,0,,0,,push,,0,48,137,0,provider_a
991,9050141,2025-08-18 13:39:00,category_sale,1,2025-08-18 14:07:00,1,2025-08-18 14:55:00,0,,push,,0,71,103,0,provider_b
992,9050141,2025-08-30 17:06:00,promo,0,,0,,0,,push,,0,19,118,0,provider_a
993,9050141,2025-09-07 15:06:00,promo,1,2025-09-07 17:06:00,0,,0,,push,,0,57,103,1,provider_a
994,9050141,2025-09-15 12:24:00,recommendation,0,,0,,0,,push,,0,47,115,0,provider_a
995,9050141,2025-09-16 13:56:00,promo,0,,0,,0,,push,,0,40,102,0,provider_a
996,9050141,2025-10-08 11:16:00,cart_reminder,0,,0,,0,,push,,0,31,75,0,provider_a
997,9050141,2025-10-11 18:07:00,category_sale,0,,0,,0,,push,,0,47,141,0,provider_c
998,9050141,2025-11-09 14:34:00,recommendation,0,,0,,0,,push,,0,21,152,1,provider_a
999,9050141,2025-11-15 19:27:00,cart_reminder,0,,0,,0,,push,,0,54,94,0,provider_b