seller_id;seller_registration_dt;seller_first_sale_dt;seller_main_category;seller_region_cluster;seller_size_bucket;fulfillment_model;seller_manager_region;seller_onboarding_channel;seller_has_logo_flag
100001;15.07.2024;16.08.2024;Дом;Санкт-Петербург;micro;mixed;north;offline_event;1
100002;15.12.2025;11.01.2026;Спорт;Юг;medium;mixed;center;referral;1
100003;06.03.2025;28.03.2025;Обувь;Центр;small;FBO;east;partner;1
100004;20.02.2024;04.04.2024;Электроника;Урал;small;FBO;center;organic;1
100005;12.03.2024;24.04.2024;Детские товары;Урал;micro;FBO;south;organic;1
100006;03.09.2024;09.09.2024;Аксессуары;Юг;small;FBS;west;organic;1
100007;02.10.2023;11.10.2023;Дом;Урал;micro;mixed;west;partner;0
100008;30.12.2023;20.01.2024;Дом;Поволжье;micro;FBO;west;organic;1
100009;21.09.2025;25.10.2025;Обувь;Урал;micro;FBO;west;organic;0
100010;21.12.2025;10.01.2026;Аксессуары;Центр;micro;FBS;center;organic;1
100011;24.03.2025;04.04.2025;Одежда;Сибирь;small;FBS;center;referral;1
100012;04.09.2025;21.09.2025;Одежда;Сибирь;small;FBO;east;organic;0
100013;08.11.2023;24.11.2023;Красота;Урал;medium;FBS;south;partner;1
100014;13.10.2024;15.12.2024;Красота;Москва и МО;large;FBS;east;offline_event;1
100015;25.12.2024;08.01.2025;Аксессуары;Центр;small;FBS;center;organic;1
100016;11.03.2025;25.03.2025;Одежда;Поволжье;micro;mixed;north;organic;1
100017;22.01.2026;06.03.2026;Детские товары;Москва и МО;medium;FBS;south;offline_event;1
100018;19.08.2023;21.10.2023;Одежда;Центр;micro;FBS;east;referral;1
100019;17.04.2025;21.04.2025;Одежда;Юг;micro;mixed;south;organic;1
100020;24.04.2025;16.05.2025;Канцелярия;Поволжье;micro;FBS;south;ads;0
100021;20.07.2024;14.08.2024;Дом;Центр;large;mixed;center;organic;0
100022;18.01.2024;19.02.2024;Электроника;Поволжье;medium;FBS;east;ads;1
100023;07.02.2026;10.03.2026;Товары для животных;Сибирь;small;FBO;east;ads;1
100024;14.09.2024;21.09.2024;Дом;Урал;micro;mixed;south;referral;0
100025;09.04.2024;10.05.2024;Дом;Сибирь;micro;FBO;east;organic;0
100026;13.03.2025;30.03.2025;Электроника;Центр;small;FBS;center;referral;0
100027;23.04.2025;17.06.2025;Одежда;Дальний Восток;small;mixed;east;referral;1
100028;08.04.2025;16.05.2025;Товары для животных;Сибирь;micro;FBO;west;ads;1
100029;05.10.2023;07.11.2023;Товары для животных;Поволжье;micro;FBO;east;organic;0
100030;22.08.2024;19.10.2024;Спорт;Сибирь;micro;FBS;south;offline_event;1
100031;06.12.2023;09.01.2024;Дом;Юг;micro;FBO;center;organic;0
100032;29.07.2023;01.09.2023;Электроника;Москва и МО;micro;mixed;center;organic;1
100033;14.08.2025;09.09.2025;Электроника;Урал;micro;FBS;south;organic;1
100034;04.02.2026;26.02.2026;Красота;Москва и МО;small;FBS;center;ads;1
100035;31.01.2025;23.02.2025;Одежда;Москва и МО;medium;FBO;north;ads;1
100036;07.06.2025;13.06.2025;Канцелярия;Сибирь;micro;mixed;center;organic;0
100037;11.01.2026;12.03.2026;Спорт;Санкт-Петербург;micro;FBS;north;organic;0
100038;11.06.2024;20.06.2024;Дом;Поволжье;medium;mixed;west;organic;1
100039;04.09.2025;23.09.2025;Детские товары;Центр;micro;mixed;center;organic;1
100040;13.10.2025;23.11.2025;Спорт;Москва и МО;small;FBO;center;partner;0
100041;19.05.2024;12.06.2024;Канцелярия;Центр;micro;mixed;east;organic;1
100042;21.02.2024;07.03.2024;Красота;Поволжье;micro;FBO;east;referral;1
100043;15.11.2024;02.01.2025;Одежда;Юг;micro;FBO;center;partner;0
100044;28.02.2024;27.03.2024;Одежда;Центр;large;FBS;north;organic;1
100045;10.02.2025;21.02.2025;Одежда;Поволжье;medium;FBO;south;organic;1
100046;13.01.2026;09.02.2026;Аксессуары;Дальний Восток;micro;FBO;west;organic;1
100047;26.01.2025;10.02.2025;Дом;Сибирь;micro;FBS;west;referral;0
100048;08.07.2025;14.07.2025;Электроника;Поволжье;micro;FBS;north;offline_event;0
100049;17.02.2024;16.03.2024;Красота;Москва и МО;micro;mixed;south;referral;1
100050;17.12.2023;23.12.2023;Красота;Санкт-Петербург;small;FBS;west;offline_event;0
100051;01.12.2023;13.12.2023;Одежда;Москва и МО;micro;FBS;east;organic;1
100052;02.01.2025;31.01.2025;Электроника;Поволжье;micro;FBO;south;ads;1
100053;23.02.2026;04.03.2026;Обувь;Поволжье;medium;mixed;center;organic;0
100054;02.02.2024;31.03.2024;Одежда;Центр;micro;FBS;south;organic;0
100055;25.07.2023;13.08.2023;Одежда;Урал;small;FBS;center;organic;1
100056;29.12.2024;08.02.2025;Канцелярия;Юг;small;FBO;west;organic;1
100057;11.02.2024;25.04.2024;Электроника;Поволжье;small;mixed;east;organic;0
100058;18.01.2025;16.02.2025;Обувь;Центр;small;FBO;east;organic;1
100059;22.07.2024;30.08.2024;Одежда;Центр;small;FBS;center;organic;0
100060;06.08.2025;11.09.2025;Детские товары;Москва и МО;micro;FBS;north;referral;1
100061;05.08.2024;22.09.2024;Электроника;Урал;micro;FBO;south;referral;1
100062;30.08.2025;13.09.2025;Спорт;Поволжье;small;FBS;east;organic;1
100063;26.02.2026;08.03.2026;Одежда;Дальний Восток;small;FBO;north;organic;0
100064;06.10.2025;11.12.2025;Красота;Санкт-Петербург;micro;FBS;east;organic;1
100065;05.05.2024;20.05.2024;Детские товары;Дальний Восток;small;FBO;east;ads;1
100066;28.05.2024;15.06.2024;Одежда;Поволжье;micro;FBS;north;referral;1
100067;23.01.2026;22.02.2026;Одежда;Сибирь;micro;FBO;north;organic;1
100068;26.01.2026;31.01.2026;Красота;Поволжье;small;FBS;east;referral;0
100069;03.08.2024;02.09.2024;Товары для животных;Москва и МО;medium;FBS;center;ads;0
100070;17.11.2023;15.12.2023;Одежда;Москва и МО;micro;mixed;west;ads;1
100071;05.10.2024;24.10.2024;Одежда;Москва и МО;small;FBO;center;offline_event;0
100072;11.07.2024;30.07.2024;Дом;Сибирь;micro;FBO;west;organic;1
100073;07.10.2023;19.10.2023;Электроника;Урал;micro;mixed;north;offline_event;0
100074;24.12.2023;04.01.2024;Дом;Москва и МО;large;FBS;west;organic;0
100075;03.03.2026;18.04.2026;Одежда;Урал;micro;FBO;center;referral;1
100076;23.10.2025;02.11.2025;Одежда;Санкт-Петербург;large;mixed;north;organic;0
100077;21.06.2025;25.07.2025;Дом;Москва и МО;micro;FBO;west;ads;1
100078;20.09.2024;21.10.2024;Дом;Санкт-Петербург;small;FBS;north;organic;1
100079;26.09.2025;03.10.2025;Спорт;Санкт-Петербург;micro;FBO;center;ads;0
100080;25.01.2025;11.02.2025;Одежда;Центр;medium;mixed;north;organic;0
100081;04.07.2024;13.07.2024;Канцелярия;Поволжье;micro;mixed;west;partner;1
100082;25.08.2023;16.10.2023;Дом;Санкт-Петербург;micro;FBO;east;partner;1
100083;25.11.2025;21.12.2025;Товары для животных;Центр;small;FBS;east;partner;1
100084;09.10.2023;01.11.2023;Аксессуары;Поволжье;medium;FBS;center;partner;0
100085;07.07.2023;13.08.2023;Дом;Урал;small;mixed;south;partner;1
100086;16.04.2024;25.05.2024;Электроника;Центр;small;FBO;north;ads;0
100087;16.03.2024;06.04.2024;Детские товары;Сибирь;micro;FBS;south;ads;1
100088;29.06.2025;14.07.2025;Обувь;Санкт-Петербург;small;FBS;south;referral;1
100089;28.10.2023;18.11.2023;Аксессуары;Поволжье;micro;mixed;north;organic;1
100090;08.10.2024;19.10.2024;Красота;Поволжье;micro;FBS;center;referral;0
100091;25.10.2025;10.11.2025;Электроника;Москва и МО;small;mixed;south;organic;1
100092;19.12.2023;27.12.2023;Канцелярия;Урал;micro;mixed;west;partner;1
100093;30.09.2023;12.10.2023;Канцелярия;Юг;small;FBS;west;partner;1
100094;08.03.2024;26.06.2024;Электроника;Дальний Восток;large;FBS;west;organic;1
100095;06.05.2024;07.08.2024;Красота;Урал;micro;FBO;west;ads;1
100096;18.01.2024;11.02.2024;Спорт;Центр;micro;mixed;south;offline_event;1
100097;16.01.2024;26.01.2024;Электроника;Москва и МО;micro;FBO;south;organic;1
100098;07.12.2025;17.12.2025;Красота;Урал;small;FBO;south;organic;1
100099;27.12.2024;18.01.2025;Красота;Поволжье;micro;FBS;north;offline_event;1
100100;11.03.2024;10.04.2024;Обувь;Москва и МО;small;FBS;north;referral;0
100101;11.01.2024;02.02.2024;Красота;Урал;micro;FBO;south;organic;0
100102;12.09.2024;27.09.2024;Одежда;Санкт-Петербург;small;FBS;north;organic;0
100103;12.07.2023;19.08.2023;Детские товары;Москва и МО;small;FBO;east;organic;0
100104;02.01.2026;20.01.2026;Красота;Центр;medium;FBS;center;organic;0
100105;10.10.2024;20.11.2024;Красота;Москва и МО;small;FBS;north;organic;1
100106;10.10.2024;04.11.2024;Спорт;Сибирь;micro;FBS;west;organic;1
100107;10.04.2024;12.06.2024;Одежда;Поволжье;micro;FBO;west;ads;1
100108;06.09.2024;12.10.2024;Электроника;Урал;micro;FBO;west;organic;1
100109;03.12.2025;14.12.2025;Электроника;Урал;small;FBS;north;ads;1
100110;25.01.2025;16.02.2025;Красота;Центр;medium;FBS;south;partner;1
100111;27.04.2025;19.05.2025;Дом;Поволжье;micro;FBO;east;partner;1
100112;27.03.2025;02.05.2025;Одежда;Поволжье;micro;FBO;west;partner;1
100113;07.06.2024;23.06.2024;Одежда;Урал;medium;FBO;north;referral;1
100114;12.05.2025;10.07.2025;Красота;Москва и МО;micro;FBS;south;organic;1
100115;03.12.2025;17.03.2026;Одежда;Санкт-Петербург;small;FBS;east;organic;1
100116;15.11.2024;31.12.2024;Детские товары;Юг;medium;FBS;center;organic;0
100117;27.02.2024;20.03.2024;Электроника;Юг;medium;FBO;north;ads;1
100118;01.01.2025;04.02.2025;Одежда;Урал;large;FBO;east;partner;0
100119;23.12.2023;31.12.2023;Электроника;Юг;medium;FBO;center;referral;1
100120;02.09.2023;11.10.2023;Товары для животных;Москва и МО;micro;mixed;south;referral;1
100121;21.01.2025;07.03.2025;Одежда;Сибирь;micro;mixed;south;ads;1
100122;06.08.2024;24.08.2024;Спорт;Москва и МО;micro;FBO;south;ads;0
100123;28.12.2025;12.02.2026;Аксессуары;Сибирь;large;FBS;center;referral;1
100124;11.08.2023;19.11.2023;Одежда;Поволжье;small;FBO;north;organic;0
100125;15.08.2023;30.08.2023;Электроника;Поволжье;micro;FBO;south;organic;0
100126;18.04.2024;10.05.2024;Одежда;Юг;small;mixed;center;organic;1
100127;08.05.2024;24.05.2024;Одежда;Поволжье;micro;FBS;center;organic;0
100128;06.06.2025;09.07.2025;Одежда;Урал;micro;FBO;west;ads;1
100129;06.03.2026;21.03.2026;Электроника;Юг;small;FBS;east;organic;0
100130;05.06.2024;03.07.2024;Аксессуары;Центр;small;FBS;center;offline_event;0
100131;23.09.2023;08.11.2023;Электроника;Москва и МО;medium;mixed;east;ads;0
100132;21.02.2026;09.03.2026;Детские товары;Юг;small;FBO;west;organic;1
100133;24.12.2025;13.01.2026;Канцелярия;Юг;micro;FBS;west;partner;1
100134;26.11.2025;07.12.2025;Красота;Юг;micro;FBS;east;referral;0
100135;17.01.2024;01.03.2024;Красота;Центр;small;FBO;south;organic;0
100136;18.12.2025;02.01.2026;Канцелярия;Центр;micro;FBO;north;offline_event;1
100137;23.02.2025;17.03.2025;Одежда;Поволжье;micro;mixed;north;partner;1
100138;11.04.2025;19.04.2025;Дом;Поволжье;medium;FBO;center;organic;0
100139;14.10.2023;27.11.2023;Одежда;Москва и МО;small;FBS;center;ads;0
100140;05.03.2025;09.03.2025;Товары для животных;Санкт-Петербург;small;mixed;south;partner;0
100141;05.03.2026;27.04.2026;Одежда;Москва и МО;small;FBO;west;partner;1
100142;29.02.2024;15.03.2024;Дом;Центр;small;mixed;west;organic;1
100143;16.12.2023;01.01.2024;Обувь;Поволжье;large;FBS;south;organic;1
100144;26.07.2023;22.09.2023;Красота;Урал;small;FBS;center;organic;1
100145;16.06.2024;02.09.2024;Аксессуары;Центр;small;FBO;east;partner;1
100146;19.11.2023;01.12.2023;Товары для животных;Санкт-Петербург;small;FBO;south;referral;0
100147;12.08.2024;23.09.2024;Красота;Санкт-Петербург;micro;FBS;south;organic;0
100148;09.09.2024;21.09.2024;Электроника;Москва и МО;small;FBS;center;referral;0
100149;08.07.2025;22.07.2025;Канцелярия;Центр;large;mixed;west;partner;1
100150;24.07.2023;09.09.2023;Электроника;Урал;small;FBS;south;organic;1
100151;14.10.2024;03.11.2024;Одежда;Центр;micro;FBO;center;organic;1
100152;05.05.2024;29.05.2024;Дом;Санкт-Петербург;micro;FBO;center;offline_event;0
100153;02.09.2023;09.09.2023;Обувь;Москва и МО;small;FBO;south;organic;0
100154;11.03.2026;;Одежда;Москва и МО;micro;FBS;north;ads;1
100155;28.07.2025;12.08.2025;Электроника;Сибирь;large;FBO;south;organic;1
100156;14.09.2023;28.10.2023;Товары для животных;Поволжье;small;FBS;south;referral;0
100157;10.11.2024;07.12.2024;Товары для животных;Центр;micro;FBO;center;organic;1
100158;19.11.2024;05.12.2024;Товары для животных;Центр;micro;FBO;north;partner;1
100159;26.02.2025;17.03.2025;Красота;Поволжье;micro;FBS;west;partner;1
100160;30.06.2024;27.07.2024;Товары для животных;Москва и МО;micro;FBO;north;offline_event;1
100161;01.07.2025;13.08.2025;Товары для животных;Санкт-Петербург;small;FBS;south;partner;1
100162;05.12.2024;14.01.2025;Красота;Центр;micro;FBO;east;partner;0
100163;19.09.2024;10.10.2024;Красота;Дальний Восток;micro;FBS;north;referral;1
100164;21.07.2025;06.08.2025;Электроника;Центр;micro;FBO;west;organic;0
100165;31.03.2024;30.04.2024;Красота;Центр;medium;FBO;center;organic;1
100166;20.01.2026;12.02.2026;Одежда;Центр;small;FBS;north;organic;1
100167;17.09.2025;01.11.2025;Дом;Санкт-Петербург;micro;FBS;center;organic;1
100168;29.04.2025;31.05.2025;Электроника;Поволжье;micro;FBS;center;organic;1
100169;16.12.2023;23.12.2023;Обувь;Урал;small;mixed;south;organic;1
100170;01.07.2025;01.08.2025;Одежда;Урал;micro;FBO;south;organic;1
100171;25.06.2025;03.07.2025;Товары для животных;Санкт-Петербург;small;FBS;south;organic;1
100172;22.09.2025;05.11.2025;Одежда;Центр;micro;FBO;center;offline_event;1
100173;24.01.2024;14.03.2024;Спорт;Поволжье;small;FBS;south;ads;0
100174;23.07.2023;30.07.2023;Дом;Санкт-Петербург;micro;FBS;south;partner;1
100175;16.12.2025;26.01.2026;Одежда;Москва и МО;micro;FBS;north;ads;1
100176;19.02.2024;07.03.2024;Красота;Центр;micro;FBS;east;offline_event;1
100177;08.03.2024;22.03.2024;Спорт;Санкт-Петербург;micro;FBO;center;organic;1
100178;15.10.2023;01.11.2023;Электроника;Центр;micro;FBO;center;ads;1
100179;12.08.2023;09.09.2023;Одежда;Центр;small;FBO;west;partner;1
100180;19.08.2024;05.09.2024;Канцелярия;Поволжье;micro;FBS;east;offline_event;0
100181;05.08.2023;14.09.2023;Аксессуары;Центр;small;FBO;east;organic;1
100182;20.10.2023;26.12.2023;Одежда;Центр;medium;FBO;north;ads;1
100183;13.05.2025;17.05.2025;Красота;Москва и МО;micro;FBS;south;offline_event;1
100184;28.10.2023;06.11.2023;Детские товары;Юг;large;mixed;east;organic;1
100185;12.04.2025;30.04.2025;Товары для животных;Москва и МО;micro;FBO;center;referral;1
100186;14.12.2023;27.01.2024;Спорт;Дальний Восток;small;FBO;center;ads;1
100187;12.09.2024;01.10.2024;Дом;Москва и МО;micro;FBS;center;ads;1
100188;22.02.2025;12.03.2025;Красота;Урал;micro;FBO;east;referral;0
100189;23.04.2025;19.05.2025;Спорт;Урал;micro;FBO;south;partner;1
100190;11.03.2025;23.05.2025;Дом;Юг;micro;FBO;center;organic;1
100191;01.10.2025;29.10.2025;Красота;Центр;large;FBO;south;partner;1
100192;16.08.2024;12.10.2024;Детские товары;Центр;small;FBO;center;organic;1
100193;04.07.2023;31.07.2023;Дом;Сибирь;medium;FBO;east;organic;1
100194;29.06.2025;14.07.2025;Аксессуары;Центр;small;FBS;east;partner;1
100195;16.10.2024;21.10.2024;Одежда;Москва и МО;micro;mixed;center;organic;1
100196;24.10.2023;02.11.2023;Красота;Москва и МО;micro;FBS;center;organic;1
100197;17.03.2025;27.03.2025;Одежда;Юг;large;FBO;center;partner;1
100198;22.02.2025;22.03.2025;Одежда;Юг;micro;FBO;south;referral;1
100199;28.08.2025;06.09.2025;Обувь;Центр;small;FBO;west;referral;0
100200;13.09.2024;17.10.2024;Обувь;Юг;large;FBS;south;organic;1
100201;25.08.2025;24.09.2025;Одежда;Москва и МО;micro;FBO;center;referral;0
100202;18.10.2024;15.11.2024;Одежда;Москва и МО;medium;FBO;east;partner;1
100203;27.12.2024;20.02.2025;Детские товары;Сибирь;micro;FBO;north;organic;0
100204;20.07.2024;22.08.2024;Дом;Санкт-Петербург;small;FBS;center;ads;1
100205;11.08.2025;30.08.2025;Детские товары;Дальний Восток;medium;FBS;east;organic;1
100206;24.07.2024;09.08.2024;Одежда;Санкт-Петербург;micro;FBS;west;partner;1
100207;05.10.2025;16.12.2025;Одежда;Центр;small;FBO;east;referral;1
100208;19.10.2024;01.12.2024;Красота;Москва и МО;small;mixed;north;ads;1
100209;25.06.2024;08.07.2024;Товары для животных;Центр;micro;FBS;north;ads;1
100210;14.12.2025;19.12.2025;Дом;Санкт-Петербург;micro;FBO;center;organic;1
100211;03.05.2025;29.05.2025;Аксессуары;Санкт-Петербург;small;FBS;north;referral;0
100212;08.11.2024;06.12.2024;Электроника;Санкт-Петербург;micro;FBS;center;offline_event;1
100213;27.02.2024;26.03.2024;Аксессуары;Поволжье;small;FBS;center;organic;1
100214;19.03.2024;23.03.2024;Товары для животных;Санкт-Петербург;micro;FBS;south;ads;1
100215;09.05.2024;19.05.2024;Детские товары;Поволжье;small;FBO;east;organic;0
100216;29.09.2023;16.10.2023;Обувь;Центр;large;FBS;center;partner;1
100217;04.12.2025;24.12.2025;Одежда;Москва и МО;small;FBS;west;organic;1
100218;13.11.2025;11.12.2025;Одежда;Санкт-Петербург;small;FBS;north;ads;1
100219;24.11.2025;22.12.2025;Обувь;Юг;small;FBO;east;ads;1
100220;25.11.2024;27.12.2024;Красота;Поволжье;micro;FBO;center;organic;1
100221;03.07.2024;11.07.2024;Детские товары;Поволжье;micro;FBS;west;partner;0
100222;06.01.2026;21.01.2026;Одежда;Дальний Восток;micro;FBS;center;organic;1
100223;15.12.2024;27.12.2024;Одежда;Юг;small;FBO;center;partner;1
100224;26.05.2025;12.06.2025;Электроника;Центр;micro;FBO;east;organic;1
100225;24.10.2024;18.11.2024;Дом;Юг;micro;FBS;north;organic;0
100226;30.12.2023;16.01.2024;Спорт;Москва и МО;small;FBO;south;organic;1
100227;20.05.2025;03.06.2025;Электроника;Центр;micro;FBO;west;organic;1
100228;04.12.2025;12.01.2026;Спорт;Москва и МО;micro;FBO;west;organic;0
100229;18.11.2024;10.12.2024;Одежда;Центр;micro;FBS;west;partner;1
100230;03.02.2026;05.04.2026;Дом;Центр;small;FBS;south;organic;0
100231;01.03.2025;06.03.2025;Электроника;Москва и МО;small;FBS;east;organic;1
100232;01.11.2025;29.11.2025;Детские товары;Поволжье;small;FBS;center;organic;1
100233;25.01.2024;13.02.2024;Аксессуары;Юг;micro;mixed;north;organic;1
100234;20.10.2023;22.11.2023;Одежда;Дальний Восток;small;FBO;north;offline_event;1
100235;10.11.2025;13.11.2025;Аксессуары;Центр;micro;FBS;south;referral;1
100236;21.12.2023;04.01.2024;Одежда;Сибирь;small;FBO;center;partner;1
100237;02.12.2023;08.01.2024;Канцелярия;Москва и МО;micro;FBS;east;organic;1
100238;04.01.2025;03.02.2025;Красота;Москва и МО;small;FBS;south;organic;1
100239;18.04.2025;06.06.2025;Одежда;Юг;medium;FBO;east;organic;0
100240;31.07.2025;14.08.2025;Одежда;Москва и МО;small;FBO;north;referral;1
100241;17.09.2025;25.09.2025;Детские товары;Дальний Восток;small;FBO;center;partner;0
100242;13.11.2023;05.02.2024;Красота;Сибирь;large;mixed;east;organic;0
100243;05.04.2025;24.04.2025;Аксессуары;Центр;small;FBS;center;referral;1
100244;12.11.2025;15.12.2025;Дом;Центр;small;FBO;west;referral;0
100245;16.05.2024;21.06.2024;Детские товары;Центр;micro;FBS;center;ads;1
100246;25.02.2025;18.03.2025;Одежда;Юг;micro;FBS;south;organic;0
100247;03.09.2025;21.09.2025;Детские товары;Поволжье;small;FBO;north;partner;0
100248;20.02.2025;27.03.2025;Аксессуары;Центр;small;FBO;center;ads;0
100249;08.04.2025;23.04.2025;Обувь;Москва и МО;micro;FBO;center;partner;1
100250;18.11.2024;30.12.2024;Одежда;Урал;micro;FBO;center;organic;1
100251;07.11.2024;23.11.2024;Обувь;Москва и МО;small;FBS;center;organic;1
100252;14.12.2024;07.03.2025;Дом;Санкт-Петербург;small;FBO;west;referral;1
100253;04.04.2024;27.04.2024;Красота;Урал;small;FBO;north;offline_event;1
100254;14.12.2023;24.12.2023;Дом;Сибирь;micro;FBS;east;partner;1
100255;05.11.2025;14.12.2025;Одежда;Москва и МО;micro;mixed;center;organic;1
100256;05.03.2025;02.04.2025;Красота;Москва и МО;small;FBS;center;offline_event;1
100257;28.05.2025;04.06.2025;Детские товары;Поволжье;small;FBS;east;ads;1
100258;14.02.2025;16.03.2025;Обувь;Центр;micro;FBO;center;ads;1
100259;02.11.2024;01.12.2024;Канцелярия;Центр;micro;FBS;center;ads;1
100260;11.07.2024;07.08.2024;Одежда;Поволжье;micro;FBS;center;organic;1
100261;20.09.2024;29.10.2024;Товары для животных;Поволжье;small;FBO;west;organic;1
100262;13.03.2026;22.03.2026;Дом;Москва и МО;micro;FBO;north;partner;0
100263;12.07.2025;07.09.2025;Красота;Санкт-Петербург;micro;FBO;north;organic;1
100264;21.10.2024;18.11.2024;Дом;Москва и МО;medium;FBO;center;organic;1
100265;02.12.2023;22.12.2023;Одежда;Юг;micro;FBS;south;partner;1
100266;04.10.2023;29.12.2023;Аксессуары;Поволжье;micro;FBO;east;referral;1
100267;31.03.2025;21.04.2025;Товары для животных;Москва и МО;micro;FBS;center;organic;1
100268;17.10.2023;27.11.2023;Спорт;Москва и МО;small;mixed;south;organic;0
100269;27.08.2024;30.08.2024;Обувь;Урал;micro;mixed;south;partner;1
100270;24.12.2024;30.12.2024;Электроника;Санкт-Петербург;small;FBO;center;organic;1
100271;05.07.2023;08.07.2023;Товары для животных;Урал;micro;FBO;east;organic;0
100272;21.04.2024;15.07.2024;Одежда;Москва и МО;small;FBS;east;organic;1
100273;18.11.2024;20.11.2024;Канцелярия;Поволжье;medium;mixed;north;partner;0
100274;17.08.2024;26.08.2024;Одежда;Урал;micro;mixed;east;partner;1
100275;27.01.2025;07.03.2025;Одежда;Поволжье;medium;FBS;center;organic;1
100276;20.11.2023;19.12.2023;Товары для животных;Санкт-Петербург;small;FBO;east;partner;1
100277;02.07.2025;25.07.2025;Электроника;Санкт-Петербург;micro;FBS;center;referral;1
100278;05.10.2023;15.11.2023;Одежда;Урал;small;FBO;south;ads;1
100279;08.02.2026;14.02.2026;Обувь;Юг;medium;mixed;center;organic;1
100280;05.09.2023;01.10.2023;Электроника;Москва и МО;micro;FBO;center;partner;1
100281;12.01.2026;05.02.2026;Детские товары;Поволжье;micro;FBS;north;offline_event;1
100282;20.06.2025;29.06.2025;Дом;Санкт-Петербург;micro;FBS;center;offline_event;0
100283;18.02.2024;25.02.2024;Обувь;Центр;small;FBO;north;referral;1
100284;11.11.2023;25.11.2023;Детские товары;Урал;micro;FBO;west;organic;0
100285;08.02.2024;05.03.2024;Канцелярия;Москва и МО;large;mixed;west;offline_event;0
100286;03.04.2025;23.04.2025;Детские товары;Сибирь;micro;FBS;east;organic;1
100287;01.04.2024;13.04.2024;Спорт;Санкт-Петербург;medium;FBS;center;ads;1
100288;19.11.2023;01.12.2023;Красота;Урал;small;FBS;center;organic;1
100289;28.09.2023;06.10.2023;Одежда;Урал;micro;FBS;east;referral;1
100290;10.07.2023;23.08.2023;Дом;Москва и МО;micro;FBO;center;referral;1
100291;10.11.2025;19.11.2025;Дом;Юг;small;FBO;west;referral;1
100292;13.11.2023;21.11.2023;Одежда;Центр;medium;FBO;west;referral;0
100293;24.12.2024;04.01.2025;Обувь;Поволжье;micro;FBO;south;organic;1
100294;03.11.2023;01.01.2024;Детские товары;Урал;micro;FBS;north;ads;1
100295;16.03.2024;26.04.2024;Спорт;Сибирь;micro;FBO;south;partner;1
100296;05.09.2025;17.09.2025;Аксессуары;Поволжье;micro;FBO;south;partner;0
100297;08.08.2023;08.09.2023;Одежда;Москва и МО;large;FBS;north;organic;0
100298;24.08.2024;29.09.2024;Красота;Сибирь;small;FBO;east;offline_event;1
100299;08.06.2025;10.07.2025;Одежда;Центр;small;FBS;center;organic;1
100300;27.11.2024;05.02.2025;Одежда;Сибирь;large;FBO;north;ads;0
100301;19.07.2023;16.08.2023;Аксессуары;Урал;micro;FBS;west;organic;1
100302;26.08.2025;16.10.2025;Одежда;Москва и МО;large;FBS;east;ads;0
100303;31.01.2024;18.02.2024;Красота;Центр;medium;FBO;west;organic;1
100304;10.09.2024;27.09.2024;Дом;Центр;micro;FBS;north;partner;1
100305;16.10.2023;04.11.2023;Одежда;Центр;medium;FBO;east;organic;1
100306;28.10.2024;17.11.2024;Дом;Центр;small;FBO;center;ads;1
100307;16.09.2023;15.10.2023;Канцелярия;Сибирь;medium;FBO;east;organic;0
100308;05.03.2026;27.03.2026;Аксессуары;Центр;micro;FBO;north;organic;1
100309;29.09.2024;23.10.2024;Красота;Центр;micro;FBS;west;organic;1
100310;07.06.2024;22.07.2024;Аксессуары;Урал;small;FBO;east;offline_event;0
100311;04.10.2024;19.10.2024;Электроника;Поволжье;small;FBS;east;organic;1
100312;26.07.2023;21.08.2023;Спорт;Урал;small;mixed;center;offline_event;1
100313;19.07.2023;15.08.2023;Спорт;Центр;small;FBO;east;partner;1
100314;24.09.2023;03.10.2023;Аксессуары;Юг;micro;FBS;east;organic;1
100315;12.11.2025;21.11.2025;Одежда;Урал;medium;FBO;south;organic;0
100316;26.09.2025;05.10.2025;Спорт;Санкт-Петербург;micro;FBS;south;organic;1
100317;11.03.2024;11.04.2024;Детские товары;Юг;small;FBO;center;organic;1
100318;07.08.2023;17.08.2023;Аксессуары;Поволжье;micro;FBO;east;ads;1
100319;27.02.2024;02.04.2024;Обувь;Сибирь;micro;FBO;east;ads;1
100320;24.12.2025;05.01.2026;Товары для животных;Москва и МО;micro;FBO;north;referral;1
100321;08.10.2023;01.11.2023;Спорт;Сибирь;small;FBO;center;partner;1
100322;22.01.2025;18.02.2025;Обувь;Урал;large;FBS;center;ads;1
100323;07.04.2025;29.04.2025;Дом;Дальний Восток;micro;FBO;south;organic;0
100324;13.07.2023;01.08.2023;Красота;Дальний Восток;medium;FBS;east;ads;1
100325;07.10.2023;23.10.2023;Дом;Юг;medium;FBO;center;referral;1
100326;29.01.2024;26.02.2024;Товары для животных;Поволжье;small;FBS;south;partner;1
100327;08.11.2024;25.11.2024;Детские товары;Урал;small;FBS;south;organic;1
100328;03.01.2026;02.02.2026;Дом;Дальний Восток;small;FBO;north;offline_event;0
100329;31.08.2023;09.12.2023;Дом;Дальний Восток;micro;FBO;north;ads;0
100330;21.12.2023;03.01.2024;Электроника;Москва и МО;medium;mixed;north;ads;0
100331;16.08.2025;03.09.2025;Одежда;Урал;micro;FBS;center;referral;0
100332;23.08.2024;28.08.2024;Одежда;Санкт-Петербург;medium;mixed;east;offline_event;0
100333;28.03.2024;11.04.2024;Красота;Сибирь;micro;FBS;north;organic;0
100334;28.09.2025;30.10.2025;Детские товары;Москва и МО;small;FBS;center;offline_event;1
100335;20.05.2025;24.05.2025;Одежда;Поволжье;medium;FBO;east;partner;1
100336;30.09.2023;11.11.2023;Одежда;Москва и МО;micro;FBO;south;ads;1
100337;13.01.2024;09.02.2024;Одежда;Юг;micro;mixed;north;organic;1
100338;12.08.2024;21.09.2024;Красота;Поволжье;micro;FBO;north;organic;1
100339;30.11.2025;07.01.2026;Детские товары;Юг;medium;mixed;north;organic;1
100340;18.08.2025;19.10.2025;Канцелярия;Урал;small;mixed;center;organic;1
100341;31.05.2024;16.08.2024;Канцелярия;Поволжье;micro;FBO;west;organic;1
100342;23.12.2023;11.02.2024;Красота;Москва и МО;micro;mixed;north;partner;1
100343;07.03.2025;19.03.2025;Красота;Центр;medium;mixed;north;organic;1
100344;02.10.2023;14.10.2023;Одежда;Центр;small;FBO;south;organic;0
100345;28.10.2025;16.11.2025;Канцелярия;Сибирь;small;FBO;north;organic;1
100346;18.05.2024;21.06.2024;Аксессуары;Сибирь;micro;FBS;center;partner;0
100347;16.08.2023;20.09.2023;Одежда;Дальний Восток;medium;FBS;west;offline_event;1
100348;08.11.2023;18.12.2023;Детские товары;Поволжье;small;FBO;west;organic;1
100349;21.09.2025;11.10.2025;Аксессуары;Центр;micro;FBS;west;organic;1
100350;02.04.2024;03.06.2024;Красота;Сибирь;micro;FBO;center;referral;1
100351;22.05.2024;07.06.2024;Электроника;Юг;micro;mixed;east;organic;1
100352;25.01.2024;08.02.2024;Одежда;Центр;micro;FBS;center;referral;1
100353;03.12.2025;13.12.2025;Детские товары;Урал;medium;FBO;center;partner;1
100354;15.02.2026;12.03.2026;Канцелярия;Москва и МО;micro;mixed;center;referral;1
100355;26.09.2023;02.01.2024;Одежда;Сибирь;small;FBO;east;ads;1
100356;06.10.2024;04.11.2024;Дом;Урал;micro;FBO;south;partner;1
100357;24.01.2026;07.02.2026;Электроника;Москва и МО;micro;FBO;center;offline_event;1
100358;23.10.2025;31.10.2025;Спорт;Центр;small;mixed;center;partner;0
100359;10.06.2025;25.06.2025;Электроника;Сибирь;micro;FBS;center;ads;1
100360;13.05.2025;12.06.2025;Обувь;Урал;micro;FBO;west;partner;1
100361;28.06.2024;18.09.2024;Обувь;Москва и МО;micro;FBS;center;offline_event;1
100362;25.03.2025;21.05.2025;Дом;Поволжье;small;FBS;south;referral;1
100363;20.11.2024;25.11.2024;Дом;Юг;micro;FBO;east;organic;0
100364;03.11.2024;22.11.2024;Электроника;Москва и МО;small;FBO;center;partner;0
100365;29.12.2024;18.01.2025;Одежда;Юг;small;FBO;north;organic;0
100366;11.08.2023;18.08.2023;Спорт;Санкт-Петербург;small;mixed;south;partner;1
100367;20.07.2024;13.08.2024;Детские товары;Сибирь;small;FBO;center;organic;1
100368;31.01.2026;15.03.2026;Красота;Юг;micro;FBS;south;referral;1
100369;30.11.2024;08.02.2025;Электроника;Центр;small;FBO;north;ads;0
100370;09.12.2024;07.01.2025;Канцелярия;Урал;medium;FBO;north;referral;1
100371;23.07.2025;09.08.2025;Электроника;Юг;micro;FBS;center;ads;1
100372;06.05.2025;24.06.2025;Обувь;Санкт-Петербург;micro;FBO;center;ads;0
100373;24.04.2025;16.05.2025;Электроника;Москва и МО;micro;FBO;center;referral;1
100374;29.12.2024;10.01.2025;Дом;Поволжье;small;mixed;west;partner;1
100375;13.04.2025;04.05.2025;Дом;Москва и МО;micro;FBO;north;partner;1
100376;07.07.2024;11.07.2024;Дом;Юг;small;FBS;south;organic;1
100377;19.08.2025;21.09.2025;Аксессуары;Сибирь;micro;FBO;south;partner;1
100378;26.05.2025;14.06.2025;Одежда;Урал;medium;FBS;west;referral;1
100379;15.01.2026;15.03.2026;Обувь;Москва и МО;small;mixed;south;ads;0
100380;05.04.2025;30.04.2025;Товары для животных;Москва и МО;micro;FBO;west;ads;0
100381;31.01.2024;07.03.2024;Детские товары;Москва и МО;micro;FBO;north;organic;1
100382;27.12.2023;20.01.2024;Одежда;Центр;micro;mixed;south;partner;1
100383;25.03.2025;29.05.2025;Детские товары;Юг;medium;FBS;west;offline_event;0
100384;15.09.2023;07.10.2023;Обувь;Москва и МО;medium;FBS;east;referral;1
100385;19.12.2025;28.02.2026;Электроника;Санкт-Петербург;medium;FBS;south;referral;1
100386;24.08.2023;13.10.2023;Красота;Поволжье;small;FBO;south;organic;1
100387;07.02.2025;11.03.2025;Одежда;Центр;micro;FBO;center;referral;1
100388;15.09.2024;23.10.2024;Красота;Москва и МО;medium;mixed;north;partner;1
100389;12.02.2025;03.03.2025;Красота;Сибирь;small;mixed;center;ads;1
100390;16.02.2026;03.03.2026;Одежда;Дальний Восток;micro;FBS;south;partner;0
100391;11.05.2024;28.06.2024;Аксессуары;Центр;micro;FBS;center;offline_event;1
100392;20.03.2025;09.04.2025;Красота;Москва и МО;small;FBO;north;referral;0
100393;01.03.2024;06.03.2024;Спорт;Урал;small;FBS;east;ads;0
100394;19.06.2025;15.07.2025;Красота;Центр;small;FBO;south;referral;1
100395;19.09.2025;11.10.2025;Красота;Центр;micro;FBO;south;organic;1
100396;21.05.2025;08.06.2025;Красота;Москва и МО;small;FBS;center;ads;0
100397;22.03.2025;04.04.2025;Красота;Урал;micro;FBS;north;referral;1
100398;03.06.2024;01.08.2024;Аксессуары;Сибирь;micro;mixed;west;organic;1
100399;30.09.2024;20.10.2024;Дом;Урал;micro;FBS;south;partner;1
100400;13.02.2024;12.04.2024;Аксессуары;Центр;medium;FBO;east;partner;1
100401;14.01.2025;07.02.2025;Красота;Урал;large;FBO;east;organic;1
100402;07.01.2026;21.01.2026;Красота;Урал;micro;FBO;west;organic;1
100403;07.05.2025;06.06.2025;Обувь;Сибирь;medium;FBO;south;ads;0
100404;23.08.2023;10.09.2023;Дом;Москва и МО;medium;FBS;east;organic;0
100405;16.09.2025;22.10.2025;Одежда;Юг;large;FBO;west;organic;1
100406;13.02.2026;23.02.2026;Канцелярия;Дальний Восток;micro;FBO;south;organic;0
100407;19.04.2025;05.06.2025;Дом;Москва и МО;micro;FBO;center;referral;0
100408;23.05.2024;29.05.2024;Детские товары;Урал;micro;FBO;east;organic;1
100409;24.04.2025;28.04.2025;Красота;Санкт-Петербург;medium;mixed;west;partner;1
100410;30.07.2023;19.08.2023;Одежда;Поволжье;micro;FBS;center;partner;1
100411;21.03.2025;30.06.2025;Спорт;Дальний Восток;small;FBO;center;organic;1
100412;02.10.2023;27.10.2023;Обувь;Санкт-Петербург;large;FBS;south;organic;1
100413;05.08.2023;22.09.2023;Красота;Москва и МО;micro;FBO;west;offline_event;0
100414;29.09.2025;08.10.2025;Одежда;Поволжье;micro;FBS;south;organic;1
100415;09.11.2023;02.02.2024;Обувь;Москва и МО;medium;FBO;south;ads;1
100416;05.07.2025;22.09.2025;Одежда;Москва и МО;small;FBO;north;organic;1
100417;02.04.2024;05.05.2024;Аксессуары;Юг;small;FBO;west;organic;1
100418;12.02.2025;06.03.2025;Аксессуары;Поволжье;medium;FBS;south;organic;1
100419;17.10.2025;20.11.2025;Дом;Центр;small;FBO;center;ads;1
100420;12.06.2025;19.07.2025;Электроника;Сибирь;medium;FBS;east;ads;1
100421;10.06.2025;11.07.2025;Красота;Урал;micro;FBO;center;organic;0
100422;24.12.2025;24.01.2026;Одежда;Сибирь;micro;mixed;north;referral;0
100423;02.12.2024;23.12.2024;Канцелярия;Москва и МО;medium;FBO;south;referral;1
100424;12.07.2023;21.08.2023;Дом;Москва и МО;large;FBS;center;ads;0
100425;13.12.2023;22.12.2023;Канцелярия;Юг;medium;FBO;center;organic;0
100426;30.01.2024;04.02.2024;Одежда;Урал;micro;mixed;north;partner;1
100427;22.10.2023;30.11.2023;Дом;Юг;micro;FBO;center;referral;1
100428;07.09.2024;24.10.2024;Детские товары;Сибирь;micro;mixed;north;ads;1
100429;22.02.2025;07.04.2025;Одежда;Москва и МО;small;FBO;center;offline_event;0
100430;05.12.2025;26.01.2026;Детские товары;Москва и МО;micro;FBS;center;organic;1
100431;04.05.2025;21.05.2025;Товары для животных;Урал;micro;FBO;center;organic;1
100432;30.03.2024;30.04.2024;Электроника;Юг;micro;FBO;center;organic;1
100433;16.08.2025;02.10.2025;Красота;Санкт-Петербург;micro;FBO;west;offline_event;1
100434;29.04.2025;06.07.2025;Одежда;Юг;small;FBO;south;organic;1
100435;30.08.2024;02.10.2024;Обувь;Поволжье;small;mixed;north;organic;1
100436;10.10.2024;01.12.2024;Одежда;Дальний Восток;medium;FBS;center;organic;1
100437;09.01.2025;25.02.2025;Детские товары;Центр;small;FBS;center;partner;0
100438;14.11.2024;15.12.2024;Одежда;Москва и МО;micro;FBS;center;organic;1
100439;03.04.2024;11.05.2024;Одежда;Санкт-Петербург;small;FBO;north;ads;1
100440;12.11.2023;21.11.2023;Спорт;Москва и МО;micro;FBS;center;organic;1
100441;03.09.2024;01.10.2024;Аксессуары;Центр;micro;FBS;center;referral;0
100442;28.04.2025;05.06.2025;Дом;Москва и МО;small;FBS;center;partner;1
100443;02.09.2023;07.09.2023;Аксессуары;Урал;medium;FBS;east;organic;1
100444;01.05.2024;10.06.2024;Детские товары;Москва и МО;micro;FBO;east;ads;0
100445;12.05.2025;23.06.2025;Обувь;Урал;micro;FBS;center;ads;1
100446;26.04.2025;21.05.2025;Обувь;Урал;micro;mixed;west;organic;1
100447;01.12.2025;28.12.2025;Дом;Санкт-Петербург;micro;FBS;south;organic;1
100448;10.12.2023;10.02.2024;Обувь;Москва и МО;micro;FBO;center;organic;0
100449;08.07.2024;20.07.2024;Товары для животных;Урал;micro;FBS;center;referral;1
100450;16.02.2024;05.03.2024;Дом;Поволжье;small;FBS;south;organic;1
100451;26.11.2025;09.12.2025;Одежда;Санкт-Петербург;small;FBO;center;organic;1
100452;18.09.2024;23.11.2024;Обувь;Сибирь;small;FBO;center;offline_event;0
100453;27.08.2025;05.10.2025;Детские товары;Санкт-Петербург;large;FBS;east;organic;0
100454;10.09.2025;15.09.2025;Красота;Поволжье;micro;FBO;south;partner;1
100455;10.07.2023;22.07.2023;Обувь;Москва и МО;small;FBS;north;organic;1
100456;10.04.2024;01.06.2024;Аксессуары;Санкт-Петербург;small;FBS;center;partner;0
100457;05.12.2023;18.12.2023;Дом;Поволжье;micro;FBS;south;organic;0
100458;02.04.2024;14.04.2024;Одежда;Санкт-Петербург;medium;FBS;north;organic;1
100459;07.04.2024;21.05.2024;Одежда;Москва и МО;medium;FBS;south;partner;1
100460;26.05.2025;06.07.2025;Электроника;Москва и МО;small;FBS;center;organic;0
100461;30.05.2025;11.06.2025;Обувь;Москва и МО;small;FBS;west;organic;0
100462;15.11.2023;10.12.2023;Дом;Центр;micro;FBO;center;organic;0
100463;16.10.2023;25.10.2023;Одежда;Юг;micro;FBS;center;organic;0
100464;07.02.2026;17.03.2026;Одежда;Поволжье;micro;FBO;south;ads;0
100465;16.10.2023;10.12.2023;Обувь;Сибирь;micro;FBO;south;organic;1
100466;21.08.2023;08.09.2023;Одежда;Поволжье;small;mixed;south;organic;1
100467;26.06.2024;05.08.2024;Красота;Москва и МО;medium;FBO;center;organic;1
100468;04.05.2024;11.06.2024;Электроника;Поволжье;small;FBS;west;ads;1
100469;14.11.2025;04.12.2025;Обувь;Поволжье;micro;FBO;center;referral;1
100470;14.03.2025;26.04.2025;Детские товары;Юг;large;FBO;east;referral;1
100471;13.05.2025;16.05.2025;Красота;Санкт-Петербург;micro;FBO;east;offline_event;1
100472;24.01.2026;22.02.2026;Канцелярия;Урал;micro;FBS;south;referral;0
100473;03.03.2025;16.03.2025;Одежда;Юг;medium;FBO;south;organic;0
100474;26.08.2024;20.09.2024;Электроника;Юг;medium;mixed;east;referral;1
100475;16.11.2025;28.12.2025;Дом;Центр;micro;mixed;center;organic;1
100476;29.06.2024;02.08.2024;Электроника;Поволжье;small;FBO;center;partner;0
100477;28.07.2023;12.08.2023;Детские товары;Центр;micro;FBO;north;offline_event;1
100478;01.10.2024;22.10.2024;Аксессуары;Центр;micro;FBO;north;ads;1
100479;10.11.2023;18.11.2023;Канцелярия;Сибирь;micro;FBS;center;offline_event;1
100480;20.12.2023;03.01.2024;Красота;Санкт-Петербург;micro;FBO;south;partner;1
100481;27.08.2024;18.09.2024;Одежда;Юг;small;FBS;south;organic;1
100482;30.05.2024;04.07.2024;Аксессуары;Юг;micro;FBS;north;partner;0
100483;06.02.2026;25.02.2026;Электроника;Поволжье;large;FBO;south;offline_event;0
100484;08.06.2025;10.07.2025;Спорт;Урал;medium;FBS;north;referral;1
100485;09.01.2025;28.01.2025;Детские товары;Москва и МО;micro;FBO;east;organic;1
100486;05.07.2024;04.08.2024;Канцелярия;Юг;medium;mixed;center;ads;1
100487;09.01.2024;04.02.2024;Спорт;Поволжье;medium;FBS;north;offline_event;1
100488;27.12.2025;31.01.2026;Одежда;Москва и МО;micro;FBS;west;referral;1
100489;25.07.2024;17.08.2024;Красота;Юг;small;FBS;center;partner;0
100490;07.06.2025;13.06.2025;Обувь;Юг;micro;FBO;west;ads;1
100491;04.06.2024;21.06.2024;Дом;Москва и МО;small;mixed;south;ads;0
100492;22.10.2023;29.11.2023;Детские товары;Сибирь;micro;FBS;west;ads;1
100493;22.09.2025;10.10.2025;Электроника;Санкт-Петербург;micro;FBS;center;partner;0
100494;25.11.2024;01.12.2024;Обувь;Центр;medium;FBO;west;offline_event;1
100495;20.04.2025;27.06.2025;Электроника;Москва и МО;medium;mixed;south;organic;1
100496;08.06.2024;02.07.2024;Дом;Дальний Восток;small;FBO;west;offline_event;0
100497;06.02.2024;14.02.2024;Товары для животных;Санкт-Петербург;small;FBS;north;organic;1
100498;07.03.2024;03.04.2024;Красота;Центр;micro;FBS;center;ads;0
100499;17.08.2023;09.09.2023;Красота;Центр;small;FBS;center;offline_event;1
100500;12.03.2025;26.03.2025;Канцелярия;Дальний Восток;small;FBO;east;ads;1
100501;20.12.2024;06.01.2025;Детские товары;Москва и МО;micro;mixed;center;ads;0
100502;04.02.2025;20.02.2025;Дом;Юг;micro;FBO;south;ads;1
100503;14.06.2025;04.07.2025;Товары для животных;Дальний Восток;micro;FBO;east;organic;1
100504;04.12.2023;22.12.2023;Красота;Центр;small;FBS;north;organic;1
100505;27.12.2024;14.01.2025;Дом;Сибирь;micro;FBS;center;partner;1
100506;06.12.2024;25.12.2024;Одежда;Сибирь;micro;FBS;south;organic;1
100507;09.11.2025;10.12.2025;Одежда;Центр;micro;FBO;east;partner;0
100508;17.07.2024;23.07.2024;Дом;Поволжье;micro;FBO;center;organic;0
100509;23.06.2024;28.07.2024;Дом;Санкт-Петербург;small;FBO;north;offline_event;0
100510;22.05.2024;12.06.2024;Одежда;Центр;medium;mixed;center;organic;0
100511;05.08.2024;02.10.2024;Электроника;Москва и МО;small;FBO;south;partner;1
100512;05.01.2025;10.02.2025;Обувь;Москва и МО;large;FBS;north;organic;1
100513;27.10.2024;03.12.2024;Детские товары;Москва и МО;small;FBO;west;offline_event;1
100514;02.02.2026;01.03.2026;Одежда;Центр;micro;mixed;east;organic;1
100515;20.11.2023;24.12.2023;Детские товары;Москва и МО;small;FBS;center;organic;1
100516;17.11.2024;22.12.2024;Дом;Сибирь;micro;FBO;south;ads;1
100517;22.08.2024;17.10.2024;Дом;Юг;small;FBS;south;organic;0
100518;17.06.2024;25.07.2024;Обувь;Урал;micro;mixed;center;ads;1
100519;30.11.2025;09.02.2026;Дом;Сибирь;micro;mixed;center;ads;1
100520;04.07.2025;14.07.2025;Электроника;Центр;micro;FBS;east;ads;0
100521;20.04.2024;27.04.2024;Одежда;Юг;micro;FBO;center;partner;1
100522;07.08.2025;19.08.2025;Одежда;Москва и МО;micro;FBO;south;ads;1
100523;09.12.2024;31.12.2024;Дом;Поволжье;micro;FBO;south;offline_event;0
100524;25.11.2025;17.12.2025;Одежда;Поволжье;small;FBO;south;ads;1
100525;17.03.2025;16.04.2025;Красота;Юг;medium;FBS;east;organic;1
100526;10.12.2023;21.01.2024;Красота;Центр;small;FBO;center;organic;1
100527;13.05.2025;14.06.2025;Одежда;Сибирь;small;FBO;center;ads;0
100528;17.03.2024;22.04.2024;Товары для животных;Сибирь;medium;FBO;west;organic;0
100529;11.02.2026;21.02.2026;Электроника;Центр;micro;FBS;south;ads;0
100530;26.02.2024;24.03.2024;Красота;Центр;small;FBO;south;organic;1
100531;16.03.2025;13.04.2025;Одежда;Урал;medium;FBO;south;partner;0
100532;21.10.2025;10.11.2025;Обувь;Центр;large;FBO;north;organic;1
100533;14.09.2025;24.09.2025;Одежда;Урал;micro;mixed;west;organic;1
100534;11.05.2024;04.06.2024;Красота;Санкт-Петербург;medium;FBS;north;partner;1
100535;08.09.2025;01.10.2025;Электроника;Москва и МО;small;FBS;south;organic;1
100536;13.02.2024;13.03.2024;Спорт;Юг;small;FBS;center;offline_event;1
100537;19.11.2025;12.12.2025;Одежда;Санкт-Петербург;micro;FBO;west;organic;0
100538;15.10.2024;09.11.2024;Детские товары;Сибирь;small;FBS;east;referral;0
100539;05.09.2024;29.09.2024;Одежда;Центр;micro;FBS;center;offline_event;1
100540;23.03.2024;10.05.2024;Обувь;Юг;large;FBS;north;organic;0
100541;02.07.2023;11.07.2023;Дом;Центр;micro;FBO;center;referral;1
100542;25.11.2023;28.11.2023;Обувь;Юг;small;FBS;east;organic;0
100543;25.01.2026;15.02.2026;Одежда;Москва и МО;micro;FBS;center;referral;1
100544;17.03.2026;;Товары для животных;Москва и МО;small;FBO;east;organic;1
100545;17.11.2023;03.12.2023;Детские товары;Санкт-Петербург;medium;FBS;center;organic;0
100546;24.01.2026;27.01.2026;Дом;Москва и МО;micro;FBO;center;partner;1
100547;15.03.2024;03.04.2024;Аксессуары;Урал;micro;FBO;center;organic;1
100548;18.10.2023;29.10.2023;Спорт;Дальний Восток;small;FBS;center;offline_event;1
100549;14.02.2026;30.03.2026;Красота;Москва и МО;micro;mixed;east;organic;1
100550;04.02.2026;13.02.2026;Красота;Москва и МО;micro;FBO;center;partner;1
100551;15.08.2025;25.09.2025;Электроника;Поволжье;micro;FBO;south;referral;0
100552;26.04.2025;01.06.2025;Дом;Сибирь;medium;mixed;center;ads;1
100553;09.10.2023;07.11.2023;Дом;Юг;micro;mixed;south;organic;1
100554;15.01.2026;22.01.2026;Аксессуары;Москва и МО;large;FBS;north;organic;1
100555;15.12.2023;04.01.2024;Электроника;Москва и МО;small;FBS;east;ads;1
100556;11.11.2025;20.12.2025;Дом;Москва и МО;micro;FBS;north;referral;1
100557;06.04.2024;24.05.2024;Электроника;Москва и МО;small;FBS;center;organic;0
100558;05.11.2024;01.01.2025;Товары для животных;Сибирь;small;FBO;west;organic;1
100559;08.03.2025;15.03.2025;Детские товары;Юг;micro;FBS;center;ads;1
100560;18.04.2025;13.05.2025;Дом;Сибирь;micro;FBS;center;organic;0
100561;20.11.2024;26.12.2024;Дом;Дальний Восток;micro;mixed;center;organic;0
100562;10.12.2025;13.01.2026;Канцелярия;Поволжье;micro;FBO;center;partner;0
100563;22.09.2024;30.10.2024;Одежда;Москва и МО;medium;FBO;center;partner;1
100564;27.03.2024;01.04.2024;Одежда;Сибирь;small;FBO;east;partner;0
100565;13.08.2025;22.11.2025;Красота;Поволжье;micro;FBO;west;organic;1
100566;21.09.2024;02.11.2024;Одежда;Юг;micro;mixed;center;partner;1
100567;23.07.2025;01.08.2025;Аксессуары;Москва и МО;small;FBS;north;offline_event;1
100568;11.04.2025;11.05.2025;Электроника;Центр;micro;FBO;center;partner;0
100569;20.07.2023;17.08.2023;Аксессуары;Сибирь;medium;FBS;center;organic;1
100570;10.01.2025;21.01.2025;Канцелярия;Москва и МО;small;FBO;west;partner;1
100571;13.01.2026;24.01.2026;Красота;Москва и МО;micro;FBO;north;ads;0
100572;28.06.2025;07.08.2025;Дом;Санкт-Петербург;medium;FBS;south;organic;1
100573;14.11.2025;03.01.2026;Спорт;Санкт-Петербург;micro;FBO;south;referral;0
100574;05.06.2025;21.06.2025;Красота;Поволжье;micro;mixed;north;referral;0
100575;22.08.2025;17.09.2025;Детские товары;Москва и МО;medium;FBO;east;organic;1
100576;30.10.2023;07.11.2023;Одежда;Сибирь;micro;FBS;west;referral;1
100577;01.10.2025;03.11.2025;Электроника;Юг;small;FBO;west;ads;1
100578;23.11.2024;03.12.2024;Красота;Юг;micro;mixed;east;partner;1
100579;20.02.2025;08.03.2025;Обувь;Москва и МО;micro;FBO;south;organic;0
100580;25.01.2025;15.03.2025;Обувь;Москва и МО;micro;FBO;center;partner;1
100581;20.03.2025;16.05.2025;Товары для животных;Центр;micro;FBS;north;partner;1
100582;04.01.2026;04.02.2026;Красота;Сибирь;micro;FBS;east;partner;1
100583;07.08.2023;01.09.2023;Красота;Поволжье;large;FBS;west;organic;1
100584;01.02.2025;23.02.2025;Одежда;Москва и МО;medium;mixed;east;organic;1
100585;20.08.2023;06.10.2023;Дом;Юг;large;FBO;east;ads;1
100586;22.12.2025;29.12.2025;Красота;Центр;micro;FBO;south;ads;0
100587;23.02.2025;19.03.2025;Аксессуары;Москва и МО;micro;FBO;north;ads;1
100588;18.06.2024;20.07.2024;Одежда;Санкт-Петербург;micro;FBO;east;referral;0
100589;09.01.2026;17.01.2026;Одежда;Юг;micro;FBS;north;ads;0
100590;02.08.2024;29.08.2024;Одежда;Москва и МО;micro;FBS;north;organic;0
100591;03.12.2025;01.02.2026;Товары для животных;Центр;medium;FBS;center;organic;1
100592;30.09.2025;16.10.2025;Аксессуары;Урал;medium;FBS;center;offline_event;0
100593;14.04.2024;22.05.2024;Одежда;Дальний Восток;micro;FBS;east;organic;0
100594;12.03.2026;23.04.2026;Электроника;Центр;small;FBO;west;partner;1
100595;19.10.2023;05.11.2023;Электроника;Москва и МО;medium;FBO;north;partner;0
100596;04.07.2023;30.07.2023;Спорт;Москва и МО;micro;mixed;east;referral;1
100597;29.09.2023;03.12.2023;Обувь;Сибирь;micro;FBO;east;organic;0
100598;02.03.2024;28.03.2024;Обувь;Урал;micro;FBO;north;organic;1
100599;15.05.2024;05.06.2024;Дом;Поволжье;micro;FBS;west;ads;1
100600;07.11.2024;18.12.2024;Дом;Урал;micro;FBO;north;partner;1
100601;05.02.2026;06.03.2026;Дом;Урал;micro;FBS;center;offline_event;0
100602;29.07.2025;08.08.2025;Красота;Москва и МО;large;FBO;south;referral;1
100603;29.03.2024;13.04.2024;Обувь;Сибирь;micro;FBS;south;partner;1
100604;10.12.2024;29.01.2025;Красота;Москва и МО;small;FBO;center;partner;1
100605;03.09.2023;15.09.2023;Одежда;Поволжье;micro;FBO;center;organic;1
100606;22.11.2024;28.12.2024;Красота;Москва и МО;micro;FBS;south;organic;1
100607;11.09.2025;19.09.2025;Обувь;Поволжье;micro;FBS;south;organic;1
100608;14.10.2023;13.11.2023;Красота;Поволжье;micro;FBS;west;referral;1
100609;09.01.2024;07.03.2024;Одежда;Центр;medium;FBS;north;ads;1
100610;15.09.2023;13.10.2023;Электроника;Сибирь;medium;FBS;south;offline_event;1
100611;22.10.2024;19.12.2024;Дом;Юг;medium;FBO;south;organic;1
100612;27.12.2025;27.01.2026;Одежда;Поволжье;micro;FBO;south;organic;1
100613;08.10.2025;22.10.2025;Красота;Москва и МО;micro;mixed;center;partner;1
100614;13.05.2024;14.07.2024;Красота;Санкт-Петербург;medium;mixed;west;referral;1
100615;16.04.2025;01.05.2025;Одежда;Москва и МО;medium;FBO;center;referral;1
100616;23.07.2025;09.08.2025;Детские товары;Сибирь;medium;FBO;west;referral;1
100617;10.01.2024;22.02.2024;Одежда;Сибирь;micro;mixed;north;organic;0
100618;20.09.2024;07.11.2024;Обувь;Юг;medium;FBO;center;organic;1
100619;27.07.2023;21.08.2023;Детские товары;Центр;micro;FBO;south;organic;0
100620;03.10.2024;12.10.2024;Одежда;Юг;micro;FBO;east;organic;1
100621;03.11.2025;27.11.2025;Обувь;Санкт-Петербург;micro;FBO;north;referral;1
100622;03.03.2024;10.03.2024;Обувь;Урал;large;FBS;north;referral;1
100623;17.06.2025;11.07.2025;Детские товары;Москва и МО;small;FBS;east;organic;1
100624;18.12.2023;12.01.2024;Дом;Центр;micro;FBO;north;organic;1
100625;16.10.2024;04.12.2024;Обувь;Москва и МО;micro;FBO;west;organic;1
100626;13.07.2023;23.07.2023;Товары для животных;Центр;micro;mixed;south;ads;0
100627;20.10.2023;16.11.2023;Товары для животных;Урал;medium;FBO;center;partner;1
100628;26.10.2023;28.11.2023;Обувь;Юг;micro;FBS;north;offline_event;1
100629;04.05.2024;11.05.2024;Аксессуары;Центр;small;FBS;south;organic;0
100630;20.12.2024;20.01.2025;Дом;Центр;micro;FBS;north;organic;1
100631;01.06.2025;28.06.2025;Дом;Санкт-Петербург;micro;FBO;center;partner;0
100632;08.10.2025;08.11.2025;Одежда;Москва и МО;micro;FBO;south;referral;0
100633;14.04.2025;30.04.2025;Одежда;Урал;micro;FBS;center;organic;0
100634;04.10.2023;12.10.2023;Детские товары;Москва и МО;small;FBO;south;referral;0
100635;15.07.2024;03.08.2024;Одежда;Сибирь;micro;FBS;east;organic;1
100636;24.02.2024;09.04.2024;Товары для животных;Центр;medium;FBS;center;organic;1
100637;26.10.2025;06.11.2025;Обувь;Урал;small;FBS;east;organic;1
100638;07.06.2024;14.07.2024;Одежда;Центр;micro;FBO;east;partner;1
100639;01.05.2025;12.05.2025;Аксессуары;Сибирь;micro;FBS;west;referral;1
100640;26.11.2025;01.01.2026;Электроника;Юг;medium;FBO;center;partner;1
100641;07.04.2025;27.04.2025;Одежда;Москва и МО;small;FBS;west;organic;1
100642;21.11.2025;05.12.2025;Товары для животных;Москва и МО;medium;FBS;south;referral;1
100643;17.07.2025;18.08.2025;Одежда;Центр;micro;FBO;center;partner;1
100644;04.10.2025;10.10.2025;Электроника;Юг;small;FBS;south;offline_event;1
100645;31.12.2025;14.02.2026;Одежда;Санкт-Петербург;micro;FBS;center;partner;0
100646;20.11.2025;14.01.2026;Одежда;Поволжье;small;FBS;west;organic;1
100647;03.02.2026;01.04.2026;Товары для животных;Санкт-Петербург;small;FBO;center;referral;1
100648;02.07.2025;12.07.2025;Канцелярия;Сибирь;micro;mixed;south;ads;0
100649;26.02.2025;05.03.2025;Дом;Москва и МО;micro;mixed;north;partner;1
100650;10.11.2025;04.12.2025;Канцелярия;Юг;small;FBO;south;organic;0
100651;17.06.2024;11.07.2024;Красота;Центр;micro;FBS;north;offline_event;1
100652;25.02.2024;13.03.2024;Одежда;Поволжье;small;FBS;north;referral;1
100653;11.06.2024;13.07.2024;Детские товары;Юг;micro;FBS;north;organic;1
100654;23.10.2023;19.11.2023;Одежда;Юг;micro;FBO;north;referral;1
100655;05.11.2023;22.12.2023;Детские товары;Центр;medium;FBO;west;organic;1
100656;14.04.2024;16.05.2024;Детские товары;Поволжье;small;FBO;west;partner;0
100657;13.05.2025;08.06.2025;Одежда;Центр;large;FBO;east;referral;0
100658;31.12.2025;30.01.2026;Товары для животных;Урал;medium;FBS;north;offline_event;1
100659;29.10.2023;20.02.2024;Одежда;Поволжье;micro;FBO;east;partner;1
100660;06.08.2023;05.09.2023;Обувь;Центр;small;mixed;east;organic;0
100661;21.06.2024;26.06.2024;Детские товары;Поволжье;medium;mixed;east;offline_event;1
100662;09.08.2025;02.10.2025;Дом;Москва и МО;small;FBS;north;partner;1
100663;09.07.2025;23.07.2025;Дом;Поволжье;small;FBS;north;organic;1
100664;03.07.2024;16.07.2024;Электроника;Поволжье;micro;FBO;north;ads;1
100665;29.10.2024;14.11.2024;Электроника;Центр;micro;mixed;center;ads;1
100666;25.01.2024;26.03.2024;Одежда;Сибирь;micro;FBS;south;referral;0
100667;15.01.2024;14.02.2024;Детские товары;Поволжье;small;FBS;west;partner;1
100668;28.04.2024;31.05.2024;Одежда;Урал;large;FBO;south;organic;1
100669;21.12.2023;14.01.2024;Одежда;Москва и МО;medium;FBO;east;organic;1
100670;12.09.2024;28.10.2024;Обувь;Юг;small;FBO;south;organic;1
100671;12.04.2024;17.04.2024;Одежда;Поволжье;small;FBS;center;organic;1
100672;12.10.2023;10.11.2023;Дом;Юг;small;FBS;north;organic;1
100673;19.09.2023;03.10.2023;Обувь;Санкт-Петербург;micro;FBS;center;organic;1
100674;02.06.2025;18.07.2025;Аксессуары;Москва и МО;medium;FBO;south;offline_event;0
100675;28.10.2024;24.11.2024;Красота;Поволжье;small;FBS;center;organic;1
100676;26.01.2024;14.03.2024;Одежда;Центр;micro;FBS;north;ads;0
100677;05.09.2024;23.09.2024;Одежда;Урал;small;FBS;center;organic;1
100678;14.11.2024;30.11.2024;Канцелярия;Санкт-Петербург;small;FBS;south;referral;0
100679;26.07.2024;19.08.2024;Электроника;Урал;micro;FBS;center;partner;0
100680;11.01.2026;20.01.2026;Электроника;Санкт-Петербург;micro;FBO;east;partner;1
100681;01.10.2023;07.12.2023;Одежда;Центр;small;FBO;north;partner;1
100682;19.06.2024;12.07.2024;Электроника;Москва и МО;micro;FBS;east;organic;0
100683;11.03.2026;14.03.2026;Спорт;Центр;micro;FBO;north;organic;0
100684;27.11.2023;31.12.2023;Одежда;Поволжье;small;FBO;west;partner;0
100685;12.08.2025;25.09.2025;Красота;Урал;micro;mixed;south;organic;1
100686;06.12.2024;11.01.2025;Электроника;Поволжье;small;FBS;center;organic;1
100687;04.05.2025;31.05.2025;Красота;Москва и МО;small;FBS;center;referral;1
100688;23.01.2025;19.02.2025;Товары для животных;Юг;medium;mixed;center;referral;1
100689;11.07.2023;14.07.2023;Дом;Москва и МО;micro;FBO;south;partner;0
100690;07.06.2024;26.06.2024;Красота;Сибирь;small;FBO;west;organic;0
100691;06.08.2023;02.10.2023;Красота;Москва и МО;micro;FBO;center;offline_event;0
100692;09.02.2024;20.03.2024;Одежда;Поволжье;micro;mixed;center;organic;1
100693;27.02.2024;16.03.2024;Одежда;Санкт-Петербург;micro;FBO;center;organic;0
100694;21.10.2024;11.11.2024;Дом;Центр;medium;FBO;center;ads;1
100695;28.02.2025;20.03.2025;Электроника;Юг;micro;FBS;north;ads;1
100696;14.09.2024;28.10.2024;Детские товары;Урал;medium;FBS;west;organic;1
100697;29.05.2025;07.06.2025;Канцелярия;Урал;large;FBS;center;referral;1
100698;17.12.2023;30.12.2023;Спорт;Урал;micro;mixed;center;ads;1
100699;20.02.2025;08.04.2025;Дом;Юг;small;FBO;center;referral;0
100700;07.02.2025;18.02.2025;Дом;Поволжье;medium;mixed;south;ads;1
100701;26.03.2025;05.04.2025;Красота;Москва и МО;micro;mixed;west;organic;1
100702;18.09.2025;13.11.2025;Красота;Москва и МО;micro;FBO;center;organic;0
100703;11.10.2025;24.10.2025;Красота;Сибирь;small;FBO;south;ads;1
100704;05.09.2023;04.11.2023;Дом;Москва и МО;micro;FBS;north;organic;1
100705;10.07.2025;05.08.2025;Электроника;Дальний Восток;small;FBO;north;organic;1
100706;31.12.2023;26.01.2024;Обувь;Сибирь;micro;FBO;north;partner;1
100707;01.11.2024;29.11.2024;Дом;Дальний Восток;large;FBO;center;ads;0
100708;13.09.2024;27.09.2024;Красота;Санкт-Петербург;small;mixed;south;organic;0
100709;03.09.2023;30.09.2023;Детские товары;Москва и МО;micro;FBS;south;offline_event;1
100710;26.11.2023;15.02.2024;Аксессуары;Центр;micro;FBS;north;organic;1
100711;01.07.2025;26.07.2025;Спорт;Москва и МО;micro;FBO;north;organic;1
100712;05.10.2024;10.11.2024;Обувь;Москва и МО;small;FBS;west;referral;0
100713;20.11.2024;04.12.2024;Аксессуары;Урал;micro;FBS;east;ads;1
100714;16.10.2024;28.10.2024;Детские товары;Москва и МО;micro;FBS;center;organic;1
100715;11.04.2025;22.05.2025;Одежда;Урал;small;FBS;center;ads;1
100716;19.09.2024;05.11.2024;Красота;Урал;micro;mixed;east;offline_event;1
100717;21.06.2025;28.07.2025;Электроника;Юг;micro;mixed;north;organic;1
100718;25.09.2025;20.10.2025;Электроника;Санкт-Петербург;medium;FBO;east;organic;1
100719;27.04.2025;21.05.2025;Дом;Москва и МО;micro;mixed;east;referral;1
100720;14.08.2025;02.09.2025;Дом;Поволжье;medium;FBS;center;referral;1
100721;01.10.2024;29.11.2024;Одежда;Центр;small;FBO;south;referral;0
100722;06.09.2023;02.10.2023;Дом;Юг;small;FBS;center;organic;1
100723;15.04.2024;19.04.2024;Красота;Центр;micro;FBO;south;offline_event;1
100724;22.02.2025;15.03.2025;Аксессуары;Центр;micro;FBS;east;partner;1
100725;12.04.2024;31.05.2024;Обувь;Сибирь;micro;FBO;center;organic;1
100726;04.06.2025;16.07.2025;Канцелярия;Москва и МО;medium;mixed;north;partner;0
100727;11.07.2025;04.08.2025;Красота;Юг;micro;FBO;center;organic;1
100728;25.11.2023;09.01.2024;Электроника;Юг;micro;FBS;center;ads;1
100729;23.06.2024;06.08.2024;Одежда;Москва и МО;micro;FBS;north;ads;1
100730;13.09.2024;19.11.2024;Товары для животных;Сибирь;large;FBS;south;referral;1
100731;05.03.2026;;Обувь;Санкт-Петербург;medium;FBO;east;offline_event;1
100732;16.10.2025;22.10.2025;Обувь;Москва и МО;micro;FBO;west;organic;1
100733;16.01.2026;01.02.2026;Детские товары;Поволжье;small;FBS;center;ads;1
100734;08.01.2025;16.01.2025;Электроника;Поволжье;micro;mixed;north;referral;1
100735;11.11.2025;22.11.2025;Детские товары;Москва и МО;micro;FBO;east;partner;0
100736;23.08.2024;21.09.2024;Красота;Москва и МО;micro;FBO;center;organic;1
100737;25.10.2025;21.11.2025;Электроника;Дальний Восток;small;FBS;south;ads;1
100738;24.04.2024;20.05.2024;Одежда;Центр;small;FBO;east;offline_event;0
100739;09.06.2024;26.06.2024;Канцелярия;Урал;small;FBS;north;ads;1
100740;09.08.2023;31.08.2023;Детские товары;Сибирь;micro;FBS;center;offline_event;0
100741;19.10.2024;02.11.2024;Спорт;Москва и МО;micro;FBO;center;organic;1
100742;18.07.2024;15.08.2024;Обувь;Центр;large;FBO;north;partner;0
100743;16.01.2024;19.02.2024;Аксессуары;Москва и МО;micro;FBO;center;ads;0
100744;31.12.2023;18.01.2024;Одежда;Санкт-Петербург;micro;mixed;center;partner;1
100745;22.04.2025;01.06.2025;Красота;Дальний Восток;small;FBO;east;referral;1
100746;21.09.2024;07.12.2024;Электроника;Центр;micro;FBO;south;referral;1
100747;03.12.2024;01.01.2025;Электроника;Дальний Восток;small;FBS;center;organic;0
100748;09.11.2025;25.11.2025;Красота;Урал;medium;FBS;east;offline_event;1
100749;30.08.2024;22.09.2024;Одежда;Юг;micro;FBS;south;organic;1
100750;26.08.2025;17.09.2025;Детские товары;Урал;micro;FBO;center;organic;0
100751;18.08.2023;31.08.2023;Одежда;Москва и МО;small;FBO;center;ads;0
100752;04.12.2025;01.01.2026;Красота;Поволжье;small;FBS;west;organic;1
100753;23.07.2024;16.09.2024;Красота;Центр;medium;FBO;south;ads;1
100754;05.05.2024;04.06.2024;Аксессуары;Урал;small;FBS;east;referral;1
100755;04.03.2026;18.04.2026;Товары для животных;Санкт-Петербург;large;FBS;south;ads;1
100756;06.07.2025;28.08.2025;Одежда;Центр;micro;FBO;west;offline_event;1
100757;05.08.2025;14.09.2025;Обувь;Юг;small;FBS;center;ads;0
100758;20.09.2024;26.09.2024;Одежда;Центр;small;FBO;south;ads;1
100759;03.07.2025;07.07.2025;Обувь;Москва и МО;micro;mixed;center;ads;0
100760;17.11.2025;22.11.2025;Канцелярия;Дальний Восток;small;mixed;west;partner;0
100761;14.01.2025;31.01.2025;Красота;Санкт-Петербург;micro;mixed;north;partner;1
100762;03.05.2025;10.05.2025;Спорт;Москва и МО;small;FBO;south;organic;0
100763;14.04.2025;30.04.2025;Товары для животных;Поволжье;small;FBO;center;organic;0
100764;24.08.2025;18.09.2025;Спорт;Санкт-Петербург;micro;FBO;east;ads;1
100765;27.04.2025;14.05.2025;Обувь;Центр;micro;FBO;center;partner;1
100766;15.10.2023;29.10.2023;Электроника;Москва и МО;micro;FBO;east;partner;1
100767;08.06.2024;16.07.2024;Канцелярия;Урал;large;FBS;south;referral;1
100768;21.09.2023;20.10.2023;Аксессуары;Санкт-Петербург;micro;FBS;west;partner;1
100769;15.05.2025;27.05.2025;Дом;Москва и МО;small;FBO;center;organic;1
100770;23.01.2025;02.03.2025;Товары для животных;Центр;micro;FBO;north;organic;1
100771;25.10.2024;20.02.2025;Детские товары;Юг;small;FBS;center;offline_event;1
100772;28.10.2023;18.11.2023;Электроника;Сибирь;micro;FBO;center;referral;1
100773;01.02.2026;12.02.2026;Красота;Москва и МО;small;FBO;center;partner;0
100774;30.01.2025;02.03.2025;Красота;Центр;small;FBO;west;ads;0
100775;04.03.2024;07.05.2024;Аксессуары;Юг;micro;FBS;north;ads;1
100776;14.05.2025;30.05.2025;Электроника;Урал;micro;FBO;center;organic;1
100777;13.11.2024;06.12.2024;Дом;Санкт-Петербург;small;FBS;south;organic;0
100778;05.04.2024;28.04.2024;Одежда;Юг;micro;FBS;west;ads;1
100779;27.01.2024;12.02.2024;Аксессуары;Урал;medium;mixed;west;offline_event;1
100780;14.01.2024;08.02.2024;Одежда;Урал;micro;FBS;east;organic;1
100781;26.05.2025;09.06.2025;Электроника;Сибирь;micro;FBO;east;offline_event;0
100782;12.02.2025;16.03.2025;Красота;Санкт-Петербург;small;FBO;center;partner;1
100783;30.03.2024;05.04.2024;Одежда;Москва и МО;micro;FBO;south;organic;1
100784;22.09.2023;22.10.2023;Товары для животных;Центр;large;FBO;west;ads;0
100785;29.12.2023;15.01.2024;Обувь;Урал;micro;FBO;center;organic;1
100786;01.09.2023;29.09.2023;Красота;Санкт-Петербург;micro;FBO;south;partner;0
100787;05.07.2023;28.07.2023;Красота;Сибирь;micro;FBS;west;organic;1
100788;27.02.2025;21.03.2025;Аксессуары;Сибирь;small;mixed;south;referral;1
100789;27.08.2025;08.09.2025;Одежда;Москва и МО;micro;mixed;west;organic;1
100790;27.01.2026;23.02.2026;Товары для животных;Урал;micro;FBS;west;referral;1
100791;12.01.2026;31.01.2026;Красота;Поволжье;micro;FBO;center;organic;1
100792;15.02.2024;07.04.2024;Красота;Москва и МО;large;FBS;south;referral;0
100793;11.11.2023;26.01.2024;Электроника;Москва и МО;small;FBS;center;organic;0
100794;06.09.2025;28.09.2025;Одежда;Сибирь;medium;FBO;south;organic;1
100795;21.09.2023;28.09.2023;Одежда;Урал;micro;FBO;center;ads;0
100796;09.02.2026;03.03.2026;Детские товары;Поволжье;small;FBO;center;partner;1
100797;25.06.2024;06.08.2024;Дом;Урал;micro;mixed;north;organic;1
100798;07.09.2025;21.09.2025;Одежда;Москва и МО;small;FBO;center;organic;0
100799;23.01.2024;10.03.2024;Спорт;Санкт-Петербург;medium;mixed;center;partner;0
100800;12.01.2026;25.01.2026;Аксессуары;Москва и МО;small;FBO;east;referral;1
100801;03.02.2025;28.02.2025;Одежда;Поволжье;large;FBS;east;organic;1
100802;06.01.2026;01.02.2026;Красота;Москва и МО;small;FBS;south;referral;1
100803;02.11.2025;03.12.2025;Красота;Дальний Восток;medium;FBS;center;offline_event;1
100804;17.06.2025;12.07.2025;Дом;Дальний Восток;micro;FBS;west;referral;1
100805;06.05.2024;10.06.2024;Одежда;Санкт-Петербург;medium;FBO;north;offline_event;1
100806;01.05.2024;21.06.2024;Детские товары;Москва и МО;micro;FBO;west;partner;1
100807;09.01.2026;16.01.2026;Красота;Москва и МО;small;FBS;south;organic;1
100808;12.11.2023;19.11.2023;Канцелярия;Москва и МО;micro;FBS;east;referral;1
100809;02.10.2025;11.11.2025;Дом;Москва и МО;micro;FBO;west;referral;1
100810;09.07.2024;12.07.2024;Одежда;Юг;medium;FBO;center;organic;1
100811;21.02.2025;23.04.2025;Красота;Юг;small;FBS;center;ads;1
100812;05.07.2025;30.07.2025;Электроника;Москва и МО;small;FBO;north;organic;1
100813;08.10.2023;07.12.2023;Красота;Юг;small;FBO;south;partner;0
100814;11.02.2025;05.03.2025;Дом;Урал;micro;mixed;east;partner;0
100815;26.09.2023;15.10.2023;Канцелярия;Юг;micro;FBS;south;ads;1
100816;20.09.2023;07.11.2023;Спорт;Юг;medium;FBO;west;organic;1
100817;24.11.2025;23.12.2025;Детские товары;Москва и МО;small;FBS;west;partner;1
100818;07.07.2023;17.07.2023;Электроника;Юг;medium;FBO;center;organic;1
100819;06.02.2024;18.04.2024;Обувь;Санкт-Петербург;large;mixed;west;organic;1
100820;09.11.2023;06.12.2023;Электроника;Поволжье;medium;FBS;center;organic;1
100821;01.07.2025;19.07.2025;Детские товары;Поволжье;micro;mixed;west;organic;1
100822;15.06.2025;09.07.2025;Обувь;Москва и МО;small;FBS;center;offline_event;1
100823;09.12.2023;01.01.2024;Канцелярия;Урал;small;FBS;east;ads;1
100824;04.01.2024;05.02.2024;Одежда;Юг;micro;FBO;east;referral;1
100825;20.10.2023;28.10.2023;Товары для животных;Москва и МО;small;FBO;center;organic;1
100826;21.08.2023;12.09.2023;Одежда;Урал;small;FBO;center;organic;0
100827;10.05.2025;08.06.2025;Дом;Москва и МО;small;mixed;south;partner;1
100828;20.10.2025;11.11.2025;Обувь;Москва и МО;small;FBO;south;referral;1
100829;09.08.2023;25.08.2023;Дом;Поволжье;micro;FBO;south;offline_event;0
100830;28.09.2025;11.10.2025;Одежда;Поволжье;small;mixed;west;organic;0
100831;11.08.2025;28.10.2025;Дом;Юг;micro;FBS;west;organic;1
100832;29.01.2026;01.03.2026;Детские товары;Москва и МО;micro;FBO;north;ads;1
100833;15.07.2024;27.09.2024;Одежда;Москва и МО;small;FBO;south;referral;1
100834;15.12.2023;19.12.2023;Аксессуары;Сибирь;small;mixed;center;ads;0
100835;15.01.2026;24.02.2026;Товары для животных;Урал;micro;FBO;west;ads;0
100836;27.11.2023;11.12.2023;Обувь;Юг;micro;FBS;center;organic;1
100837;26.11.2024;10.01.2025;Одежда;Поволжье;small;FBS;center;ads;1
100838;06.05.2024;04.06.2024;Канцелярия;Санкт-Петербург;medium;FBS;east;partner;0
100839;05.09.2023;29.09.2023;Дом;Санкт-Петербург;micro;FBO;east;referral;1
100840;20.09.2025;06.11.2025;Одежда;Санкт-Петербург;medium;mixed;east;ads;1
100841;02.07.2024;12.08.2024;Красота;Поволжье;medium;FBS;center;partner;0
100842;03.11.2025;15.12.2025;Обувь;Москва и МО;small;FBS;center;partner;1
100843;01.11.2023;28.11.2023;Товары для животных;Центр;micro;mixed;east;referral;1
100844;27.08.2025;03.10.2025;Спорт;Центр;micro;FBS;west;offline_event;1
100845;10.11.2025;23.12.2025;Канцелярия;Урал;micro;FBO;east;partner;1
100846;06.01.2025;18.01.2025;Обувь;Центр;medium;FBS;center;ads;1
100847;27.12.2025;09.01.2026;Одежда;Юг;small;FBO;south;organic;1
100848;28.01.2025;27.02.2025;Одежда;Дальний Восток;small;FBO;south;partner;1
100849;03.12.2024;02.01.2025;Дом;Центр;small;mixed;center;partner;1
100850;06.07.2025;29.07.2025;Красота;Дальний Восток;medium;FBO;center;offline_event;1
100851;27.07.2023;12.09.2023;Аксессуары;Москва и МО;large;mixed;east;organic;0
100852;16.11.2024;11.12.2024;Спорт;Юг;small;FBO;east;organic;1
100853;31.03.2025;16.04.2025;Дом;Поволжье;medium;FBO;east;organic;0
100854;27.07.2025;02.09.2025;Обувь;Юг;micro;FBO;east;organic;1
100855;24.01.2024;26.02.2024;Детские товары;Поволжье;small;mixed;east;ads;1
100856;07.05.2025;29.05.2025;Аксессуары;Юг;small;FBO;east;offline_event;0
100857;19.11.2024;31.12.2024;Обувь;Москва и МО;medium;FBS;center;organic;1
100858;09.08.2025;30.08.2025;Одежда;Центр;small;FBO;south;organic;1
100859;17.10.2025;28.12.2025;Аксессуары;Санкт-Петербург;micro;FBO;north;organic;0
100860;07.11.2023;22.11.2023;Электроника;Москва и МО;small;FBO;west;partner;1
100861;05.05.2024;31.05.2024;Детские товары;Урал;micro;FBO;west;organic;1
100862;24.03.2024;02.04.2024;Красота;Центр;micro;FBS;center;offline_event;0
100863;25.02.2026;02.03.2026;Обувь;Москва и МО;micro;FBO;north;referral;1
100864;18.10.2023;29.10.2023;Одежда;Москва и МО;micro;FBO;south;ads;0
100865;22.05.2025;12.07.2025;Одежда;Поволжье;medium;FBS;south;organic;1
100866;06.07.2024;07.10.2024;Одежда;Поволжье;medium;FBO;north;referral;0
100867;20.11.2025;28.11.2025;Красота;Юг;small;FBS;north;organic;1
100868;27.11.2024;13.12.2024;Одежда;Москва и МО;small;FBS;east;organic;0
100869;05.07.2025;15.09.2025;Дом;Москва и МО;micro;FBS;center;referral;0
100870;28.08.2025;22.09.2025;Дом;Дальний Восток;small;FBO;center;organic;1
100871;24.05.2025;28.06.2025;Электроника;Санкт-Петербург;small;FBS;east;organic;1
100872;30.07.2023;19.08.2023;Красота;Урал;small;mixed;south;organic;1
100873;03.08.2024;05.10.2024;Дом;Центр;small;FBS;east;partner;1
100874;14.11.2023;24.11.2023;Обувь;Поволжье;large;FBO;north;ads;1
100875;17.07.2025;22.08.2025;Обувь;Москва и МО;medium;FBS;north;organic;1
100876;20.08.2024;25.09.2024;Товары для животных;Сибирь;micro;mixed;north;partner;1
100877;14.09.2024;26.09.2024;Обувь;Сибирь;large;mixed;west;organic;1
100878;17.02.2025;14.03.2025;Обувь;Москва и МО;micro;FBS;center;referral;1
100879;12.06.2024;19.07.2024;Обувь;Центр;small;mixed;center;offline_event;0
100880;21.12.2023;27.12.2023;Детские товары;Поволжье;micro;mixed;south;partner;1
100881;05.02.2024;25.03.2024;Одежда;Юг;medium;mixed;south;partner;0
100882;07.08.2025;18.09.2025;Одежда;Центр;small;FBS;north;organic;1
100883;18.03.2025;02.04.2025;Товары для животных;Сибирь;small;FBS;north;referral;1
100884;29.07.2025;20.08.2025;Одежда;Сибирь;micro;FBO;south;ads;1
100885;24.07.2023;01.08.2023;Детские товары;Санкт-Петербург;medium;mixed;north;organic;1
100886;14.08.2024;18.08.2024;Аксессуары;Центр;medium;FBO;north;referral;1
100887;04.07.2024;05.09.2024;Одежда;Центр;medium;FBS;center;partner;1
100888;08.03.2024;24.03.2024;Одежда;Поволжье;micro;FBO;east;organic;1
100889;26.11.2025;04.02.2026;Одежда;Москва и МО;small;FBO;north;organic;1
100890;14.10.2023;26.11.2023;Одежда;Центр;micro;FBS;south;referral;1
100891;18.02.2024;15.03.2024;Аксессуары;Дальний Восток;large;mixed;west;ads;1
100892;04.08.2025;07.09.2025;Красота;Урал;small;mixed;center;referral;1
100893;02.07.2024;20.08.2024;Дом;Юг;micro;mixed;west;organic;1
100894;04.08.2024;29.08.2024;Красота;Урал;medium;mixed;west;referral;1
100895;21.08.2023;21.09.2023;Дом;Поволжье;micro;mixed;west;organic;1
100896;19.06.2025;10.07.2025;Дом;Центр;micro;mixed;north;organic;0
100897;29.10.2024;12.11.2024;Электроника;Москва и МО;medium;FBO;north;organic;1
100898;28.12.2024;20.01.2025;Красота;Поволжье;small;FBS;center;partner;0
100899;05.03.2026;08.04.2026;Электроника;Дальний Восток;small;mixed;center;partner;1
100900;13.12.2025;26.01.2026;Товары для животных;Поволжье;micro;mixed;center;organic;1
100901;15.01.2025;24.01.2025;Аксессуары;Поволжье;micro;mixed;south;organic;1
100902;01.03.2026;14.04.2026;Детские товары;Москва и МО;small;FBO;center;organic;1
100903;06.09.2023;04.10.2023;Дом;Москва и МО;micro;mixed;north;partner;1
100904;08.01.2025;20.01.2025;Дом;Санкт-Петербург;small;FBO;south;ads;0
100905;04.11.2025;23.11.2025;Дом;Сибирь;small;FBO;west;ads;1
100906;26.09.2023;03.11.2023;Красота;Санкт-Петербург;micro;FBS;north;organic;0
100907;10.04.2025;21.04.2025;Красота;Юг;small;FBO;south;ads;1
100908;20.02.2026;;Детские товары;Москва и МО;micro;FBS;south;ads;1
100909;21.02.2025;19.03.2025;Электроника;Урал;small;FBS;west;organic;1
100910;04.03.2026;11.04.2026;Товары для животных;Центр;micro;mixed;center;ads;0
100911;31.08.2025;06.09.2025;Одежда;Центр;micro;FBO;north;referral;0
100912;25.07.2024;05.09.2024;Детские товары;Юг;micro;mixed;west;organic;1
100913;15.08.2023;16.08.2023;Дом;Москва и МО;micro;FBO;south;organic;1
100914;23.08.2025;29.09.2025;Электроника;Юг;small;FBS;east;partner;1
100915;28.05.2025;08.06.2025;Одежда;Москва и МО;micro;FBO;west;partner;0
100916;19.12.2023;24.12.2023;Дом;Москва и МО;micro;FBO;west;ads;0
100917;24.01.2024;06.02.2024;Аксессуары;Урал;small;FBS;center;organic;0
100918;12.05.2025;02.06.2025;Красота;Юг;micro;FBO;south;ads;1
100919;14.01.2025;25.01.2025;Аксессуары;Санкт-Петербург;micro;FBS;center;ads;0
100920;24.05.2025;27.05.2025;Красота;Урал;medium;FBS;center;referral;1
100921;03.01.2025;09.02.2025;Красота;Поволжье;micro;FBO;south;partner;1
100922;25.12.2025;16.01.2026;Красота;Центр;small;FBO;east;referral;1
100923;10.12.2024;23.01.2025;Спорт;Поволжье;large;FBO;center;partner;1
100924;10.05.2024;03.06.2024;Детские товары;Москва и МО;micro;FBS;north;ads;1
100925;24.02.2026;22.03.2026;Дом;Санкт-Петербург;micro;mixed;south;ads;1
100926;10.10.2023;22.10.2023;Товары для животных;Урал;small;FBO;north;organic;1
100927;07.04.2025;23.04.2025;Дом;Центр;medium;FBO;east;ads;1
100928;19.08.2024;02.09.2024;Красота;Юг;micro;mixed;west;partner;1
100929;05.06.2024;16.06.2024;Обувь;Центр;medium;FBO;north;referral;0
100930;23.08.2024;02.09.2024;Дом;Поволжье;large;FBO;north;organic;1
100931;21.03.2024;22.04.2024;Дом;Юг;medium;FBO;east;organic;1
100932;14.04.2024;04.07.2024;Электроника;Центр;micro;FBS;north;offline_event;0
100933;14.08.2023;08.10.2023;Дом;Сибирь;small;FBO;south;ads;1
100934;01.10.2025;29.12.2025;Канцелярия;Поволжье;micro;FBS;east;ads;1
100935;21.10.2024;20.11.2024;Аксессуары;Урал;micro;FBO;south;partner;1
100936;22.01.2025;23.04.2025;Спорт;Москва и МО;small;FBO;south;offline_event;1
100937;25.08.2025;07.09.2025;Одежда;Дальний Восток;micro;FBO;west;referral;0
100938;29.05.2024;10.08.2024;Обувь;Дальний Восток;small;FBO;center;organic;1
100939;13.07.2025;22.08.2025;Аксессуары;Москва и МО;micro;mixed;west;organic;1
100940;14.06.2025;25.07.2025;Товары для животных;Санкт-Петербург;small;FBO;north;organic;1
100941;28.08.2025;23.09.2025;Детские товары;Сибирь;small;FBS;north;offline_event;0
100942;22.04.2025;03.05.2025;Обувь;Санкт-Петербург;micro;FBO;center;organic;1
100943;16.08.2024;13.09.2024;Электроника;Юг;micro;FBS;south;organic;0
100944;10.03.2026;;Дом;Сибирь;micro;FBS;north;partner;0
100945;10.12.2023;04.01.2024;Дом;Дальний Восток;micro;FBS;north;partner;1
100946;01.05.2024;14.05.2024;Канцелярия;Юг;small;mixed;east;partner;1
100947;13.03.2026;;Обувь;Санкт-Петербург;micro;FBS;center;organic;1
100948;24.08.2023;18.09.2023;Дом;Центр;micro;FBO;south;organic;1
100949;21.04.2024;12.05.2024;Одежда;Поволжье;micro;mixed;east;organic;1
100950;26.01.2026;01.03.2026;Канцелярия;Москва и МО;small;FBS;center;organic;1
100951;31.05.2024;07.06.2024;Дом;Москва и МО;small;FBS;center;organic;1
100952;18.05.2024;03.06.2024;Детские товары;Урал;micro;FBO;east;organic;1
100953;08.01.2026;17.01.2026;Товары для животных;Сибирь;medium;FBO;north;organic;0
100954;15.10.2025;27.10.2025;Одежда;Поволжье;micro;FBO;center;organic;1
100955;21.02.2026;05.04.2026;Обувь;Москва и МО;small;mixed;south;partner;1
100956;17.05.2025;12.07.2025;Одежда;Сибирь;small;FBS;south;organic;0
100957;01.05.2024;25.05.2024;Красота;Сибирь;micro;FBS;north;organic;1
100958;02.11.2024;05.12.2024;Канцелярия;Санкт-Петербург;micro;FBS;north;offline_event;0
100959;17.11.2025;06.12.2025;Электроника;Урал;small;FBS;west;ads;1
100960;01.03.2026;25.04.2026;Аксессуары;Санкт-Петербург;large;FBO;north;organic;0
100961;27.08.2025;30.09.2025;Красота;Юг;small;FBO;west;organic;1
100962;16.06.2025;23.07.2025;Одежда;Москва и МО;small;FBS;north;organic;1
100963;06.01.2025;21.01.2025;Электроника;Сибирь;small;FBS;north;organic;0
100964;19.09.2025;17.10.2025;Канцелярия;Москва и МО;micro;FBO;west;offline_event;1
100965;23.12.2024;29.12.2024;Обувь;Юг;micro;FBS;east;referral;0
100966;03.12.2025;27.12.2025;Обувь;Поволжье;micro;FBS;east;organic;1
100967;22.04.2024;10.06.2024;Одежда;Москва и МО;medium;FBS;center;partner;1
100968;31.12.2023;11.01.2024;Электроника;Юг;medium;FBO;east;organic;1
100969;20.01.2024;23.01.2024;Электроника;Москва и МО;micro;FBS;east;offline_event;0
100970;10.09.2023;25.09.2023;Обувь;Урал;small;FBO;north;organic;1
100971;29.10.2025;18.11.2025;Канцелярия;Юг;micro;FBO;east;referral;0
100972;24.01.2025;01.02.2025;Одежда;Юг;micro;FBS;north;referral;1
100973;20.02.2024;12.04.2024;Дом;Сибирь;micro;mixed;north;referral;1
100974;28.09.2025;04.10.2025;Канцелярия;Центр;micro;FBO;east;organic;1
100975;19.04.2025;09.06.2025;Одежда;Москва и МО;small;FBO;east;organic;1
100976;31.10.2023;22.11.2023;Аксессуары;Сибирь;micro;FBO;east;organic;1
100977;08.07.2023;09.08.2023;Дом;Дальний Восток;micro;FBO;center;offline_event;1
100978;04.01.2026;21.01.2026;Одежда;Дальний Восток;micro;FBS;center;referral;1
100979;13.12.2023;27.12.2023;Товары для животных;Поволжье;large;mixed;center;partner;1
100980;18.10.2025;22.01.2026;Детские товары;Центр;micro;FBO;south;organic;1
100981;04.09.2025;06.09.2025;Детские товары;Сибирь;micro;FBO;center;organic;0
100982;04.10.2025;19.10.2025;Одежда;Юг;large;FBO;north;ads;1
100983;30.12.2023;12.01.2024;Электроника;Центр;micro;mixed;center;organic;0
100984;12.09.2025;18.10.2025;Одежда;Москва и МО;micro;FBO;south;partner;1
100985;23.02.2026;11.04.2026;Товары для животных;Сибирь;medium;FBO;north;partner;0
100986;20.05.2024;12.06.2024;Канцелярия;Поволжье;micro;FBO;center;ads;1
100987;22.10.2024;08.11.2024;Одежда;Центр;medium;FBS;south;referral;1
100988;04.04.2024;16.04.2024;Обувь;Поволжье;micro;FBS;east;organic;1
100989;04.10.2025;03.11.2025;Дом;Москва и МО;small;mixed;center;organic;1
100990;19.11.2024;19.01.2025;Одежда;Юг;small;mixed;east;organic;1
100991;07.12.2023;22.02.2024;Красота;Москва и МО;micro;FBO;center;organic;1
100992;16.01.2026;20.01.2026;Электроника;Сибирь;micro;FBS;center;partner;0
100993;27.06.2024;19.08.2024;Детские товары;Юг;micro;FBS;east;partner;0
100994;25.03.2024;19.04.2024;Одежда;Москва и МО;micro;FBS;center;organic;0
100995;28.12.2025;26.01.2026;Детские товары;Санкт-Петербург;micro;mixed;south;organic;1
100996;14.12.2025;26.01.2026;Дом;Юг;micro;FBO;center;referral;0
100997;14.01.2025;30.01.2025;Одежда;Поволжье;micro;FBO;south;organic;0
100998;28.12.2025;22.01.2026;Одежда;Юг;small;FBO;north;organic;1
100999;16.12.2023;26.01.2024;Обувь;Москва и МО;micro;FBO;center;referral;1