Column1;dt;sku_id;seller_id;category_main;price_today;discount_share;organic_impressions;organic_clicks;product_page_views;add_to_cart;organic_orders;organic_gmv;orders_total;gmv_total;margin_total;stock_units_end;stockout_flag;regional_availability_score;page_load_ms;search_result_position_avg;support_mentions_cnt
0;09.12.2024;5124963;102926;Одежда;515.79;0.479;16;1;2;1;0;0.0;0;0.0;0.0;306;0;0.516;962;67.0;0
1;10.12.2024;5124963;102926;Одежда;515.79;0.479;11;0;4;0;0;0.0;0;0.0;0.0;306;0;0.523;881;15.7;0
2;11.12.2024;5124963;102926;Одежда;515.79;0.479;31;0;8;1;1;515.79;1;515.79;49.75;305;0;0.387;942;62.6;0
3;12.12.2024;5124963;102926;Одежда;515.79;0.479;10;0;4;1;1;515.79;1;515.79;49.75;304;0;0.503;630;37.2;0
4;13.12.2024;5124963;102926;Одежда;515.79;0.479;13;0;4;1;0;0.0;0;0.0;0.0;304;0;0.593;908;22.5;0
5;14.12.2024;5124963;102926;Одежда;515.79;0.479;14;1;2;0;0;0.0;0;0.0;0.0;304;0;0.552;827;64.2;0
6;15.12.2024;5124963;102926;Одежда;515.79;0.479;25;1;10;0;0;0.0;0;0.0;0.0;304;0;0.504;674;55.6;0
7;16.12.2024;5124963;102926;Одежда;515.79;0.479;37;1;14;1;0;0.0;0;0.0;0.0;304;0;0.568;863;1.0;0
8;17.12.2024;5124963;102926;Одежда;515.79;0.479;35;0;9;0;0;0.0;0;0.0;0.0;304;0;0.475;634;38.5;0
9;18.12.2024;5124963;102926;Одежда;515.79;0.479;17;0;3;0;0;0.0;0;0.0;0.0;304;0;0.484;881;66.6;0
10;19.12.2024;5124963;102926;Одежда;515.79;0.479;27;1;11;1;0;0.0;0;0.0;0.0;304;0;0.536;1106;27.0;0
11;20.12.2024;5124963;102926;Одежда;515.79;0.479;21;0;4;0;0;0.0;0;0.0;0.0;304;0;0.577;755;30.8;0
12;21.12.2024;5124963;102926;Одежда;515.79;0.479;21;1;4;1;0;0.0;0;0.0;0.0;304;0;0.604;954;1.0;0
13;22.12.2024;5124963;102926;Одежда;515.79;0.479;17;2;9;0;0;0.0;0;0.0;0.0;304;0;0.558;1020;39.0;0
14;23.12.2024;5124963;102926;Одежда;515.79;0.479;32;0;11;0;0;0.0;0;0.0;0.0;304;0;0.449;973;28.6;0
15;24.12.2024;5124963;102926;Одежда;515.79;0.479;11;0;5;0;0;0.0;0;0.0;0.0;304;0;0.428;914;61.2;0
16;25.12.2024;5124963;102926;Одежда;515.79;0.479;46;0;15;2;0;0.0;0;0.0;0.0;304;0;0.544;738;67.3;0
17;26.12.2024;5124963;102926;Одежда;515.79;0.479;14;2;2;0;0;0.0;0;0.0;0.0;304;0;0.644;584;62.5;0
18;27.12.2024;5124963;102926;Одежда;515.79;0.479;37;3;10;0;0;0.0;1;515.79;49.75;303;0;0.526;1151;35.2;0
19;28.12.2024;5124963;102926;Одежда;515.79;0.479;52;4;11;0;0;0.0;0;0.0;0.0;303;0;0.501;841;67.2;0
20;29.12.2024;5124963;102926;Одежда;515.79;0.479;33;0;10;1;0;0.0;0;0.0;0.0;303;0;0.734;993;33.2;0
21;30.12.2024;5124963;102926;Одежда;515.79;0.479;38;1;8;0;0;0.0;0;0.0;0.0;303;0;0.501;1130;52.0;0
22;31.12.2024;5124963;102926;Одежда;515.79;0.479;42;1;10;0;0;0.0;0;0.0;0.0;303;0;0.499;604;49.6;0
23;01.01.2025;5124963;102926;Одежда;515.79;0.479;15;0;4;0;0;0.0;0;0.0;0.0;303;0;0.523;934;70.2;0
24;02.01.2025;5124963;102926;Одежда;515.79;0.479;32;3;15;0;0;0.0;0;0.0;0.0;303;0;0.425;1086;34.2;0
25;03.01.2025;5124963;102926;Одежда;515.79;0.479;26;1;6;0;0;0.0;0;0.0;0.0;303;0;0.642;500;51.7;0
26;04.01.2025;5124963;102926;Одежда;515.79;0.479;53;3;15;2;0;0.0;0;0.0;0.0;303;0;0.515;1471;1.0;0
27;05.01.2025;5124963;102926;Одежда;515.79;0.479;28;2;12;1;0;0.0;0;0.0;0.0;303;0;0.484;938;36.8;0
28;06.01.2025;5124963;102926;Одежда;515.79;0.479;18;2;3;0;0;0.0;0;0.0;0.0;303;0;0.661;846;50.1;0
29;07.01.2025;5124963;102926;Одежда;515.79;0.479;51;4;10;0;0;0.0;0;0.0;0.0;303;0;0.598;150;71.4;0
30;08.01.2025;5124963;102926;Одежда;515.79;0.479;17;2;6;2;0;0.0;0;0.0;0.0;303;0;0.464;1239;23.4;0
31;09.01.2025;5124963;102926;Одежда;515.79;0.479;22;1;5;1;0;0.0;0;0.0;0.0;303;0;0.582;864;44.5;0
32;10.01.2025;5124963;102926;Одежда;515.79;0.479;65;2;25;1;0;0.0;0;0.0;0.0;303;0;0.595;706;61.6;0
33;11.01.2025;5124963;102926;Одежда;515.79;0.479;14;0;1;0;0;0.0;0;0.0;0.0;303;0;0.585;1073;9.9;0
34;12.01.2025;5124963;102926;Одежда;515.79;0.479;26;1;6;1;1;515.79;1;515.79;49.75;302;0;0.575;805;18.2;0
35;13.01.2025;5124963;102926;Одежда;515.79;0.479;26;2;7;0;0;0.0;0;0.0;0.0;302;0;0.578;760;14.3;0
36;14.01.2025;5124963;102926;Одежда;515.79;0.479;33;0;6;1;0;0.0;0;0.0;0.0;302;0;0.615;1102;48.4;1
37;15.01.2025;5124963;102926;Одежда;515.79;0.479;21;0;9;1;1;515.79;1;515.79;49.75;301;0;0.471;1033;75.1;0
38;16.01.2025;5124963;102926;Одежда;515.79;0.479;35;1;15;1;1;515.79;1;515.79;49.75;300;0;0.487;1178;14.7;0
39;17.01.2025;5124963;102926;Одежда;515.79;0.479;34;2;14;0;0;0.0;0;0.0;0.0;300;0;0.341;829;50.8;0
40;18.01.2025;5124963;102926;Одежда;515.79;0.479;41;0;10;0;0;0.0;0;0.0;0.0;300;0;0.468;842;27.1;0
41;19.01.2025;5124963;102926;Одежда;515.79;0.479;43;2;15;1;0;0.0;0;0.0;0.0;300;0;0.643;239;22.6;0
42;20.01.2025;5124963;102926;Одежда;515.79;0.479;39;1;13;2;1;515.79;1;515.79;49.75;299;0;0.621;1069;51.8;0
43;21.01.2025;5124963;102926;Одежда;515.79;0.479;31;0;7;0;0;0.0;0;0.0;0.0;299;0;0.73;666;42.0;0
44;22.01.2025;5124963;102926;Одежда;515.79;0.479;26;1;10;0;0;0.0;0;0.0;0.0;299;0;0.58;1010;18.3;0
45;23.01.2025;5124963;102926;Одежда;515.79;0.479;39;0;12;1;1;515.79;1;515.79;49.75;298;0;0.515;1111;57.1;0
46;24.01.2025;5124963;102926;Одежда;515.79;0.479;23;3;9;0;0;0.0;0;0.0;0.0;298;0;0.424;879;43.6;0
47;25.01.2025;5124963;102926;Одежда;515.79;0.479;12;1;2;0;0;0.0;0;0.0;0.0;298;0;0.438;1113;3.4;0
48;26.01.2025;5124963;102926;Одежда;515.79;0.479;48;0;12;0;0;0.0;0;0.0;0.0;298;0;0.522;945;26.4;0
49;27.01.2025;5124963;102926;Одежда;515.79;0.479;41;1;12;3;0;0.0;0;0.0;0.0;298;0;0.541;1073;69.1;0
50;28.01.2025;5124963;102926;Одежда;515.79;0.479;29;1;10;1;1;515.79;1;515.79;49.75;297;0;0.449;790;34.5;0
51;29.01.2025;5124963;102926;Одежда;515.79;0.479;29;0;4;0;0;0.0;0;0.0;0.0;297;0;0.573;795;25.4;0
52;30.01.2025;5124963;102926;Одежда;515.79;0.479;6;0;3;0;0;0.0;0;0.0;0.0;297;0;0.623;1060;26.3;0
53;31.01.2025;5124963;102926;Одежда;515.79;0.479;37;2;14;1;0;0.0;0;0.0;0.0;297;0;0.561;1111;54.2;0
54;01.02.2025;5124963;102926;Одежда;515.79;0.479;35;1;6;0;0;0.0;0;0.0;0.0;297;0;0.621;690;27.7;0
55;02.02.2025;5124963;102926;Одежда;515.79;0.479;43;1;8;1;0;0.0;0;0.0;0.0;297;0;0.542;434;43.9;0
56;03.02.2025;5124963;102926;Одежда;515.79;0.479;30;2;5;0;0;0.0;0;0.0;0.0;297;0;0.489;523;23.6;0
57;04.02.2025;5124963;102926;Одежда;515.79;0.479;38;2;15;2;0;0.0;0;0.0;0.0;297;0;0.57;578;52.6;0
58;05.02.2025;5124963;102926;Одежда;515.79;0.479;54;5;12;3;2;1031.58;2;1031.58;99.51;295;0;0.523;545;30.6;0
59;06.02.2025;5124963;102926;Одежда;515.79;0.479;45;5;14;0;0;0.0;0;0.0;0.0;295;0;0.452;1217;64.6;0
60;07.02.2025;5124963;102926;Одежда;515.79;0.479;18;0;6;1;0;0.0;0;0.0;0.0;295;0;0.588;1029;71.8;0
61;08.02.2025;5124963;102926;Одежда;515.79;0.479;41;1;7;1;1;515.79;1;515.79;49.75;294;0;0.593;902;28.1;1
62;09.02.2025;5124963;102926;Одежда;515.79;0.479;72;2;23;1;0;0.0;0;0.0;0.0;294;0;0.352;737;44.0;0
63;10.02.2025;5124963;102926;Одежда;515.79;0.479;31;3;7;0;0;0.0;0;0.0;0.0;294;0;0.482;1018;50.5;0
64;11.02.2025;5124963;102926;Одежда;515.79;0.479;24;1;4;0;0;0.0;0;0.0;0.0;294;0;0.401;757;19.1;0
65;12.02.2025;5124963;102926;Одежда;515.79;0.479;47;1;12;1;0;0.0;0;0.0;0.0;294;0;0.545;1001;57.0;0
66;13.02.2025;5124963;102926;Одежда;515.79;0.479;40;2;11;0;0;0.0;0;0.0;0.0;294;0;0.679;913;1.0;0
67;14.02.2025;5124963;102926;Одежда;515.79;0.479;53;3;25;1;0;0.0;0;0.0;0.0;294;0;0.577;749;40.8;0
68;15.02.2025;5124963;102926;Одежда;515.79;0.479;48;2;21;1;0;0.0;0;0.0;0.0;294;0;0.467;1175;1.0;0
69;16.02.2025;5124963;102926;Одежда;515.79;0.479;34;2;8;1;0;0.0;0;0.0;0.0;294;0;0.586;663;33.7;0
70;17.02.2025;5124963;102926;Одежда;515.79;0.479;43;3;16;1;0;0.0;0;0.0;0.0;294;0;0.452;806;38.4;0
71;18.02.2025;5124963;102926;Одежда;515.79;0.479;20;1;5;0;0;0.0;0;0.0;0.0;294;0;0.509;852;30.5;0
72;19.02.2025;5124963;102926;Одежда;515.79;0.479;44;3;14;2;1;515.79;1;515.79;49.75;293;0;0.488;873;33.7;0
73;20.02.2025;5124963;102926;Одежда;515.79;0.479;17;0;5;1;0;0.0;0;0.0;0.0;293;0;0.507;677;21.7;0
74;21.02.2025;5124963;102926;Одежда;515.79;0.479;59;2;19;2;0;0.0;0;0.0;0.0;293;0;0.41;1179;65.8;0
75;22.02.2025;5124963;102926;Одежда;515.79;0.479;32;1;13;0;0;0.0;0;0.0;0.0;293;0;0.648;673;14.0;0
76;23.02.2025;5124963;102926;Одежда;515.79;0.479;54;3;22;0;0;0.0;0;0.0;0.0;293;0;0.474;970;32.2;0
77;24.02.2025;5124963;102926;Одежда;515.79;0.479;35;2;14;1;0;0.0;0;0.0;0.0;293;0;0.442;1023;53.4;0
78;25.02.2025;5124963;102926;Одежда;515.79;0.479;43;0;9;0;0;0.0;0;0.0;0.0;293;0;0.544;748;37.3;0
79;26.02.2025;5124963;102926;Одежда;515.79;0.479;38;2;11;1;0;0.0;0;0.0;0.0;293;0;0.416;796;25.7;0
80;27.02.2025;5124963;102926;Одежда;515.79;0.479;34;2;12;1;0;0.0;0;0.0;0.0;293;0;0.566;1102;31.0;0
81;28.02.2025;5124963;102926;Одежда;515.79;0.479;21;1;6;0;0;0.0;0;0.0;0.0;293;0;0.532;894;58.8;1
82;01.03.2025;5124963;102926;Одежда;515.79;0.479;45;2;16;3;1;515.79;1;515.79;49.75;292;0;0.451;615;24.2;0
83;02.03.2025;5124963;102926;Одежда;515.79;0.479;63;3;19;2;0;0.0;0;0.0;0.0;292;0;0.626;895;26.3;0
84;03.03.2025;5124963;102926;Одежда;515.79;0.479;54;1;18;0;0;0.0;0;0.0;0.0;292;0;0.476;1187;16.9;0
85;04.03.2025;5124963;102926;Одежда;515.79;0.479;94;6;29;2;1;515.79;1;515.79;49.75;291;0;0.584;604;57.1;0
86;05.03.2025;5124963;102926;Одежда;515.79;0.479;42;2;8;2;1;515.79;1;515.79;49.75;290;0;0.529;1037;74.9;0
87;06.03.2025;5124963;102926;Одежда;515.79;0.479;65;1;22;0;0;0.0;0;0.0;0.0;290;0;0.513;815;40.7;0
88;07.03.2025;5124963;102926;Одежда;515.79;0.479;44;3;11;0;0;0.0;0;0.0;0.0;290;0;0.609;613;46.6;1
89;08.03.2025;5124963;102926;Одежда;515.79;0.479;57;2;18;0;0;0.0;0;0.0;0.0;290;0;0.49;702;42.8;0
90;09.03.2025;5124963;102926;Одежда;515.79;0.479;65;1;24;0;0;0.0;0;0.0;0.0;290;0;0.579;708;55.3;0
91;10.03.2025;5124963;102926;Одежда;515.79;0.479;38;0;15;3;1;515.79;1;515.79;49.75;289;0;0.586;1080;1.0;1
92;11.03.2025;5124963;102926;Одежда;515.79;0.479;32;1;12;1;1;515.79;1;515.79;49.75;288;0;0.566;789;33.0;0
93;12.03.2025;5124963;102926;Одежда;515.79;0.479;40;1;16;2;0;0.0;0;0.0;0.0;288;0;0.589;179;42.5;0
94;13.03.2025;5124963;102926;Одежда;515.79;0.479;31;3;11;0;0;0.0;0;0.0;0.0;288;0;0.588;787;61.0;0
95;14.03.2025;5124963;102926;Одежда;515.79;0.479;35;1;15;0;0;0.0;0;0.0;0.0;288;0;0.535;551;24.6;0
96;15.03.2025;5124963;102926;Одежда;515.79;0.479;39;2;11;0;0;0.0;0;0.0;0.0;288;0;0.556;769;51.3;0
97;16.03.2025;5124963;102926;Одежда;515.79;0.479;51;2;20;0;0;0.0;0;0.0;0.0;288;0;0.574;604;65.6;0
98;17.03.2025;5124963;102926;Одежда;515.79;0.479;26;0;9;1;0;0.0;0;0.0;0.0;288;0;0.354;823;46.5;0
99;18.03.2025;5124963;102926;Одежда;515.79;0.479;52;2;18;2;1;515.79;1;515.79;49.75;287;0;0.485;1127;34.8;0
100;19.03.2025;5124963;102926;Одежда;515.79;0.479;47;4;13;3;0;0.0;0;0.0;0.0;287;0;0.593;1032;61.6;0
101;20.03.2025;5124963;102926;Одежда;515.79;0.479;65;1;25;1;0;0.0;0;0.0;0.0;287;0;0.441;790;10.3;0
102;21.03.2025;5124963;102926;Одежда;515.79;0.479;32;2;11;0;0;0.0;0;0.0;0.0;287;0;0.499;810;32.6;1
103;22.03.2025;5124963;102926;Одежда;515.79;0.479;46;3;11;0;0;0.0;0;0.0;0.0;287;0;0.557;986;17.0;0
104;23.03.2025;5124963;102926;Одежда;515.79;0.479;64;3;16;2;0;0.0;0;0.0;0.0;287;0;0.58;1192;36.4;0
105;24.03.2025;5124963;102926;Одежда;515.79;0.479;28;1;11;0;0;0.0;0;0.0;0.0;287;0;0.664;1022;36.3;0
106;25.03.2025;5124963;102926;Одежда;515.79;0.479;33;1;13;0;0;0.0;0;0.0;0.0;287;0;0.598;150;24.8;0
107;26.03.2025;5124963;102926;Одежда;515.79;0.479;46;1;13;0;0;0.0;0;0.0;0.0;287;0;0.495;1055;20.5;1
108;27.03.2025;5124963;102926;Одежда;515.79;0.479;38;2;15;0;0;0.0;0;0.0;0.0;287;0;0.56;847;51.6;0
109;28.03.2025;5124963;102926;Одежда;515.79;0.479;44;1;11;3;0;0.0;0;0.0;0.0;287;0;0.511;793;51.5;0
110;29.03.2025;5124963;102926;Одежда;515.79;0.479;37;1;12;0;0;0.0;0;0.0;0.0;287;0;0.614;926;46.1;0
111;30.03.2025;5124963;102926;Одежда;515.79;0.479;55;4;11;0;0;0.0;0;0.0;0.0;287;0;0.616;812;53.4;0
112;31.03.2025;5124963;102926;Одежда;515.79;0.479;59;2;20;2;1;515.79;1;515.79;49.75;286;0;0.523;895;6.8;0
113;01.04.2025;5124963;102926;Одежда;515.79;0.479;32;0;9;3;2;1031.58;2;1031.58;99.51;284;0;0.548;799;37.2;0
114;02.04.2025;5124963;102926;Одежда;515.79;0.479;57;1;15;2;1;515.79;1;515.79;49.75;283;0;0.593;791;23.6;0
115;03.04.2025;5124963;102926;Одежда;515.79;0.479;52;3;14;0;0;0.0;0;0.0;0.0;283;0;0.67;976;56.4;0
116;04.04.2025;5124963;102926;Одежда;515.79;0.479;32;0;9;0;0;0.0;0;0.0;0.0;283;0;0.58;990;28.0;0
117;05.04.2025;5124963;102926;Одежда;515.79;0.479;64;1;26;1;1;515.79;1;515.79;49.75;282;0;0.532;1141;88.2;0
118;06.04.2025;5124963;102926;Одежда;515.79;0.479;55;1;16;0;0;0.0;0;0.0;0.0;282;0;0.535;720;23.5;0
119;07.04.2025;5124963;102926;Одежда;515.79;0.479;46;2;12;1;1;515.79;1;515.79;49.75;281;0;0.589;945;57.4;0
120;08.04.2025;5124963;102926;Одежда;515.79;0.479;52;2;9;1;0;0.0;0;0.0;0.0;281;0;0.723;982;31.9;0
121;09.04.2025;5124963;102926;Одежда;515.79;0.479;33;0;11;0;0;0.0;0;0.0;0.0;281;0;0.472;868;50.3;0
122;10.04.2025;5124963;102926;Одежда;515.79;0.479;35;4;8;0;0;0.0;0;0.0;0.0;281;0;0.612;930;46.7;0
123;11.04.2025;5124963;102926;Одежда;515.79;0.479;55;2;21;0;0;0.0;0;0.0;0.0;281;0;0.57;867;44.8;0
124;12.04.2025;5124963;102926;Одежда;515.79;0.479;57;4;21;2;1;515.79;1;515.79;49.75;280;0;0.56;854;43.5;0
125;13.04.2025;5124963;102926;Одежда;515.79;0.479;90;5;26;1;0;0.0;0;0.0;0.0;280;0;0.624;912;40.0;0
126;14.04.2025;5124963;102926;Одежда;515.79;0.479;68;2;19;1;0;0.0;0;0.0;0.0;280;0;0.584;888;53.5;0
127;15.04.2025;5124963;102926;Одежда;515.79;0.479;25;1;9;0;0;0.0;0;0.0;0.0;280;0;0.568;899;11.9;0
128;16.04.2025;5124963;102926;Одежда;515.79;0.479;64;4;27;2;0;0.0;0;0.0;0.0;280;0;0.581;559;36.5;0
129;17.04.2025;5124963;102926;Одежда;515.79;0.479;32;2;12;2;1;515.79;1;515.79;49.75;279;0;0.624;1255;29.4;1
130;18.04.2025;5124963;102926;Одежда;515.79;0.479;32;4;11;0;0;0.0;0;0.0;0.0;279;0;0.542;330;29.2;0
131;19.04.2025;5124963;102926;Одежда;515.79;0.479;77;2;18;3;1;515.79;1;515.79;49.75;278;0;0.553;691;47.2;0
132;20.04.2025;5124963;102926;Одежда;515.79;0.479;58;0;17;5;1;515.79;1;515.79;49.75;277;0;0.615;395;43.3;0
133;21.04.2025;5124963;102926;Одежда;515.79;0.479;32;0;11;0;0;0.0;0;0.0;0.0;277;0;0.542;1194;61.6;0
134;22.04.2025;5124963;102926;Одежда;515.79;0.479;46;1;16;1;1;515.79;1;515.79;49.75;276;0;0.436;962;32.5;0
135;23.04.2025;5124963;102926;Одежда;515.79;0.479;38;0;17;1;0;0.0;0;0.0;0.0;276;0;0.579;746;38.9;0
136;24.04.2025;5124963;102926;Одежда;515.79;0.479;68;0;15;2;1;515.79;1;515.79;49.75;275;0;0.695;598;20.0;0
137;25.04.2025;5124963;102926;Одежда;515.79;0.479;42;1;14;0;0;0.0;0;0.0;0.0;275;0;0.571;1095;30.6;0
138;26.04.2025;5124963;102926;Одежда;515.79;0.479;75;5;21;4;0;0.0;0;0.0;0.0;275;0;0.576;806;14.1;1
139;27.04.2025;5124963;102926;Одежда;515.79;0.479;58;2;19;5;2;1031.58;2;1031.58;99.51;273;0;0.61;975;41.9;0
140;28.04.2025;5124963;102926;Одежда;515.79;0.479;38;1;14;0;0;0.0;0;0.0;0.0;273;0;0.568;865;31.4;0
141;29.04.2025;5124963;102926;Одежда;515.79;0.479;46;1;10;0;0;0.0;0;0.0;0.0;273;0;0.562;713;66.1;0
142;30.04.2025;5124963;102926;Одежда;515.79;0.479;44;0;14;2;0;0.0;0;0.0;0.0;273;0;0.688;942;78.0;0
143;01.05.2025;5124963;102926;Одежда;515.79;0.479;49;1;23;2;1;515.79;1;515.79;49.75;272;0;0.528;903;31.0;1
144;02.05.2025;5124963;102926;Одежда;515.79;0.479;41;2;13;0;0;0.0;0;0.0;0.0;272;0;0.525;1146;64.0;0
145;03.05.2025;5124963;102926;Одежда;515.79;0.479;48;0;9;0;0;0.0;0;0.0;0.0;272;0;0.561;940;14.2;0
146;04.05.2025;5124963;102926;Одежда;515.79;0.479;62;4;14;0;0;0.0;0;0.0;0.0;272;0;0.466;777;20.4;0
147;05.05.2025;5124963;102926;Одежда;515.79;0.479;80;2;22;1;0;0.0;0;0.0;0.0;272;0;0.584;1238;59.8;0
148;06.05.2025;5124963;102926;Одежда;515.79;0.479;43;1;14;2;1;515.79;1;515.79;49.75;271;0;0.598;1104;28.5;0
149;07.05.2025;5124963;102926;Одежда;515.79;0.479;43;0;12;0;0;0.0;0;0.0;0.0;271;0;0.675;581;46.2;0
150;08.05.2025;5124963;102926;Одежда;515.79;0.479;66;4;16;1;0;0.0;0;0.0;0.0;271;0;0.388;730;35.6;0
151;09.05.2025;5124963;102926;Одежда;515.79;0.479;39;1;7;1;0;0.0;0;0.0;0.0;271;0;0.544;691;49.1;0
152;10.05.2025;5124963;102926;Одежда;515.79;0.479;49;4;13;1;1;515.79;1;515.79;49.75;270;0;0.581;944;37.1;0
153;11.05.2025;5124963;102926;Одежда;515.79;0.479;60;4;22;3;2;1031.58;2;1031.58;99.51;268;0;0.524;911;30.2;0
154;12.05.2025;5124963;102926;Одежда;515.79;0.479;69;5;29;0;0;0.0;0;0.0;0.0;268;0;0.563;417;50.7;0
155;13.05.2025;5124963;102926;Одежда;515.79;0.479;34;1;8;0;0;0.0;0;0.0;0.0;268;0;0.523;1123;1.0;0
156;14.05.2025;5124963;102926;Одежда;515.79;0.479;41;2;15;0;0;0.0;0;0.0;0.0;268;0;0.688;938;67.8;0
157;15.05.2025;5124963;102926;Одежда;515.79;0.479;102;7;27;0;0;0.0;0;0.0;0.0;268;0;0.571;767;51.6;0
158;16.05.2025;5124963;102926;Одежда;515.79;0.479;56;2;15;1;0;0.0;0;0.0;0.0;268;0;0.613;775;57.4;0
159;17.05.2025;5124963;102926;Одежда;515.79;0.479;55;1;14;1;1;515.79;1;515.79;49.75;267;0;0.604;885;54.3;0
160;18.05.2025;5124963;102926;Одежда;515.79;0.479;60;4;17;2;0;0.0;0;0.0;0.0;267;0;0.479;939;5.6;0
161;19.05.2025;5124963;102926;Одежда;515.79;0.479;44;2;19;2;1;515.79;1;515.79;49.75;266;0;0.613;990;1.0;0
162;20.05.2025;5124963;102926;Одежда;515.79;0.479;36;2;8;1;0;0.0;0;0.0;0.0;266;0;0.524;1281;27.7;0
163;21.05.2025;5124963;102926;Одежда;515.79;0.479;85;3;21;0;0;0.0;0;0.0;0.0;266;0;0.685;970;44.9;1
164;22.05.2025;5124963;102926;Одежда;515.79;0.479;52;2;17;1;0;0.0;0;0.0;0.0;266;0;0.599;1165;36.7;0
165;23.05.2025;5124963;102926;Одежда;515.79;0.479;47;3;10;0;0;0.0;0;0.0;0.0;266;0;0.453;1037;26.2;0
166;24.05.2025;5124963;102926;Одежда;515.79;0.479;59;2;18;2;2;1031.58;2;1031.58;99.51;264;0;0.527;856;8.3;1
167;25.05.2025;5124963;102926;Одежда;515.79;0.479;70;3;23;0;0;0.0;0;0.0;0.0;264;0;0.517;804;56.7;0
168;26.05.2025;5124963;102926;Одежда;515.79;0.479;40;0;14;2;0;0.0;0;0.0;0.0;264;0;0.557;1277;45.8;0
169;27.05.2025;5124963;102926;Одежда;515.79;0.479;58;5;18;1;1;515.79;1;515.79;49.75;263;0;0.668;985;70.3;0
170;28.05.2025;5124963;102926;Одежда;515.79;0.479;34;3;9;1;1;515.79;1;515.79;49.75;262;0;0.55;871;29.9;0
171;29.05.2025;5124963;102926;Одежда;515.79;0.479;70;6;23;0;0;0.0;0;0.0;0.0;262;0;0.438;376;23.8;0
172;30.05.2025;5124963;102926;Одежда;515.79;0.479;46;3;14;2;0;0.0;0;0.0;0.0;262;0;0.529;1291;45.1;0
173;31.05.2025;5124963;102926;Одежда;515.79;0.479;66;3;23;1;1;515.79;1;515.79;49.75;261;0;0.57;523;1.0;0
174;01.06.2025;5124963;102926;Одежда;515.79;0.479;57;4;19;2;0;0.0;0;0.0;0.0;261;0;0.547;779;49.1;0
175;02.06.2025;5124963;102926;Одежда;515.79;0.479;26;3;9;1;0;0.0;0;0.0;0.0;261;0;0.572;715;13.5;0
176;03.06.2025;5124963;102926;Одежда;515.79;0.479;56;2;19;0;0;0.0;0;0.0;0.0;261;0;0.53;761;66.7;0
177;04.06.2025;5124963;102926;Одежда;515.79;0.479;54;4;17;2;0;0.0;0;0.0;0.0;261;0;0.68;674;44.7;0
178;05.06.2025;5124963;102926;Одежда;515.79;0.479;34;2;15;2;0;0.0;0;0.0;0.0;261;0;0.464;880;37.6;0
179;06.06.2025;5124963;102926;Одежда;515.79;0.479;60;4;17;0;0;0.0;0;0.0;0.0;261;0;0.574;785;66.0;0
180;07.06.2025;5124963;102926;Одежда;515.79;0.479;78;2;26;1;0;0.0;0;0.0;0.0;261;0;0.575;150;43.1;0
181;08.06.2025;5124963;102926;Одежда;515.79;0.479;100;2;29;0;0;0.0;0;0.0;0.0;261;0;0.495;720;67.9;0
182;09.06.2025;5124963;102926;Одежда;515.79;0.479;50;3;17;3;0;0.0;0;0.0;0.0;261;0;0.556;931;2.5;0
183;10.06.2025;5124963;102926;Одежда;515.79;0.479;76;4;29;1;0;0.0;0;0.0;0.0;261;0;0.51;762;36.3;0
184;11.06.2025;5124963;102926;Одежда;515.79;0.479;74;6;22;1;0;0.0;0;0.0;0.0;261;0;0.515;1246;17.0;0
185;12.06.2025;5124963;102926;Одежда;515.79;0.479;62;3;18;2;1;515.79;1;515.79;49.75;260;0;0.5;1041;19.0;0
186;13.06.2025;5124963;102926;Одежда;515.79;0.479;45;0;10;0;0;0.0;0;0.0;0.0;260;0;0.49;1077;36.3;0
187;14.06.2025;5124963;102926;Одежда;515.79;0.479;63;2;25;1;0;0.0;0;0.0;0.0;260;0;0.641;653;44.9;0
188;15.06.2025;5124963;102926;Одежда;515.79;0.479;80;1;24;2;0;0.0;0;0.0;0.0;260;0;0.735;1031;50.5;0
189;16.06.2025;5124963;102926;Одежда;515.79;0.479;46;1;13;1;0;0.0;0;0.0;0.0;260;0;0.659;976;40.5;0
190;17.06.2025;5124963;102926;Одежда;515.79;0.479;21;1;6;0;0;0.0;0;0.0;0.0;260;0;0.566;964;30.6;0
191;18.06.2025;5124963;102926;Одежда;515.79;0.479;39;1;12;2;1;515.79;1;515.79;49.75;259;0;0.528;806;29.0;0
192;19.06.2025;5124963;102926;Одежда;515.79;0.479;61;2;17;0;0;0.0;0;0.0;0.0;259;0;0.516;1111;41.0;0
193;20.06.2025;5124963;102926;Одежда;515.79;0.479;59;3;20;1;0;0.0;0;0.0;0.0;259;0;0.552;763;51.2;0
194;21.06.2025;5124963;102926;Одежда;515.79;0.479;41;0;12;0;0;0.0;0;0.0;0.0;259;0;0.577;570;27.5;0
195;22.06.2025;5124963;102926;Одежда;515.79;0.479;46;5;19;0;0;0.0;0;0.0;0.0;259;0;0.615;773;4.2;0
196;23.06.2025;5124963;102926;Одежда;515.79;0.479;99;4;28;1;0;0.0;0;0.0;0.0;259;0;0.546;825;25.4;0
197;24.06.2025;5124963;102926;Одежда;515.79;0.479;78;1;28;1;1;515.79;1;515.79;49.75;258;0;0.525;1130;36.1;0
198;25.06.2025;5124963;102926;Одежда;515.79;0.479;77;2;16;0;0;0.0;0;0.0;0.0;258;0;0.495;749;50.5;0
199;26.06.2025;5124963;102926;Одежда;515.79;0.479;58;3;17;3;1;515.79;1;515.79;49.75;257;0;0.408;651;59.9;0
200;27.06.2025;5124963;102926;Одежда;515.79;0.479;72;4;22;1;0;0.0;0;0.0;0.0;257;0;0.58;605;48.6;0
201;28.06.2025;5124963;102926;Одежда;515.79;0.479;78;3;28;4;1;515.79;1;515.79;49.75;256;0;0.492;665;70.1;0
202;29.06.2025;5124963;102926;Одежда;515.79;0.479;51;2;22;2;0;0.0;0;0.0;0.0;256;0;0.572;611;63.1;0
203;30.06.2025;5124963;102926;Одежда;515.79;0.479;102;0;30;1;1;515.79;1;515.79;49.75;255;0;0.563;572;18.1;0
204;01.07.2025;5124963;102926;Одежда;515.79;0.479;72;5;29;1;1;515.79;1;515.79;49.75;254;0;0.494;517;75.8;0
205;02.07.2025;5124963;102926;Одежда;515.79;0.479;89;5;28;2;0;0.0;0;0.0;0.0;254;0;0.514;841;42.3;0
206;03.07.2025;5124963;102926;Одежда;515.79;0.479;66;3;23;1;0;0.0;0;0.0;0.0;254;0;0.616;1236;39.7;0
207;04.07.2025;5124963;102926;Одежда;515.79;0.479;36;1;9;1;0;0.0;0;0.0;0.0;254;0;0.594;719;24.9;0
208;05.07.2025;5124963;102926;Одежда;515.79;0.479;79;5;16;2;1;515.79;2;1031.58;99.51;252;0;0.545;883;48.9;0
209;06.07.2025;5124963;102926;Одежда;515.79;0.479;44;1;18;0;0;0.0;0;0.0;0.0;252;0;0.396;975;21.6;0
210;07.07.2025;5124963;102926;Одежда;515.79;0.479;72;4;29;1;0;0.0;0;0.0;0.0;252;0;0.591;980;28.3;0
211;08.07.2025;5124963;102926;Одежда;515.79;0.479;76;5;18;2;1;515.79;2;1031.58;99.51;250;0;0.589;1553;65.0;0
212;09.07.2025;5124963;102926;Одежда;515.79;0.479;59;0;15;2;0;0.0;0;0.0;0.0;250;0;0.462;1034;77.4;0
213;10.07.2025;5124963;102926;Одежда;515.79;0.479;53;2;16;3;1;515.79;1;515.79;49.75;249;0;0.48;570;45.8;0
214;11.07.2025;5124963;102926;Одежда;515.79;0.479;92;4;27;2;1;515.79;1;515.79;49.75;248;0;0.585;591;70.8;0
215;12.07.2025;5124963;102926;Одежда;515.79;0.479;94;2;25;4;2;1031.58;2;1031.58;99.51;246;0;0.59;968;64.2;0
216;13.07.2025;5124963;102926;Одежда;515.79;0.479;56;1;15;2;0;0.0;0;0.0;0.0;246;0;0.57;958;32.8;0
217;14.07.2025;5124963;102926;Одежда;515.79;0.479;72;2;24;0;0;0.0;0;0.0;0.0;246;0;0.509;824;47.7;0
218;15.07.2025;5124963;102926;Одежда;515.79;0.479;41;1;12;2;0;0.0;0;0.0;0.0;246;0;0.592;465;25.6;0
219;16.07.2025;5124963;102926;Одежда;515.79;0.479;24;1;3;1;1;515.79;1;515.79;49.75;245;0;0.45;812;39.1;0
220;17.07.2025;5124963;102926;Одежда;515.79;0.479;44;1;17;1;0;0.0;0;0.0;0.0;245;0;0.463;485;57.3;0
221;18.07.2025;5124963;102926;Одежда;515.79;0.479;95;6;26;0;0;0.0;0;0.0;0.0;245;0;0.563;627;75.6;0
222;19.07.2025;5124963;102926;Одежда;515.79;0.479;62;1;16;1;0;0.0;0;0.0;0.0;245;0;0.58;776;42.8;0
223;20.07.2025;5124963;102926;Одежда;515.79;0.479;57;6;17;2;2;1031.58;2;1031.58;99.51;243;0;0.582;860;66.8;0
224;21.07.2025;5124963;102926;Одежда;515.79;0.479;52;4;15;2;1;515.79;1;515.79;49.75;242;0;0.645;633;17.9;0
225;22.07.2025;5124963;102926;Одежда;515.79;0.479;61;4;17;1;1;515.79;1;515.79;49.75;241;0;0.545;506;53.6;0
226;23.07.2025;5124963;102926;Одежда;515.79;0.479;55;4;16;1;0;0.0;0;0.0;0.0;241;0;0.537;1315;15.9;0
227;24.07.2025;5124963;102926;Одежда;515.79;0.479;60;0;15;0;0;0.0;0;0.0;0.0;241;0;0.515;810;65.7;0
228;25.07.2025;5124963;102926;Одежда;515.79;0.479;61;2;21;0;0;0.0;0;0.0;0.0;241;0;0.513;729;29.7;0
229;26.07.2025;5124963;102926;Одежда;515.79;0.479;43;0;10;0;0;0.0;0;0.0;0.0;241;0;0.558;506;71.4;0
230;27.07.2025;5124963;102926;Одежда;515.79;0.479;48;2;15;0;0;0.0;0;0.0;0.0;241;0;0.422;672;4.4;0
231;28.07.2025;5124963;102926;Одежда;515.79;0.479;50;4;19;2;0;0.0;0;0.0;0.0;241;0;0.462;1409;1.0;0
232;29.07.2025;5124963;102926;Одежда;515.79;0.479;51;2;17;0;0;0.0;0;0.0;0.0;241;0;0.472;960;51.7;0
233;30.07.2025;5124963;102926;Одежда;515.79;0.479;51;5;16;1;1;515.79;1;515.79;49.75;240;0;0.602;772;44.7;0
234;31.07.2025;5124963;102926;Одежда;515.79;0.479;53;3;21;2;0;0.0;0;0.0;0.0;240;0;0.594;824;54.7;0
235;01.08.2025;5124963;102926;Одежда;515.79;0.479;23;0;8;0;0;0.0;0;0.0;0.0;240;0;0.433;840;56.9;0
236;02.08.2025;5124963;102926;Одежда;515.79;0.479;45;4;16;0;0;0.0;0;0.0;0.0;240;0;0.681;803;9.8;1
237;03.08.2025;5124963;102926;Одежда;515.79;0.479;38;0;18;0;0;0.0;0;0.0;0.0;240;0;0.465;727;31.1;0
238;04.08.2025;5124963;102926;Одежда;515.79;0.479;30;1;11;1;0;0.0;0;0.0;0.0;240;0;0.517;1040;42.0;0
239;05.08.2025;5124963;102926;Одежда;515.79;0.479;47;4;16;3;0;0.0;0;0.0;0.0;240;0;0.425;668;27.9;0
240;06.08.2025;5124963;102926;Одежда;515.79;0.479;27;1;7;0;0;0.0;0;0.0;0.0;240;0;0.45;1075;48.9;0
241;07.08.2025;5124963;102926;Одежда;515.79;0.479;34;2;12;0;0;0.0;0;0.0;0.0;240;0;0.518;674;64.0;0
242;08.08.2025;5124963;102926;Одежда;515.79;0.479;30;2;8;1;0;0.0;0;0.0;0.0;240;0;0.532;797;48.4;0
243;09.08.2025;5124963;102926;Одежда;515.79;0.479;58;1;19;0;0;0.0;0;0.0;0.0;240;0;0.435;855;13.2;0
244;10.08.2025;5124963;102926;Одежда;515.79;0.479;39;1;12;0;0;0.0;0;0.0;0.0;240;0;0.51;808;30.8;0
245;11.08.2025;5124963;102926;Одежда;515.79;0.479;38;3;16;1;0;0.0;0;0.0;0.0;240;0;0.598;1039;26.6;0
246;12.08.2025;5124963;102926;Одежда;515.79;0.479;36;0;13;0;0;0.0;0;0.0;0.0;240;0;0.55;573;17.0;0
247;13.08.2025;5124963;102926;Одежда;515.79;0.479;61;3;18;0;0;0.0;0;0.0;0.0;240;0;0.416;1189;42.3;0
248;14.08.2025;5124963;102926;Одежда;515.79;0.479;63;1;20;0;0;0.0;0;0.0;0.0;240;0;0.581;893;36.3;0
249;15.08.2025;5124963;102926;Одежда;515.79;0.479;40;3;12;2;0;0.0;0;0.0;0.0;240;0;0.386;747;21.0;0
250;16.08.2025;5124963;102926;Одежда;515.79;0.479;26;0;8;0;0;0.0;0;0.0;0.0;240;0;0.418;883;25.7;0
251;17.08.2025;5124963;102926;Одежда;515.79;0.479;28;1;10;1;0;0.0;0;0.0;0.0;240;0;0.449;694;23.2;0
252;18.08.2025;5124963;102926;Одежда;515.79;0.479;28;0;8;0;0;0.0;0;0.0;0.0;240;0;0.548;1104;45.8;0
253;19.08.2025;5124963;102926;Одежда;515.79;0.479;23;0;7;1;0;0.0;0;0.0;0.0;240;0;0.438;486;22.2;0
254;20.08.2025;5124963;102926;Одежда;515.79;0.479;37;0;14;1;0;0.0;0;0.0;0.0;240;0;0.51;818;31.2;0
255;21.08.2025;5124963;102926;Одежда;515.79;0.479;34;1;5;0;0;0.0;0;0.0;0.0;240;0;0.506;1014;46.7;0
256;22.08.2025;5124963;102926;Одежда;515.79;0.479;31;2;10;0;0;0.0;0;0.0;0.0;240;0;0.39;1102;42.5;1
257;23.08.2025;5124963;102926;Одежда;515.79;0.479;18;0;5;0;0;0.0;0;0.0;0.0;240;0;0.557;964;59.8;0
258;24.08.2025;5124963;102926;Одежда;515.79;0.479;62;3;19;0;0;0.0;0;0.0;0.0;240;0;0.493;744;57.8;0
259;25.08.2025;5124963;102926;Одежда;515.79;0.479;36;1;11;1;1;515.79;1;515.79;49.75;239;0;0.265;749;23.2;0
260;26.08.2025;5124963;102926;Одежда;515.79;0.479;22;0;7;0;0;0.0;0;0.0;0.0;239;0;0.515;829;41.2;0
261;27.08.2025;5124963;102926;Одежда;515.79;0.479;38;0;16;2;0;0.0;0;0.0;0.0;239;0;0.467;1049;4.9;0
262;28.08.2025;5124963;102926;Одежда;515.79;0.479;34;1;12;0;0;0.0;0;0.0;0.0;239;0;0.454;1012;77.5;0
263;29.08.2025;5124963;102926;Одежда;515.79;0.479;24;0;6;0;0;0.0;0;0.0;0.0;239;0;0.417;584;13.4;0
264;30.08.2025;5124963;102926;Одежда;515.79;0.479;39;2;18;1;0;0.0;0;0.0;0.0;239;0;0.527;955;42.4;0
265;31.08.2025;5124963;102926;Одежда;515.79;0.479;55;2;15;1;0;0.0;0;0.0;0.0;239;0;0.439;823;40.4;0
266;01.09.2025;5124963;102926;Одежда;515.79;0.479;31;3;11;0;0;0.0;0;0.0;0.0;239;0;0.505;1184;67.0;0
267;02.09.2025;5124963;102926;Одежда;515.79;0.479;16;1;4;1;0;0.0;0;0.0;0.0;239;0;0.384;810;46.8;0
268;03.09.2025;5124963;102926;Одежда;515.79;0.479;21;0;7;1;0;0.0;0;0.0;0.0;239;0;0.509;1235;59.5;0
269;04.09.2025;5124963;102926;Одежда;515.79;0.479;17;3;7;1;1;515.79;1;515.79;49.75;238;0;0.436;883;41.9;0
270;05.09.2025;5124963;102926;Одежда;515.79;0.479;33;2;9;1;1;515.79;1;515.79;49.75;237;0;0.382;1029;20.9;0
271;06.09.2025;5124963;102926;Одежда;515.79;0.479;32;1;10;0;0;0.0;0;0.0;0.0;237;0;0.481;959;37.2;0
272;07.09.2025;5124963;102926;Одежда;515.79;0.479;29;1;6;0;0;0.0;0;0.0;0.0;237;0;0.46;568;45.6;0
273;08.09.2025;5124963;102926;Одежда;515.79;0.479;22;0;5;0;0;0.0;0;0.0;0.0;237;0;0.423;1009;26.2;0
274;09.09.2025;5124963;102926;Одежда;515.79;0.479;27;1;13;0;0;0.0;0;0.0;0.0;237;0;0.518;714;45.9;0
275;10.09.2025;5124963;102926;Одежда;515.79;0.479;25;1;6;0;0;0.0;0;0.0;0.0;237;0;0.351;877;31.3;0
276;11.09.2025;5124963;102926;Одежда;515.79;0.479;19;2;4;0;0;0.0;0;0.0;0.0;237;0;0.382;837;61.4;0
277;12.09.2025;5124963;102926;Одежда;515.79;0.479;25;4;10;2;0;0.0;0;0.0;0.0;237;0;0.499;770;16.1;0
278;13.09.2025;5124963;102926;Одежда;515.79;0.479;22;1;9;2;1;515.79;1;515.79;49.75;236;0;0.51;1288;23.3;0
279;14.09.2025;5124963;102926;Одежда;515.79;0.479;42;1;15;0;0;0.0;0;0.0;0.0;236;0;0.514;980;30.0;0
280;15.09.2025;5124963;102926;Одежда;515.79;0.479;31;0;9;0;0;0.0;0;0.0;0.0;236;0;0.343;420;69.8;0
281;16.09.2025;5124963;102926;Одежда;515.79;0.479;13;1;7;2;0;0.0;0;0.0;0.0;236;0;0.478;621;35.4;0
282;17.09.2025;5124963;102926;Одежда;515.79;0.479;25;5;5;0;0;0.0;0;0.0;0.0;236;0;0.401;635;33.0;0
283;18.09.2025;5124963;102926;Одежда;515.79;0.479;27;1;14;3;0;0.0;0;0.0;0.0;236;0;0.43;1178;40.0;0
284;19.09.2025;5124963;102926;Одежда;515.79;0.479;24;1;5;1;1;515.79;1;515.79;49.75;235;0;0.359;926;1.9;0
285;20.09.2025;5124963;102926;Одежда;515.79;0.479;19;1;6;0;0;0.0;0;0.0;0.0;235;0;0.43;1078;48.5;0
286;21.09.2025;5124963;102926;Одежда;515.79;0.479;20;2;5;0;0;0.0;0;0.0;0.0;235;0;0.418;712;5.0;0
287;22.09.2025;5124963;102926;Одежда;515.79;0.479;25;1;9;1;0;0.0;0;0.0;0.0;235;0;0.479;838;40.6;0
288;23.09.2025;5124963;102926;Одежда;515.79;0.479;25;0;7;0;0;0.0;0;0.0;0.0;235;0;0.441;707;70.6;0
289;24.09.2025;5124963;102926;Одежда;515.79;0.479;34;3;10;2;0;0.0;0;0.0;0.0;235;0;0.34;885;71.8;0
290;25.09.2025;5124963;102926;Одежда;515.79;0.479;11;0;4;0;0;0.0;0;0.0;0.0;235;0;0.475;789;37.5;0
291;26.09.2025;5124963;102926;Одежда;515.79;0.479;16;1;3;1;0;0.0;0;0.0;0.0;235;0;0.329;549;52.9;0
292;27.09.2025;5124963;102926;Одежда;515.79;0.479;25;0;8;0;0;0.0;0;0.0;0.0;235;0;0.329;156;29.6;0
293;28.09.2025;5124963;102926;Одежда;515.79;0.479;13;0;3;0;0;0.0;0;0.0;0.0;235;0;0.376;1009;46.3;0
294;29.09.2025;5124963;102926;Одежда;515.79;0.479;24;0;8;0;0;0.0;0;0.0;0.0;235;0;0.416;759;43.2;0
295;30.09.2025;5124963;102926;Одежда;515.79;0.479;42;0;23;3;1;515.79;1;515.79;49.75;234;0;0.421;877;65.9;0
296;01.10.2025;5124963;102926;Одежда;515.79;0.479;17;0;4;0;0;0.0;0;0.0;0.0;234;0;0.293;506;39.9;0
297;02.10.2025;5124963;102926;Одежда;515.79;0.479;31;2;9;0;0;0.0;0;0.0;0.0;234;0;0.333;226;52.2;0
298;03.10.2025;5124963;102926;Одежда;515.79;0.479;15;0;8;0;0;0.0;0;0.0;0.0;234;0;0.374;498;43.4;0
299;04.10.2025;5124963;102926;Одежда;515.79;0.479;16;1;3;0;0;0.0;0;0.0;0.0;234;0;0.345;892;50.9;0
300;05.10.2025;5124963;102926;Одежда;515.79;0.479;15;0;2;0;0;0.0;0;0.0;0.0;234;0;0.349;816;9.6;0
301;06.10.2025;5124963;102926;Одежда;515.79;0.479;11;0;3;0;0;0.0;0;0.0;0.0;234;0;0.325;871;31.0;0
302;07.10.2025;5124963;102926;Одежда;515.79;0.479;3;0;1;0;0;0.0;0;0.0;0.0;234;0;0.435;625;58.7;0
303;08.10.2025;5124963;102926;Одежда;515.79;0.479;16;1;5;0;0;0.0;0;0.0;0.0;234;0;0.356;252;33.3;0
304;09.10.2025;5124963;102926;Одежда;515.79;0.479;19;2;2;0;0;0.0;0;0.0;0.0;234;0;0.371;622;48.0;0
305;10.10.2025;5124963;102926;Одежда;515.79;0.479;11;1;2;0;0;0.0;0;0.0;0.0;234;0;0.333;1181;26.8;0
306;11.10.2025;5124963;102926;Одежда;515.79;0.479;15;2;6;1;1;515.79;1;515.79;49.75;233;0;0.413;911;28.4;0
307;12.10.2025;5124963;102926;Одежда;515.79;0.479;10;1;4;0;0;0.0;0;0.0;0.0;233;0;0.46;1283;11.5;0
308;13.10.2025;5124963;102926;Одежда;515.79;0.479;13;1;4;1;1;515.79;2;1031.58;99.51;231;0;0.351;849;1.0;0
309;14.10.2025;5124963;102926;Одежда;515.79;0.479;14;1;6;0;0;0.0;0;0.0;0.0;231;0;0.367;859;49.4;0
310;15.10.2025;5124963;102926;Одежда;515.79;0.479;21;0;7;0;0;0.0;0;0.0;0.0;231;0;0.325;1148;25.5;0
311;16.10.2025;5124963;102926;Одежда;515.79;0.479;15;1;3;0;0;0.0;0;0.0;0.0;231;0;0.249;887;69.9;0
312;17.10.2025;5124963;102926;Одежда;515.79;0.479;7;0;0;0;0;0.0;0;0.0;0.0;231;0;0.337;500;45.2;0
313;18.10.2025;5124963;102926;Одежда;515.79;0.479;13;0;3;0;0;0.0;0;0.0;0.0;231;0;0.199;1100;34.8;0
314;19.10.2025;5124963;102926;Одежда;515.79;0.479;14;0;3;0;0;0.0;0;0.0;0.0;231;0;0.437;483;10.4;0
315;20.10.2025;5124963;102926;Одежда;515.79;0.479;16;0;4;0;0;0.0;0;0.0;0.0;231;0;0.436;659;87.6;0
316;21.10.2025;5124963;102926;Одежда;515.79;0.479;14;0;1;0;0;0.0;0;0.0;0.0;231;0;0.27;883;23.8;0
317;22.10.2025;5124963;102926;Одежда;515.79;0.479;18;4;8;1;1;515.79;1;515.79;49.75;230;0;0.293;459;51.8;0
318;23.10.2025;5124963;102926;Одежда;515.79;0.479;15;0;8;3;1;515.79;1;515.79;49.75;229;0;0.384;657;34.8;0
319;24.10.2025;5124963;102926;Одежда;515.79;0.479;19;2;4;0;0;0.0;0;0.0;0.0;229;0;0.408;1212;25.9;0
320;25.10.2025;5124963;102926;Одежда;515.79;0.479;13;0;5;0;0;0.0;0;0.0;0.0;229;0;0.364;810;33.8;0
321;26.10.2025;5124963;102926;Одежда;515.79;0.479;16;0;3;0;0;0.0;0;0.0;0.0;229;0;0.34;521;15.2;0
322;27.10.2025;5124963;102926;Одежда;515.79;0.479;21;0;5;1;1;515.79;1;515.79;49.75;228;0;0.414;378;32.0;0
323;28.10.2025;5124963;102926;Одежда;515.79;0.479;11;1;5;0;0;0.0;0;0.0;0.0;228;0;0.329;900;51.6;0
324;29.10.2025;5124963;102926;Одежда;515.79;0.479;12;2;7;1;0;0.0;0;0.0;0.0;228;0;0.276;611;27.2;0
325;30.10.2025;5124963;102926;Одежда;515.79;0.479;13;0;9;1;0;0.0;0;0.0;0.0;228;0;0.394;1049;61.0;0
326;31.10.2025;5124963;102926;Одежда;515.79;0.479;11;1;1;0;0;0.0;0;0.0;0.0;228;0;0.321;1219;36.5;0
327;01.11.2025;5124963;102926;Одежда;515.79;0.479;22;2;4;0;0;0.0;0;0.0;0.0;228;0;0.369;621;37.3;0
328;02.11.2025;5124963;102926;Одежда;515.79;0.479;22;0;6;1;0;0.0;0;0.0;0.0;228;0;0.214;897;34.9;0
329;03.11.2025;5124963;102926;Одежда;515.79;0.479;15;0;7;0;0;0.0;0;0.0;0.0;228;0;0.323;575;8.9;0
330;04.11.2025;5124963;102926;Одежда;515.79;0.479;20;1;5;0;0;0.0;0;0.0;0.0;228;0;0.444;979;41.3;0
331;05.11.2025;5124963;102926;Одежда;515.79;0.479;9;1;3;1;1;515.79;1;515.79;49.75;227;0;0.437;699;23.1;0
332;06.11.2025;5124963;102926;Одежда;515.79;0.479;18;1;7;0;0;0.0;0;0.0;0.0;227;0;0.26;775;18.9;0
333;07.11.2025;5124963;102926;Одежда;515.79;0.479;19;0;5;1;0;0.0;0;0.0;0.0;227;0;0.365;617;42.9;0
334;08.11.2025;5124963;102926;Одежда;515.79;0.479;9;0;4;0;0;0.0;0;0.0;0.0;227;0;0.387;1002;1.0;0
335;09.11.2025;5124963;102926;Одежда;515.79;0.479;15;2;2;1;0;0.0;0;0.0;0.0;227;0;0.169;1412;25.1;0
336;10.11.2025;5124963;102926;Одежда;515.79;0.479;1;0;1;0;0;0.0;0;0.0;0.0;227;0;0.189;1115;44.6;0
337;11.11.2025;5124963;102926;Одежда;515.79;0.479;0;0;0;0;0;0.0;0;0.0;0.0;227;0;0.173;549;38.6;0
338;12.11.2025;5124963;102926;Одежда;515.79;0.479;0;0;0;0;0;0.0;0;0.0;0.0;227;0;0.278;820;40.7;0
339;13.11.2025;5124963;102926;Одежда;515.79;0.479;0;0;0;0;0;0.0;0;0.0;0.0;227;0;0.232;944;39.9;0
340;14.11.2025;5124963;102926;Одежда;515.79;0.479;0;0;0;0;0;0.0;0;0.0;0.0;227;0;0.243;596;42.4;0
341;15.11.2025;5124963;102926;Одежда;515.79;0.479;1;0;0;0;0;0.0;0;0.0;0.0;227;0;0.113;677;40.4;0
342;16.11.2025;5124963;102926;Одежда;515.79;0.479;1;0;0;0;0;0.0;0;0.0;0.0;227;0;0.156;1480;10.1;0
343;17.11.2025;5124963;102926;Одежда;515.79;0.479;1;0;0;0;0;0.0;0;0.0;0.0;227;0;0.302;911;45.0;0
344;18.11.2025;5124963;102926;Одежда;515.79;0.479;1;1;1;0;0;0.0;0;0.0;0.0;227;0;0.253;761;50.7;0
345;19.11.2025;5124963;102926;Одежда;515.79;0.479;0;0;0;0;0;0.0;0;0.0;0.0;227;0;0.216;603;68.0;0
346;20.11.2025;5124963;102926;Одежда;515.79;0.479;0;0;0;0;0;0.0;0;0.0;0.0;227;0;0.36;412;14.8;0
347;21.11.2025;5124963;102926;Одежда;515.79;0.479;0;0;0;0;0;0.0;0;0.0;0.0;227;0;0.272;446;89.4;0
348;22.11.2025;5124963;102926;Одежда;515.79;0.479;1;0;0;0;0;0.0;0;0.0;0.0;227;0;0.277;487;35.8;0
349;23.11.2025;5124963;102926;Одежда;515.79;0.479;0;0;0;0;0;0.0;0;0.0;0.0;227;0;0.232;983;17.5;0
350;24.11.2025;5124963;102926;Одежда;515.79;0.479;1;0;0;0;0;0.0;0;0.0;0.0;227;0;0.186;720;67.7;0
351;25.11.2025;5124963;102926;Одежда;515.79;0.479;1;0;1;0;0;0.0;0;0.0;0.0;227;0;0.191;1233;1.0;0
352;26.11.2025;5124963;102926;Одежда;515.79;0.479;0;0;0;0;0;0.0;0;0.0;0.0;227;0;0.359;1049;23.5;0
353;27.11.2025;5124963;102926;Одежда;515.79;0.479;1;0;0;0;0;0.0;0;0.0;0.0;227;0;0.263;365;38.8;0
354;28.11.2025;5124963;102926;Одежда;515.79;0.479;1;0;1;0;0;0.0;0;0.0;0.0;227;0;0.351;1061;48.6;0
355;29.11.2025;5124963;102926;Одежда;515.79;0.479;1;0;1;0;0;0.0;0;0.0;0.0;227;0;0.429;1007;40.2;0
356;30.11.2025;5124963;102926;Одежда;515.79;0.479;1;0;1;0;0;0.0;0;0.0;0.0;227;0;0.342;823;40.7;0
357;01.12.2025;5124963;102926;Одежда;515.79;0.479;1;0;0;0;0;0.0;0;0.0;0.0;227;0;0.279;690;23.1;0
358;02.12.2025;5124963;102926;Одежда;515.79;0.479;1;0;0;0;0;0.0;0;0.0;0.0;227;0;0.31;725;40.4;0
359;03.12.2025;5124963;102926;Одежда;515.79;0.479;2;0;0;0;0;0.0;0;0.0;0.0;227;0;0.294;1130;50.5;0
360;04.12.2025;5124963;102926;Одежда;515.79;0.479;0;0;0;0;0;0.0;0;0.0;0.0;227;0;0.234;909;52.1;0
361;05.12.2025;5124963;102926;Одежда;515.79;0.479;0;0;0;0;0;0.0;0;0.0;0.0;227;0;0.347;1042;66.5;0
362;06.12.2025;5124963;102926;Одежда;515.79;0.479;0;0;0;0;0;0.0;0;0.0;0.0;227;0;0.24;647;48.7;0
363;07.12.2025;5124963;102926;Одежда;515.79;0.479;0;0;0;0;0;0.0;0;0.0;0.0;227;0;0.247;1068;37.8;0
364;08.12.2025;5124963;102926;Одежда;515.79;0.479;0;0;0;0;0;0.0;0;0.0;0.0;227;0;0.184;316;31.0;0
365;09.12.2025;5124963;102926;Одежда;515.79;0.479;1;0;0;0;0;0.0;0;0.0;0.0;227;0;0.386;883;32.4;0
366;10.12.2025;5124963;102926;Одежда;515.79;0.479;1;0;1;0;0;0.0;0;0.0;0.0;227;0;0.304;423;10.5;0
367;11.12.2025;5124963;102926;Одежда;515.79;0.479;2;0;1;0;0;0.0;0;0.0;0.0;227;0;0.193;1174;70.4;1
368;12.12.2025;5124963;102926;Одежда;515.79;0.479;0;0;0;0;0;0.0;0;0.0;0.0;227;0;0.273;549;42.1;0
369;13.12.2025;5124963;102926;Одежда;515.79;0.479;0;0;0;0;0;0.0;0;0.0;0.0;227;0;0.24;784;29.6;1
370;14.12.2025;5124963;102926;Одежда;515.79;0.479;1;0;0;0;0;0.0;0;0.0;0.0;227;0;0.342;1193;49.5;0
371;15.12.2025;5124963;102926;Одежда;515.79;0.479;0;0;0;0;0;0.0;0;0.0;0.0;227;0;0.298;608;52.3;0
372;16.12.2025;5124963;102926;Одежда;515.79;0.479;3;0;1;0;0;0.0;0;0.0;0.0;227;0;0.155;902;28.1;0
373;17.12.2025;5124963;102926;Одежда;515.79;0.479;1;0;0;0;0;0.0;0;0.0;0.0;227;0;0.199;476;46.3;0
374;18.12.2025;5124963;102926;Одежда;515.79;0.479;0;0;0;0;0;0.0;0;0.0;0.0;227;0;0.237;1075;10.7;0
375;19.12.2025;5124963;102926;Одежда;515.79;0.479;0;0;0;0;0;0.0;0;0.0;0.0;227;0;0.283;621;7.9;0
376;20.12.2025;5124963;102926;Одежда;515.79;0.479;0;0;0;0;0;0.0;0;0.0;0.0;227;0;0.307;886;23.8;0
377;21.12.2025;5124963;102926;Одежда;515.79;0.479;2;0;0;0;0;0.0;0;0.0;0.0;227;0;0.215;1101;73.6;0
378;22.12.2025;5124963;102926;Одежда;515.79;0.479;2;0;0;0;0;0.0;0;0.0;0.0;227;0;0.295;551;74.7;0
379;23.12.2025;5124963;102926;Одежда;515.79;0.479;0;0;0;0;0;0.0;0;0.0;0.0;227;0;0.289;538;73.6;0
380;24.12.2025;5124963;102926;Одежда;515.79;0.479;0;0;0;0;0;0.0;0;0.0;0.0;227;0;0.249;750;49.3;0
381;25.12.2025;5124963;102926;Одежда;515.79;0.479;1;0;0;0;0;0.0;0;0.0;0.0;227;0;0.373;776;42.0;0
382;26.12.2025;5124963;102926;Одежда;515.79;0.479;1;0;0;0;0;0.0;0;0.0;0.0;227;0;0.215;474;48.0;0
383;27.12.2025;5124963;102926;Одежда;515.79;0.479;1;0;0;0;0;0.0;0;0.0;0.0;227;0;0.167;998;34.7;0
384;28.12.2025;5124963;102926;Одежда;515.79;0.479;2;0;0;0;0;0.0;0;0.0;0.0;227;0;0.235;1187;58.5;0
385;29.12.2025;5124963;102926;Одежда;515.79;0.479;0;0;0;0;0;0.0;0;0.0;0.0;227;0;0.313;865;32.5;0
386;30.12.2025;5124963;102926;Одежда;515.79;0.479;0;0;0;0;0;0.0;0;0.0;0.0;227;0;0.424;1064;26.6;0
387;31.12.2025;5124963;102926;Одежда;515.79;0.479;1;0;1;0;0;0.0;0;0.0;0.0;227;0;0.278;716;6.5;0
388;01.01.2026;5124963;102926;Одежда;515.79;0.479;0;0;0;0;0;0.0;0;0.0;0.0;227;0;0.304;1194;23.6;0
389;02.01.2026;5124963;102926;Одежда;515.79;0.479;2;0;2;0;0;0.0;0;0.0;0.0;227;0;0.196;843;25.0;0
390;03.01.2026;5124963;102926;Одежда;515.79;0.479;1;0;0;0;0;0.0;0;0.0;0.0;227;0;0.263;735;63.7;0
391;04.01.2026;5124963;102926;Одежда;515.79;0.479;2;0;0;0;0;0.0;0;0.0;0.0;227;0;0.403;1208;47.5;0
392;05.01.2026;5124963;102926;Одежда;515.79;0.479;1;0;0;0;0;0.0;0;0.0;0.0;227;0;0.277;624;29.0;0
393;06.01.2026;5124963;102926;Одежда;515.79;0.479;0;0;0;0;0;0.0;0;0.0;0.0;227;0;0.259;829;41.3;0
394;07.01.2026;5124963;102926;Одежда;515.79;0.479;1;0;0;0;0;0.0;0;0.0;0.0;227;0;0.256;1011;38.5;0
395;08.01.2026;5124963;102926;Одежда;515.79;0.479;0;0;0;0;0;0.0;0;0.0;0.0;227;0;0.333;761;28.0;0
396;09.01.2026;5124963;102926;Одежда;515.79;0.479;0;0;0;0;0;0.0;0;0.0;0.0;227;0;0.216;818;37.3;0
397;10.01.2026;5124963;102926;Одежда;515.79;0.479;2;0;1;0;0;0.0;0;0.0;0.0;227;0;0.243;1202;9.9;0
398;11.01.2026;5124963;102926;Одежда;515.79;0.479;2;0;1;0;0;0.0;0;0.0;0.0;227;0;0.248;742;60.5;0
399;12.01.2026;5124963;102926;Одежда;515.79;0.479;0;0;0;0;0;0.0;0;0.0;0.0;227;0;0.346;687;48.4;0
400;13.01.2026;5124963;102926;Одежда;515.79;0.479;1;0;0;0;0;0.0;0;0.0;0.0;227;0;0.233;597;41.7;0
401;14.01.2026;5124963;102926;Одежда;515.79;0.479;0;0;0;0;0;0.0;0;0.0;0.0;227;0;0.279;291;44.9;0
402;15.01.2026;5124963;102926;Одежда;515.79;0.479;0;0;0;0;0;0.0;0;0.0;0.0;227;0;0.232;941;27.4;0
403;16.01.2026;5124963;102926;Одежда;515.79;0.479;0;0;0;0;0;0.0;0;0.0;0.0;227;0;0.18;294;88.8;0
404;17.01.2026;5124963;102926;Одежда;515.79;0.479;0;0;0;0;0;0.0;0;0.0;0.0;227;0;0.317;523;33.8;1
405;18.01.2026;5124963;102926;Одежда;515.79;0.479;0;0;0;0;0;0.0;0;0.0;0.0;227;0;0.151;1137;18.4;0
406;19.01.2026;5124963;102926;Одежда;515.79;0.479;2;0;0;0;0;0.0;0;0.0;0.0;227;0;0.302;732;26.6;0
407;20.01.2026;5124963;102926;Одежда;515.79;0.479;1;0;0;0;0;0.0;0;0.0;0.0;227;0;0.215;625;43.7;0
408;21.01.2026;5124963;102926;Одежда;515.79;0.479;3;0;0;0;0;0.0;0;0.0;0.0;227;0;0.199;624;8.2;0
409;22.01.2026;5124963;102926;Одежда;515.79;0.479;0;0;0;0;0;0.0;0;0.0;0.0;227;0;0.224;664;51.8;0
410;23.01.2026;5124963;102926;Одежда;515.79;0.479;0;0;0;0;0;0.0;0;0.0;0.0;227;0;0.178;952;28.2;0
411;24.01.2026;5124963;102926;Одежда;515.79;0.479;2;0;1;0;0;0.0;0;0.0;0.0;227;0;0.277;493;3.7;0
412;25.01.2026;5124963;102926;Одежда;515.79;0.479;0;0;0;0;0;0.0;0;0.0;0.0;227;0;0.359;779;56.0;0
413;26.01.2026;5124963;102926;Одежда;515.79;0.479;0;0;0;0;0;0.0;0;0.0;0.0;227;0;0.304;817;59.9;0
414;27.01.2026;5124963;102926;Одежда;515.79;0.479;0;0;0;0;0;0.0;0;0.0;0.0;227;0;0.309;771;52.3;0
415;28.01.2026;5124963;102926;Одежда;515.79;0.479;0;0;0;0;0;0.0;0;0.0;0.0;227;0;0.243;857;2.2;0
416;29.01.2026;5124963;102926;Одежда;515.79;0.479;1;0;0;0;0;0.0;0;0.0;0.0;227;0;0.249;954;41.7;0
417;30.01.2026;5124963;102926;Одежда;515.79;0.479;0;0;0;0;0;0.0;0;0.0;0.0;227;0;0.275;1176;33.2;0
418;31.01.2026;5124963;102926;Одежда;515.79;0.479;0;0;0;0;0;0.0;0;0.0;0.0;227;0;0.117;581;35.9;1
419;01.02.2026;5124963;102926;Одежда;515.79;0.479;1;0;1;0;0;0.0;0;0.0;0.0;227;0;0.264;687;9.2;0
420;02.02.2026;5124963;102926;Одежда;515.79;0.479;1;0;0;0;0;0.0;0;0.0;0.0;227;0;0.246;793;33.1;0
421;03.02.2026;5124963;102926;Одежда;515.79;0.479;0;0;0;0;0;0.0;0;0.0;0.0;227;0;0.108;1301;45.7;0
422;04.02.2026;5124963;102926;Одежда;515.79;0.479;1;0;0;0;0;0.0;0;0.0;0.0;227;0;0.263;927;40.6;0
423;05.02.2026;5124963;102926;Одежда;515.79;0.479;0;0;0;0;0;0.0;0;0.0;0.0;227;0;0.229;759;79.9;0
424;06.02.2026;5124963;102926;Одежда;515.79;0.479;0;0;0;0;0;0.0;0;0.0;0.0;227;0;0.278;903;21.7;0
425;07.02.2026;5124963;102926;Одежда;515.79;0.479;0;0;0;0;0;0.0;0;0.0;0.0;227;0;0.207;896;34.4;0
426;08.02.2026;5124963;102926;Одежда;515.79;0.479;2;0;0;0;0;0.0;0;0.0;0.0;227;0;0.353;1018;29.8;0
427;09.02.2026;5124963;102926;Одежда;515.79;0.479;1;0;0;0;0;0.0;0;0.0;0.0;227;0;0.17;1096;45.3;0
428;10.02.2026;5124963;102926;Одежда;515.79;0.479;3;0;1;0;0;0.0;0;0.0;0.0;227;0;0.265;459;59.8;0
429;11.02.2026;5124963;102926;Одежда;515.79;0.479;0;0;0;0;0;0.0;0;0.0;0.0;227;0;0.144;996;28.9;0
430;12.02.2026;5124963;102926;Одежда;515.79;0.479;0;0;0;0;0;0.0;0;0.0;0.0;227;0;0.353;482;21.3;0
431;13.02.2026;5124963;102926;Одежда;515.79;0.479;0;0;0;0;0;0.0;0;0.0;0.0;227;0;0.295;655;30.5;0
432;14.02.2026;5124963;102926;Одежда;515.79;0.479;1;1;1;0;0;0.0;0;0.0;0.0;227;0;0.351;802;42.5;0
433;15.02.2026;5124963;102926;Одежда;515.79;0.479;1;0;0;0;0;0.0;0;0.0;0.0;227;0;0.352;642;31.9;0
434;16.02.2026;5124963;102926;Одежда;515.79;0.479;1;0;0;0;0;0.0;0;0.0;0.0;227;0;0.222;1125;73.1;0
435;17.02.2026;5124963;102926;Одежда;515.79;0.479;1;1;1;0;0;0.0;0;0.0;0.0;227;0;0.238;768;87.8;0
436;18.02.2026;5124963;102926;Одежда;515.79;0.479;0;0;0;0;0;0.0;0;0.0;0.0;227;0;0.218;856;40.6;0
437;19.02.2026;5124963;102926;Одежда;515.79;0.479;1;0;0;0;0;0.0;0;0.0;0.0;227;0;0.231;913;41.7;0
438;20.02.2026;5124963;102926;Одежда;515.79;0.479;2;0;0;0;0;0.0;0;0.0;0.0;227;0;0.312;737;64.0;0
439;21.02.2026;5124963;102926;Одежда;515.79;0.479;2;0;1;0;0;0.0;0;0.0;0.0;227;0;0.232;600;61.6;0
440;22.02.2026;5124963;102926;Одежда;515.79;0.479;2;0;0;0;0;0.0;0;0.0;0.0;227;0;0.259;1177;26.0;0
441;23.02.2026;5124963;102926;Одежда;515.79;0.479;0;0;0;0;0;0.0;0;0.0;0.0;227;0;0.347;966;41.0;0
442;24.02.2026;5124963;102926;Одежда;515.79;0.479;1;0;0;0;0;0.0;0;0.0;0.0;227;0;0.295;799;38.4;0
443;25.02.2026;5124963;102926;Одежда;515.79;0.479;1;0;0;0;0;0.0;0;0.0;0.0;227;0;0.282;976;6.0;0
444;26.02.2026;5124963;102926;Одежда;515.79;0.479;1;0;0;0;0;0.0;0;0.0;0.0;227;0;0.198;961;1.0;0
445;27.02.2026;5124963;102926;Одежда;515.79;0.479;1;0;0;0;0;0.0;0;0.0;0.0;227;0;0.281;1042;21.6;0
446;28.02.2026;5124963;102926;Одежда;515.79;0.479;0;0;0;0;0;0.0;0;0.0;0.0;227;0;0.315;1025;41.4;0
447;01.03.2026;5124963;102926;Одежда;515.79;0.479;1;0;0;0;0;0.0;0;0.0;0.0;227;0;0.253;1038;9.5;0
448;02.03.2026;5124963;102926;Одежда;515.79;0.479;0;0;0;0;0;0.0;0;0.0;0.0;227;0;0.213;914;6.9;0
449;03.03.2026;5124963;102926;Одежда;515.79;0.479;1;0;1;0;0;0.0;0;0.0;0.0;227;0;0.28;1113;47.3;0
450;04.03.2026;5124963;102926;Одежда;515.79;0.479;1;0;1;0;0;0.0;0;0.0;0.0;227;0;0.31;1163;46.9;0
451;05.03.2026;5124963;102926;Одежда;515.79;0.479;1;0;1;0;0;0.0;0;0.0;0.0;227;0;0.323;641;1.0;0
452;06.03.2026;5124963;102926;Одежда;515.79;0.479;2;0;1;0;0;0.0;0;0.0;0.0;227;0;0.318;790;47.3;0
453;07.03.2026;5124963;102926;Одежда;515.79;0.479;0;0;0;0;0;0.0;0;0.0;0.0;227;0;0.31;866;1.0;0
454;08.03.2026;5124963;102926;Одежда;515.79;0.479;1;0;1;0;0;0.0;0;0.0;0.0;227;0;0.227;980;50.1;0
455;09.03.2026;5124963;102926;Одежда;515.79;0.479;2;0;1;0;0;0.0;0;0.0;0.0;227;0;0.195;663;20.1;0
456;10.03.2026;5124963;102926;Одежда;515.79;0.479;2;0;0;0;0;0.0;0;0.0;0.0;227;0;0.289;886;58.2;0
457;11.03.2026;5124963;102926;Одежда;515.79;0.479;0;0;0;0;0;0.0;0;0.0;0.0;227;0;0.177;1261;31.6;0
458;12.03.2026;5124963;102926;Одежда;515.79;0.479;3;0;1;0;0;0.0;0;0.0;0.0;227;0;0.178;1086;29.6;0
459;13.03.2026;5124963;102926;Одежда;515.79;0.479;1;0;0;0;0;0.0;0;0.0;0.0;227;0;0.328;1105;66.2;0
460;14.03.2026;5124963;102926;Одежда;515.79;0.479;1;0;0;0;0;0.0;0;0.0;0.0;227;0;0.2;1129;68.0;0
461;15.03.2026;5124963;102926;Одежда;515.79;0.479;1;0;0;0;0;0.0;0;0.0;0.0;227;0;0.27;652;25.2;0
462;16.03.2026;5124963;102926;Одежда;515.79;0.479;0;0;0;0;0;0.0;0;0.0;0.0;227;0;0.209;812;24.3;0
463;17.03.2026;5124963;102926;Одежда;515.79;0.479;0;0;0;0;0;0.0;0;0.0;0.0;227;0;0.252;440;37.7;1
464;18.03.2026;5124963;102926;Одежда;515.79;0.479;0;0;0;0;0;0.0;0;0.0;0.0;227;0;0.124;944;66.8;0
465;19.03.2026;5124963;102926;Одежда;515.79;0.479;2;0;1;0;0;0.0;0;0.0;0.0;227;0;0.208;674;34.7;0
466;20.03.2026;5124963;102926;Одежда;515.79;0.479;1;0;1;0;0;0.0;0;0.0;0.0;227;0;0.268;780;35.6;0
467;21.03.2026;5124963;102926;Одежда;515.79;0.479;1;0;0;0;0;0.0;0;0.0;0.0;227;0;0.216;1097;20.5;0
468;22.03.2026;5124963;102926;Одежда;515.79;0.479;1;0;1;0;0;0.0;0;0.0;0.0;227;0;0.256;1081;15.5;0
469;23.03.2026;5124963;102926;Одежда;515.79;0.479;1;0;1;0;0;0.0;0;0.0;0.0;227;0;0.256;798;33.4;0
470;24.03.2026;5124963;102926;Одежда;515.79;0.479;1;0;1;0;0;0.0;0;0.0;0.0;227;0;0.176;1035;55.7;0
471;25.03.2026;5124963;102926;Одежда;515.79;0.479;1;0;0;0;0;0.0;0;0.0;0.0;227;0;0.218;583;9.6;0
472;26.03.2026;5124963;102926;Одежда;515.79;0.479;0;0;0;0;0;0.0;0;0.0;0.0;227;0;0.213;1169;10.4;0
473;27.03.2026;5124963;102926;Одежда;515.79;0.479;2;0;1;0;0;0.0;0;0.0;0.0;227;0;0.302;1149;19.3;0
474;28.03.2026;5124963;102926;Одежда;515.79;0.479;1;0;0;0;0;0.0;0;0.0;0.0;227;0;0.112;943;64.8;0
475;29.03.2026;5124963;102926;Одежда;515.79;0.479;2;0;0;0;0;0.0;0;0.0;0.0;227;0;0.348;447;18.5;0
476;30.03.2026;5124963;102926;Одежда;515.79;0.479;2;0;1;0;0;0.0;0;0.0;0.0;227;0;0.391;1246;54.6;0
477;31.03.2026;5124963;102926;Одежда;515.79;0.479;0;0;0;0;0;0.0;0;0.0;0.0;227;0;0.212;538;40.8;0
478;01.04.2026;5124963;102926;Одежда;515.79;0.479;2;0;0;0;0;0.0;0;0.0;0.0;227;0;0.298;774;24.4;0
479;02.04.2026;5124963;102926;Одежда;515.79;0.479;1;0;0;0;0;0.0;0;0.0;0.0;227;0;0.244;1118;39.7;0
480;03.04.2026;5124963;102926;Одежда;515.79;0.479;3;1;1;0;0;0.0;0;0.0;0.0;227;0;0.211;1002;65.8;0
481;04.04.2026;5124963;102926;Одежда;515.79;0.479;0;0;0;0;0;0.0;0;0.0;0.0;227;0;0.262;1052;45.3;0
482;05.04.2026;5124963;102926;Одежда;515.79;0.479;3;0;0;0;0;0.0;0;0.0;0.0;227;0;0.187;645;47.5;1
483;06.04.2026;5124963;102926;Одежда;515.79;0.479;0;0;0;0;0;0.0;0;0.0;0.0;227;0;0.196;409;82.2;0
484;07.04.2026;5124963;102926;Одежда;515.79;0.479;2;0;1;0;0;0.0;0;0.0;0.0;227;0;0.342;1190;1.0;0
485;08.04.2026;5124963;102926;Одежда;515.79;0.479;1;0;0;0;0;0.0;0;0.0;0.0;227;0;0.231;835;46.9;0
486;09.04.2026;5124963;102926;Одежда;515.79;0.479;0;0;0;0;0;0.0;0;0.0;0.0;227;0;0.272;917;18.8;0
487;10.04.2026;5124963;102926;Одежда;515.79;0.479;0;0;0;0;0;0.0;0;0.0;0.0;227;0;0.327;721;55.2;0
488;11.04.2026;5124963;102926;Одежда;515.79;0.479;0;0;0;0;0;0.0;0;0.0;0.0;227;0;0.333;967;30.2;0
489;12.04.2026;5124963;102926;Одежда;515.79;0.479;4;0;3;0;0;0.0;0;0.0;0.0;227;0;0.272;608;8.3;0
490;13.04.2026;5124963;102926;Одежда;515.79;0.479;0;0;0;0;0;0.0;0;0.0;0.0;227;0;0.194;787;53.0;0
491;14.04.2026;5124963;102926;Одежда;515.79;0.479;1;0;1;1;0;0.0;0;0.0;0.0;227;0;0.26;991;29.2;0
492;15.04.2026;5124963;102926;Одежда;515.79;0.479;0;0;0;0;0;0.0;0;0.0;0.0;227;0;0.287;833;25.5;0
493;16.04.2026;5124963;102926;Одежда;515.79;0.479;0;0;0;0;0;0.0;0;0.0;0.0;227;0;0.271;809;53.6;0
494;17.04.2026;5124963;102926;Одежда;515.79;0.479;1;0;0;0;0;0.0;0;0.0;0.0;227;0;0.25;862;36.1;0
495;18.04.2026;5124963;102926;Одежда;515.79;0.479;2;0;0;0;0;0.0;0;0.0;0.0;227;0;0.334;919;39.6;0
496;19.04.2026;5124963;102926;Одежда;515.79;0.479;0;0;0;0;0;0.0;0;0.0;0.0;227;0;0.372;663;36.8;0
497;20.04.2026;5124963;102926;Одежда;515.79;0.479;1;0;1;0;0;0.0;0;0.0;0.0;227;0;0.344;837;20.1;0
498;21.04.2026;5124963;102926;Одежда;515.79;0.479;2;0;0;0;0;0.0;0;0.0;0.0;227;0;0.189;734;58.5;0
499;22.04.2026;5124963;102926;Одежда;515.79;0.479;1;0;0;0;0;0.0;0;0.0;0.0;227;0;0.172;1367;32.3;0
500;23.04.2026;5124963;102926;Одежда;515.79;0.479;0;0;0;0;0;0.0;0;0.0;0.0;227;0;0.126;987;28.6;0
501;24.04.2026;5124963;102926;Одежда;515.79;0.479;0;0;0;0;0;0.0;0;0.0;0.0;227;0;0.21;843;27.9;0
502;25.04.2026;5124963;102926;Одежда;515.79;0.479;1;0;0;0;0;0.0;0;0.0;0.0;227;0;0.218;1053;31.0;0
503;26.04.2026;5124963;102926;Одежда;515.79;0.479;0;0;0;0;0;0.0;0;0.0;0.0;227;0;0.178;808;52.5;0
504;27.04.2026;5124963;102926;Одежда;515.79;0.479;1;0;0;0;0;0.0;0;0.0;0.0;227;0;0.261;836;44.4;0
505;28.04.2026;5124963;102926;Одежда;515.79;0.479;3;1;1;0;0;0.0;0;0.0;0.0;227;0;0.246;991;3.7;0
506;29.04.2026;5124963;102926;Одежда;515.79;0.479;0;0;0;0;0;0.0;0;0.0;0.0;227;0;0.205;812;21.0;0
507;30.04.2026;5124963;102926;Одежда;515.79;0.479;2;0;1;0;0;0.0;0;0.0;0.0;227;0;0.332;663;34.1;0
508;01.05.2026;5124963;102926;Одежда;515.79;0.479;0;0;0;0;0;0.0;0;0.0;0.0;227;0;0.254;705;65.0;0
509;08.04.2026;5053458;101267;Обувь;1518.38;0.039;48;3;21;3;0;0.0;0;0.0;0.0;466;0;0.542;594;55.6;0
510;09.04.2026;5053458;101267;Обувь;1518.38;0.039;22;3;6;1;0;0.0;0;0.0;0.0;466;0;0.532;902;46.4;0
511;10.04.2026;5053458;101267;Обувь;1518.38;0.039;47;5;20;0;0;0.0;0;0.0;0.0;466;0;0.618;802;24.3;0
512;11.04.2026;5053458;101267;Обувь;1518.38;0.039;43;4;19;3;1;1518.38;1;1518.38;300.15;465;0;0.382;619;32.5;0
513;12.04.2026;5053458;101267;Обувь;1518.38;0.039;51;5;22;4;1;1518.38;1;1518.38;300.15;464;0;0.572;1078;24.3;0
514;13.04.2026;5053458;101267;Обувь;1518.38;0.039;25;4;9;0;0;0.0;0;0.0;0.0;464;0;0.403;949;52.6;0
515;14.04.2026;5053458;101267;Обувь;1518.38;0.039;50;2;19;1;0;0.0;0;0.0;0.0;464;0;0.473;949;7.3;0
516;15.04.2026;5053458;101267;Обувь;1518.38;0.039;54;4;27;3;0;0.0;0;0.0;0.0;464;0;0.546;1063;24.7;0
517;16.04.2026;5053458;101267;Обувь;1518.38;0.039;51;5;22;2;2;3036.76;2;3036.76;600.31;462;0;0.588;1056;38.0;0
518;17.04.2026;5053458;101267;Обувь;1518.38;0.039;40;0;18;4;2;3036.76;2;3036.76;600.31;460;0;0.643;578;27.4;0
519;18.04.2026;5053458;101267;Обувь;1518.38;0.039;79;6;37;5;3;4555.14;3;4555.14;900.46;457;0;0.491;545;36.7;0
520;19.04.2026;5053458;101267;Обувь;1518.38;0.039;51;6;14;3;1;1518.38;1;1518.38;300.15;456;0;0.463;796;45.9;1
521;20.04.2026;5053458;101267;Обувь;1518.38;0.039;61;2;25;0;0;0.0;0;0.0;0.0;456;0;0.611;846;47.0;0
522;21.04.2026;5053458;101267;Обувь;1518.38;0.039;69;6;31;3;2;3036.76;2;3036.76;600.31;454;0;0.389;860;28.7;0
523;22.04.2026;5053458;101267;Обувь;1518.38;0.039;41;2;18;3;1;1518.38;1;1518.38;300.15;453;0;0.602;822;36.3;0
524;23.04.2026;5053458;101267;Обувь;1518.38;0.039;60;4;30;2;1;1518.38;1;1518.38;300.15;452;0;0.547;1097;10.7;0
525;24.04.2026;5053458;101267;Обувь;1518.38;0.039;65;6;29;3;1;1518.38;1;1518.38;300.15;451;0;0.48;823;76.4;0
526;25.04.2026;5053458;101267;Обувь;1518.38;0.039;72;7;31;7;4;6073.52;5;7591.9;1500.77;446;0;0.479;1345;28.2;0
527;26.04.2026;5053458;101267;Обувь;1518.38;0.039;50;2;19;4;2;3036.76;2;3036.76;600.31;444;0;0.428;916;18.8;0
528;27.04.2026;5053458;101267;Обувь;1518.38;0.039;71;9;30;1;1;1518.38;1;1518.38;300.15;443;0;0.577;661;68.3;0
529;28.04.2026;5053458;101267;Обувь;1518.38;0.039;41;3;18;1;0;0.0;0;0.0;0.0;443;0;0.569;941;30.6;0
530;29.04.2026;5053458;101267;Обувь;1518.38;0.039;102;10;49;4;1;1518.38;1;1518.38;300.15;442;0;0.42;1056;59.0;0
531;30.04.2026;5053458;101267;Обувь;1518.38;0.039;51;3;28;4;3;4555.14;3;4555.14;900.46;439;0;0.626;740;39.1;0
532;01.05.2026;5053458;101267;Обувь;1518.38;0.039;80;10;33;5;2;3036.76;2;3036.76;600.31;437;0;0.492;680;40.6;0
533;22.02.2025;5121227;102858;Дом;1733.52;0.068;19;2;7;0;0;0.0;0;0.0;0.0;88;0;0.678;621;74.9;0
534;23.02.2025;5121227;102858;Дом;1733.52;0.068;22;0;8;0;0;0.0;0;0.0;0.0;88;0;0.836;1064;26.6;0
535;24.02.2025;5121227;102858;Дом;1733.52;0.068;12;0;5;1;1;1733.52;1;1733.52;384.18;87;0;0.85;875;74.2;0
536;25.02.2025;5121227;102858;Дом;1733.52;0.068;15;0;7;0;0;0.0;0;0.0;0.0;87;0;0.872;1263;10.7;0
537;26.02.2025;5121227;102858;Дом;1733.52;0.068;15;0;5;2;1;1733.52;1;1733.52;384.18;86;0;0.753;1153;21.6;0
538;27.02.2025;5121227;102858;Дом;1733.52;0.068;5;0;1;0;0;0.0;0;0.0;0.0;86;0;0.827;974;40.8;0
539;28.02.2025;5121227;102858;Дом;1733.52;0.068;19;1;10;1;1;1733.52;1;1733.52;384.18;85;0;0.855;869;27.8;0
540;01.03.2025;5121227;102858;Дом;1733.52;0.068;18;1;7;0;0;0.0;0;0.0;0.0;85;0;0.978;1039;45.5;0
541;02.03.2025;5121227;102858;Дом;1733.52;0.068;36;3;10;0;0;0.0;0;0.0;0.0;85;0;0.964;795;86.4;0
542;03.03.2025;5121227;102858;Дом;1733.52;0.068;26;2;15;2;1;1733.52;1;1733.52;384.18;84;0;0.841;218;60.7;0
543;04.03.2025;5121227;102858;Дом;1733.52;0.068;23;1;6;1;0;0.0;0;0.0;0.0;84;0;0.782;742;53.4;0
544;05.03.2025;5121227;102858;Дом;1733.52;0.068;24;0;6;0;0;0.0;0;0.0;0.0;84;0;0.776;811;49.1;0
545;06.03.2025;5121227;102858;Дом;1733.52;0.068;30;1;11;1;0;0.0;0;0.0;0.0;84;0;0.843;1071;44.6;0
546;07.03.2025;5121227;102858;Дом;1733.52;0.068;46;2;18;0;0;0.0;0;0.0;0.0;84;0;0.884;1228;26.1;0
547;08.03.2025;5121227;102858;Дом;1733.52;0.068;29;3;8;0;0;0.0;0;0.0;0.0;84;0;0.769;1253;69.3;0
548;09.03.2025;5121227;102858;Дом;1733.52;0.068;31;0;13;1;0;0.0;0;0.0;0.0;84;0;0.803;702;17.4;1
549;10.03.2025;5121227;102858;Дом;1733.52;0.068;50;1;22;5;1;1733.52;1;1733.52;384.18;83;0;0.834;927;59.7;0
550;11.03.2025;5121227;102858;Дом;1733.52;0.068;22;2;7;0;0;0.0;0;0.0;0.0;83;0;0.883;281;1.0;0
551;12.03.2025;5121227;102858;Дом;1733.52;0.068;52;5;22;1;1;1733.52;1;1733.52;384.18;82;0;0.723;256;49.8;0
552;13.03.2025;5121227;102858;Дом;1733.52;0.068;32;3;11;1;0;0.0;0;0.0;0.0;82;0;0.722;801;72.2;0
553;14.03.2025;5121227;102858;Дом;1733.52;0.068;23;1;7;1;0;0.0;0;0.0;0.0;82;0;0.95;935;21.6;0
554;15.03.2025;5121227;102858;Дом;1733.52;0.068;32;2;16;1;1;1733.52;1;1733.52;384.18;81;0;0.875;1065;33.2;0
555;16.03.2025;5121227;102858;Дом;1733.52;0.068;46;3;12;0;0;0.0;0;0.0;0.0;81;0;0.783;817;15.8;0
556;17.03.2025;5121227;102858;Дом;1733.52;0.068;44;1;16;1;0;0.0;0;0.0;0.0;81;0;0.715;888;54.4;1
557;18.03.2025;5121227;102858;Дом;1733.52;0.068;18;2;6;2;0;0.0;0;0.0;0.0;81;0;0.839;718;34.4;0
558;19.03.2025;5121227;102858;Дом;1733.52;0.068;26;3;8;0;0;0.0;0;0.0;0.0;81;0;0.847;520;15.7;0
559;20.03.2025;5121227;102858;Дом;1733.52;0.068;39;4;14;2;1;1733.52;1;1733.52;384.18;80;0;0.709;850;33.9;0
560;21.03.2025;5121227;102858;Дом;1733.52;0.068;52;3;14;1;1;1733.52;1;1733.52;384.18;79;0;0.83;543;55.3;0
561;22.03.2025;5121227;102858;Дом;1733.52;0.068;54;2;19;1;0;0.0;0;0.0;0.0;79;0;0.893;865;57.0;0
562;23.03.2025;5121227;102858;Дом;1733.52;0.068;30;2;12;2;1;1733.52;1;1733.52;384.18;78;0;0.757;821;85.6;0
563;24.03.2025;5121227;102858;Дом;1733.52;0.068;47;5;17;3;0;0.0;0;0.0;0.0;78;0;0.84;816;53.0;0
564;25.03.2025;5121227;102858;Дом;1733.52;0.068;20;1;10;1;1;1733.52;1;1733.52;384.18;77;0;0.812;699;1.8;0
565;26.03.2025;5121227;102858;Дом;1733.52;0.068;44;1;15;1;0;0.0;0;0.0;0.0;77;0;0.919;962;22.3;0
566;27.03.2025;5121227;102858;Дом;1733.52;0.068;31;1;7;1;0;0.0;0;0.0;0.0;77;0;0.787;950;48.0;0
567;28.03.2025;5121227;102858;Дом;1733.52;0.068;30;4;14;0;0;0.0;0;0.0;0.0;77;0;0.761;799;28.6;0
568;29.03.2025;5121227;102858;Дом;1733.52;0.068;37;2;11;1;0;0.0;0;0.0;0.0;77;0;0.801;994;64.5;0
569;30.03.2025;5121227;102858;Дом;1733.52;0.068;40;2;18;1;0;0.0;0;0.0;0.0;77;0;0.836;966;24.8;0
570;31.03.2025;5121227;102858;Дом;1733.52;0.068;25;2;9;1;0;0.0;0;0.0;0.0;77;0;0.887;453;14.7;0
571;01.04.2025;5121227;102858;Дом;1733.52;0.068;33;4;16;2;0;0.0;0;0.0;0.0;77;0;0.827;1590;36.1;0
572;02.04.2025;5121227;102858;Дом;1733.52;0.068;44;3;16;0;0;0.0;0;0.0;0.0;77;0;0.979;752;76.3;0
573;03.04.2025;5121227;102858;Дом;1733.52;0.068;37;1;14;0;0;0.0;0;0.0;0.0;77;0;0.828;857;35.8;0
574;04.04.2025;5121227;102858;Дом;1733.52;0.068;30;1;12;1;0;0.0;1;1733.52;384.18;76;0;0.795;713;39.1;1
575;05.04.2025;5121227;102858;Дом;1733.52;0.068;91;7;32;3;1;1733.52;1;1733.52;384.18;75;0;0.772;473;57.7;0
576;06.04.2025;5121227;102858;Дом;1733.52;0.068;24;1;10;3;1;1733.52;1;1733.52;384.18;74;0;0.735;1443;35.2;0
577;07.04.2025;5121227;102858;Дом;1733.52;0.068;37;1;17;1;0;0.0;0;0.0;0.0;74;0;0.893;694;41.2;0
578;08.04.2025;5121227;102858;Дом;1733.52;0.068;40;3;10;1;0;0.0;0;0.0;0.0;74;0;0.901;482;27.6;0
579;09.04.2025;5121227;102858;Дом;1733.52;0.068;25;2;6;0;0;0.0;0;0.0;0.0;74;0;0.968;930;19.2;0
580;10.04.2025;5121227;102858;Дом;1733.52;0.068;35;1;12;4;0;0.0;0;0.0;0.0;74;0;0.866;948;1.0;0
581;11.04.2025;5121227;102858;Дом;1733.52;0.068;16;1;7;0;0;0.0;0;0.0;0.0;74;0;0.874;884;41.4;0
582;12.04.2025;5121227;102858;Дом;1733.52;0.068;32;2;10;1;1;1733.52;1;1733.52;384.18;73;0;0.955;660;50.9;0
583;13.04.2025;5121227;102858;Дом;1733.52;0.068;47;1;19;1;1;1733.52;1;1733.52;384.18;72;0;0.947;1084;39.4;0
584;14.04.2025;5121227;102858;Дом;1733.52;0.068;38;3;15;0;0;0.0;0;0.0;0.0;72;0;0.835;809;10.9;0
585;15.04.2025;5121227;102858;Дом;1733.52;0.068;78;8;29;4;0;0.0;0;0.0;0.0;72;0;0.795;1225;66.3;0
586;16.04.2025;5121227;102858;Дом;1733.52;0.068;34;2;15;2;0;0.0;0;0.0;0.0;72;0;0.845;484;1.0;0
587;17.04.2025;5121227;102858;Дом;1733.52;0.068;19;2;4;1;0;0.0;0;0.0;0.0;72;0;0.802;708;35.8;1
588;18.04.2025;5121227;102858;Дом;1733.52;0.068;32;3;10;2;0;0.0;0;0.0;0.0;72;0;0.887;496;53.2;0
589;19.04.2025;5121227;102858;Дом;1733.52;0.068;33;0;13;0;0;0.0;0;0.0;0.0;72;0;0.895;903;19.4;0
590;20.04.2025;5121227;102858;Дом;1733.52;0.068;81;5;27;1;0;0.0;0;0.0;0.0;72;0;0.733;761;55.0;0
591;21.04.2025;5121227;102858;Дом;1733.52;0.068;32;1;11;1;1;1733.52;1;1733.52;384.18;71;0;0.993;1266;43.2;0
592;22.04.2025;5121227;102858;Дом;1733.52;0.068;31;3;10;0;0;0.0;0;0.0;0.0;71;0;0.834;703;58.3;0
593;23.04.2025;5121227;102858;Дом;1733.52;0.068;29;0;11;2;1;1733.52;1;1733.52;384.18;70;0;0.769;363;39.7;0
594;24.04.2025;5121227;102858;Дом;1733.52;0.068;50;2;24;4;2;3467.04;2;3467.04;768.37;68;0;0.85;425;18.4;0
595;25.04.2025;5121227;102858;Дом;1733.52;0.068;27;0;8;0;0;0.0;0;0.0;0.0;68;0;0.844;446;24.3;0
596;26.04.2025;5121227;102858;Дом;1733.52;0.068;50;3;18;1;1;1733.52;1;1733.52;384.18;67;0;0.742;974;36.0;0
597;27.04.2025;5121227;102858;Дом;1733.52;0.068;68;5;21;2;1;1733.52;1;1733.52;384.18;66;0;0.987;361;34.8;0
598;28.04.2025;5121227;102858;Дом;1733.52;0.068;72;7;24;1;0;0.0;0;0.0;0.0;66;0;0.9;761;34.8;0
599;29.04.2025;5121227;102858;Дом;1733.52;0.068;53;4;21;2;1;1733.52;1;1733.52;384.18;65;0;0.933;761;41.4;0
600;30.04.2025;5121227;102858;Дом;1733.52;0.068;31;1;10;1;0;0.0;0;0.0;0.0;65;0;0.844;851;48.6;0
601;01.05.2025;5121227;102858;Дом;1733.52;0.068;19;1;6;1;0;0.0;0;0.0;0.0;65;0;0.836;920;28.8;0
602;02.05.2025;5121227;102858;Дом;1733.52;0.068;35;1;11;1;0;0.0;0;0.0;0.0;65;0;0.958;388;72.2;0
603;03.05.2025;5121227;102858;Дом;1733.52;0.068;41;0;16;0;0;0.0;0;0.0;0.0;65;0;0.879;1146;31.6;0
604;04.05.2025;5121227;102858;Дом;1733.52;0.068;26;3;14;0;0;0.0;0;0.0;0.0;65;0;0.945;984;36.0;0
605;05.05.2025;5121227;102858;Дом;1733.52;0.068;24;1;9;2;0;0.0;0;0.0;0.0;65;0;0.844;867;45.7;0
606;06.05.2025;5121227;102858;Дом;1733.52;0.068;37;2;10;1;0;0.0;0;0.0;0.0;65;0;0.848;827;56.9;0
607;07.05.2025;5121227;102858;Дом;1733.52;0.068;47;5;17;4;1;1733.52;1;1733.52;384.18;64;0;0.912;1182;41.3;0
608;08.05.2025;5121227;102858;Дом;1733.52;0.068;33;2;11;2;0;0.0;0;0.0;0.0;64;0;0.871;618;60.0;0
609;09.05.2025;5121227;102858;Дом;1733.52;0.068;55;0;25;4;2;3467.04;2;3467.04;768.37;62;0;0.759;989;61.9;0
610;10.05.2025;5121227;102858;Дом;1733.52;0.068;35;3;16;1;0;0.0;0;0.0;0.0;62;0;0.73;310;23.2;0
611;11.05.2025;5121227;102858;Дом;1733.52;0.068;35;2;13;2;1;1733.52;1;1733.52;384.18;61;0;0.845;683;42.5;0
612;12.05.2025;5121227;102858;Дом;1733.52;0.068;62;4;23;4;1;1733.52;1;1733.52;384.18;60;0;0.768;662;26.7;0
613;13.05.2025;5121227;102858;Дом;1733.52;0.068;49;2;18;2;1;1733.52;1;1733.52;384.18;59;0;0.823;719;75.3;0
614;14.05.2025;5121227;102858;Дом;1733.52;0.068;33;2;15;3;1;1733.52;1;1733.52;384.18;58;0;0.824;614;48.3;0
615;15.05.2025;5121227;102858;Дом;1733.52;0.068;39;2;15;0;0;0.0;0;0.0;0.0;58;0;0.742;1134;29.4;0
616;16.05.2025;5121227;102858;Дом;1733.52;0.068;36;3;10;0;0;0.0;0;0.0;0.0;58;0;0.898;689;44.8;0
617;17.05.2025;5121227;102858;Дом;1733.52;0.068;39;1;9;2;1;1733.52;1;1733.52;384.18;57;0;0.972;810;1.6;0
618;18.05.2025;5121227;102858;Дом;1733.52;0.068;39;2;13;0;0;0.0;0;0.0;0.0;57;0;0.905;877;27.3;0
619;19.05.2025;5121227;102858;Дом;1733.52;0.068;31;2;9;0;0;0.0;0;0.0;0.0;57;0;0.783;1240;41.1;0
620;20.05.2025;5121227;102858;Дом;1733.52;0.068;71;7;29;2;0;0.0;0;0.0;0.0;57;0;0.904;1012;8.8;0
621;21.05.2025;5121227;102858;Дом;1733.52;0.068;35;3;14;2;0;0.0;0;0.0;0.0;57;0;0.754;778;41.8;0
622;22.05.2025;5121227;102858;Дом;1733.52;0.068;55;3;23;4;1;1733.52;1;1733.52;384.18;56;0;0.859;750;41.6;0
623;23.05.2025;5121227;102858;Дом;1733.52;0.068;37;0;15;0;0;0.0;0;0.0;0.0;56;0;0.848;1020;26.3;0
624;24.05.2025;5121227;102858;Дом;1733.52;0.068;72;1;24;2;0;0.0;0;0.0;0.0;56;0;0.968;911;13.2;0
625;25.05.2025;5121227;102858;Дом;1733.52;0.068;28;0;12;2;0;0.0;0;0.0;0.0;56;0;0.977;672;37.6;0
626;26.05.2025;5121227;102858;Дом;1733.52;0.068;45;0;10;1;0;0.0;0;0.0;0.0;56;0;0.833;889;41.5;0
627;27.05.2025;5121227;102858;Дом;1733.52;0.068;44;1;17;1;0;0.0;0;0.0;0.0;56;0;0.892;995;50.4;0
628;28.05.2025;5121227;102858;Дом;1733.52;0.068;31;0;16;1;0;0.0;0;0.0;0.0;56;0;0.821;1031;54.8;0
629;29.05.2025;5121227;102858;Дом;1733.52;0.068;25;2;14;2;0;0.0;0;0.0;0.0;56;0;0.827;500;1.0;0
630;30.05.2025;5121227;102858;Дом;1733.52;0.068;37;2;15;1;1;1733.52;1;1733.52;384.18;55;0;0.9;756;27.9;0
631;31.05.2025;5121227;102858;Дом;1733.52;0.068;47;4;19;0;0;0.0;0;0.0;0.0;55;0;0.743;749;29.9;0
632;01.06.2025;5121227;102858;Дом;1733.52;0.068;29;1;8;0;0;0.0;0;0.0;0.0;55;0;0.819;752;55.9;0
633;02.06.2025;5121227;102858;Дом;1733.52;0.068;29;0;11;3;0;0.0;0;0.0;0.0;55;0;0.887;665;16.9;0
634;03.06.2025;5121227;102858;Дом;1733.52;0.068;25;0;7;1;0;0.0;0;0.0;0.0;55;0;0.899;1200;1.0;0
635;04.06.2025;5121227;102858;Дом;1733.52;0.068;30;3;10;1;1;1733.52;1;1733.52;384.18;54;0;0.856;666;71.0;0
636;05.06.2025;5121227;102858;Дом;1733.52;0.068;38;2;15;1;1;1733.52;1;1733.52;384.18;53;0;0.885;884;39.2;0
637;06.06.2025;5121227;102858;Дом;1733.52;0.068;37;0;8;0;0;0.0;0;0.0;0.0;53;0;0.8;800;45.0;0
638;07.06.2025;5121227;102858;Дом;1733.52;0.068;26;1;10;3;2;3467.04;2;3467.04;768.37;51;0;0.875;865;77.1;0
639;08.06.2025;5121227;102858;Дом;1733.52;0.068;62;2;24;2;2;3467.04;2;3467.04;768.37;49;0;0.884;1275;42.2;1
640;09.06.2025;5121227;102858;Дом;1733.52;0.068;30;2;10;0;0;0.0;0;0.0;0.0;49;0;0.789;1187;42.2;0
641;10.06.2025;5121227;102858;Дом;1733.52;0.068;17;3;5;0;0;0.0;0;0.0;0.0;49;0;0.882;1159;50.8;0
642;11.06.2025;5121227;102858;Дом;1733.52;0.068;26;1;5;0;0;0.0;0;0.0;0.0;49;0;0.818;869;55.7;0
643;12.06.2025;5121227;102858;Дом;1733.52;0.068;30;2;7;2;2;3467.04;2;3467.04;768.37;47;0;0.81;782;4.8;0
644;13.06.2025;5121227;102858;Дом;1733.52;0.068;25;1;8;1;1;1733.52;1;1733.52;384.18;46;0;0.859;847;55.5;0
645;14.06.2025;5121227;102858;Дом;1733.52;0.068;35;3;15;2;2;3467.04;2;3467.04;768.37;44;0;0.963;1008;1.0;0
646;15.06.2025;5121227;102858;Дом;1733.52;0.068;30;2;8;2;2;3467.04;2;3467.04;768.37;42;0;0.864;520;6.0;0
647;16.06.2025;5121227;102858;Дом;1733.52;0.068;24;2;7;0;0;0.0;0;0.0;0.0;42;0;0.865;702;36.3;0
648;17.06.2025;5121227;102858;Дом;1733.52;0.068;34;4;11;2;1;1733.52;1;1733.52;384.18;41;0;0.816;612;39.4;0
649;18.06.2025;5121227;102858;Дом;1733.52;0.068;24;0;8;2;1;1733.52;1;1733.52;384.18;40;0;0.759;1086;33.7;0
650;19.06.2025;5121227;102858;Дом;1733.52;0.068;24;2;7;2;1;1733.52;1;1733.52;384.18;39;0;0.883;966;57.2;0
651;20.06.2025;5121227;102858;Дом;1733.52;0.068;46;3;17;3;1;1733.52;1;1733.52;384.18;38;0;0.944;901;24.7;0
652;21.06.2025;5121227;102858;Дом;1733.52;0.068;11;0;2;0;0;0.0;0;0.0;0.0;38;0;0.771;463;39.7;0
653;22.06.2025;5121227;102858;Дом;1733.52;0.068;39;0;14;2;1;1733.52;1;1733.52;384.18;37;0;0.78;872;50.9;0
654;23.06.2025;5121227;102858;Дом;1733.52;0.068;19;2;5;0;0;0.0;0;0.0;0.0;37;0;0.936;644;38.8;0
655;24.06.2025;5121227;102858;Дом;1733.52;0.068;22;1;8;1;0;0.0;0;0.0;0.0;37;0;0.864;1023;54.5;0
656;25.06.2025;5121227;102858;Дом;1733.52;0.068;12;1;8;3;2;3467.04;2;3467.04;768.37;35;0;0.657;677;32.3;1
657;26.06.2025;5121227;102858;Дом;1733.52;0.068;18;1;7;0;0;0.0;0;0.0;0.0;35;0;0.743;1097;43.6;0
658;27.06.2025;5121227;102858;Дом;1733.52;0.068;25;2;11;1;0;0.0;0;0.0;0.0;35;0;0.732;557;52.7;0
659;28.06.2025;5121227;102858;Дом;1733.52;0.068;21;1;9;1;0;0.0;0;0.0;0.0;35;0;0.805;751;17.6;0
660;29.06.2025;5121227;102858;Дом;1733.52;0.068;28;2;14;2;1;1733.52;1;1733.52;384.18;34;0;0.686;883;10.7;0
661;30.06.2025;5121227;102858;Дом;1733.52;0.068;13;0;6;0;0;0.0;0;0.0;0.0;34;0;0.794;596;41.3;0
662;01.07.2025;5121227;102858;Дом;1733.52;0.068;26;0;8;1;0;0.0;0;0.0;0.0;34;0;0.845;462;33.2;0
663;02.07.2025;5121227;102858;Дом;1733.52;0.068;7;1;2;1;0;0.0;0;0.0;0.0;34;0;0.762;919;51.6;0
664;03.07.2025;5121227;102858;Дом;1733.52;0.068;18;1;8;0;0;0.0;0;0.0;0.0;34;0;0.635;889;43.9;0
665;04.07.2025;5121227;102858;Дом;1733.52;0.068;30;2;10;4;4;6934.08;4;6934.08;1536.73;30;0;0.75;512;40.9;0
666;05.07.2025;5121227;102858;Дом;1733.52;0.068;30;1;14;1;0;0.0;0;0.0;0.0;30;0;0.705;761;68.2;0
667;06.07.2025;5121227;102858;Дом;1733.52;0.068;17;1;4;2;2;3467.04;2;3467.04;768.37;28;0;0.74;779;18.6;0
668;07.07.2025;5121227;102858;Дом;1733.52;0.068;19;0;8;2;0;0.0;0;0.0;0.0;28;0;0.729;1327;21.1;0
669;08.07.2025;5121227;102858;Дом;1733.52;0.068;17;1;4;0;0;0.0;0;0.0;0.0;28;0;0.68;906;65.4;0
670;09.07.2025;5121227;102858;Дом;1733.52;0.068;17;0;2;0;0;0.0;0;0.0;0.0;28;0;0.65;457;43.7;0
671;10.07.2025;5121227;102858;Дом;1733.52;0.068;19;0;6;0;0;0.0;0;0.0;0.0;28;0;0.631;694;24.1;0
672;11.07.2025;5121227;102858;Дом;1733.52;0.068;15;2;6;0;0;0.0;0;0.0;0.0;28;0;0.735;601;38.0;0
673;12.07.2025;5121227;102858;Дом;1733.52;0.068;27;2;11;1;1;1733.52;1;1733.52;384.18;27;0;0.757;1301;1.0;0
674;13.07.2025;5121227;102858;Дом;1733.52;0.068;27;2;10;1;0;0.0;0;0.0;0.0;27;0;0.768;1089;22.6;0
675;14.07.2025;5121227;102858;Дом;1733.52;0.068;14;0;5;1;0;0.0;0;0.0;0.0;27;0;0.646;932;47.4;0
676;15.07.2025;5121227;102858;Дом;1733.52;0.068;26;1;7;1;0;0.0;0;0.0;0.0;27;0;0.706;953;1.0;0
677;16.07.2025;5121227;102858;Дом;1733.52;0.068;28;1;10;1;1;1733.52;1;1733.52;384.18;26;0;0.664;901;20.5;0
678;17.07.2025;5121227;102858;Дом;1733.52;0.068;17;1;4;1;1;1733.52;1;1733.52;384.18;25;0;0.731;276;29.8;0
679;18.07.2025;5121227;102858;Дом;1733.52;0.068;15;0;5;0;0;0.0;0;0.0;0.0;25;0;0.693;1093;30.5;0
680;19.07.2025;5121227;102858;Дом;1733.52;0.068;21;0;8;2;2;3467.04;2;3467.04;768.37;23;0;0.642;1070;34.9;0
681;20.07.2025;5121227;102858;Дом;1733.52;0.068;12;1;4;2;1;1733.52;1;1733.52;384.18;22;0;0.561;510;47.7;0
682;21.07.2025;5121227;102858;Дом;1733.52;0.068;38;4;13;3;2;3467.04;2;3467.04;768.37;20;0;0.726;376;8.1;0
683;22.07.2025;5121227;102858;Дом;1733.52;0.068;15;0;4;1;1;1733.52;1;1733.52;384.18;19;0;0.705;1350;6.5;0
684;23.07.2025;5121227;102858;Дом;1733.52;0.068;21;2;7;0;0;0.0;0;0.0;0.0;19;0;0.481;1168;33.1;0
685;24.07.2025;5121227;102858;Дом;1733.52;0.068;13;1;3;1;1;1733.52;1;1733.52;384.18;18;0;0.725;492;25.3;0
686;25.07.2025;5121227;102858;Дом;1733.52;0.068;18;3;6;1;0;0.0;0;0.0;0.0;270;0;0.716;1089;48.2;0
687;26.07.2025;5121227;102858;Дом;1733.52;0.068;22;2;8;0;0;0.0;0;0.0;0.0;270;0;0.742;1044;48.9;0
688;27.07.2025;5121227;102858;Дом;1733.52;0.068;25;2;8;2;0;0.0;0;0.0;0.0;270;0;0.583;681;68.6;0
689;28.07.2025;5121227;102858;Дом;1733.52;0.068;15;0;4;0;0;0.0;0;0.0;0.0;270;0;0.732;690;27.4;0
690;29.07.2025;5121227;102858;Дом;1733.52;0.068;21;1;7;0;0;0.0;0;0.0;0.0;270;0;0.612;390;58.1;1
691;30.07.2025;5121227;102858;Дом;1733.52;0.068;20;1;8;0;0;0.0;0;0.0;0.0;270;0;0.657;837;63.5;0
692;31.07.2025;5121227;102858;Дом;1733.52;0.068;17;0;4;0;0;0.0;0;0.0;0.0;270;0;0.701;997;28.3;0
693;01.08.2025;5121227;102858;Дом;1733.52;0.068;30;3;16;0;0;0.0;0;0.0;0.0;270;0;0.718;535;23.1;0
694;02.08.2025;5121227;102858;Дом;1733.52;0.068;23;2;10;0;0;0.0;0;0.0;0.0;270;0;0.519;922;34.5;0
695;03.08.2025;5121227;102858;Дом;1733.52;0.068;18;0;6;0;0;0.0;0;0.0;0.0;270;0;0.61;1071;99.5;1
696;04.08.2025;5121227;102858;Дом;1733.52;0.068;12;1;1;1;0;0.0;0;0.0;0.0;270;0;0.582;554;37.9;0
697;05.08.2025;5121227;102858;Дом;1733.52;0.068;14;0;5;0;0;0.0;0;0.0;0.0;270;0;0.768;1010;28.1;0
698;06.08.2025;5121227;102858;Дом;1733.52;0.068;19;3;7;3;0;0.0;0;0.0;0.0;270;0;0.713;1259;38.6;0
699;07.08.2025;5121227;102858;Дом;1733.52;0.068;17;0;8;0;0;0.0;0;0.0;0.0;270;0;0.722;842;30.1;0
700;08.08.2025;5121227;102858;Дом;1733.52;0.068;9;1;3;0;0;0.0;0;0.0;0.0;270;0;0.588;626;28.0;0
701;09.08.2025;5121227;102858;Дом;1733.52;0.068;9;0;3;0;0;0.0;0;0.0;0.0;270;0;0.613;1248;24.6;0
702;10.08.2025;5121227;102858;Дом;1733.52;0.068;19;0;8;1;0;0.0;0;0.0;0.0;270;0;0.527;505;31.9;0
703;11.08.2025;5121227;102858;Дом;1733.52;0.068;14;2;9;2;1;1733.52;1;1733.52;384.18;269;0;0.705;1128;48.5;0
704;12.08.2025;5121227;102858;Дом;1733.52;0.068;7;1;3;0;0;0.0;0;0.0;0.0;269;0;0.641;781;50.8;0
705;13.08.2025;5121227;102858;Дом;1733.52;0.068;11;1;5;2;2;3467.04;2;3467.04;768.37;267;0;0.509;1072;94.4;0
706;14.08.2025;5121227;102858;Дом;1733.52;0.068;16;1;6;0;0;0.0;0;0.0;0.0;267;0;0.506;1159;18.1;0
707;15.08.2025;5121227;102858;Дом;1733.52;0.068;9;1;3;0;0;0.0;0;0.0;0.0;267;0;0.619;940;32.7;0
708;16.08.2025;5121227;102858;Дом;1733.52;0.068;17;2;9;0;0;0.0;0;0.0;0.0;267;0;0.508;1147;31.4;0
709;17.08.2025;5121227;102858;Дом;1733.52;0.068;14;0;3;0;0;0.0;0;0.0;0.0;267;0;0.505;814;52.9;0
710;18.08.2025;5121227;102858;Дом;1733.52;0.068;14;0;4;0;0;0.0;0;0.0;0.0;267;0;0.478;894;17.2;0
711;19.08.2025;5121227;102858;Дом;1733.52;0.068;14;0;5;0;0;0.0;0;0.0;0.0;267;0;0.603;900;31.1;0
712;20.08.2025;5121227;102858;Дом;1733.52;0.068;17;2;6;0;0;0.0;0;0.0;0.0;267;0;0.555;1300;37.7;0
713;21.08.2025;5121227;102858;Дом;1733.52;0.068;22;1;8;0;0;0.0;0;0.0;0.0;267;0;0.6;581;45.8;0
714;22.08.2025;5121227;102858;Дом;1733.52;0.068;13;1;7;1;1;1733.52;1;1733.52;384.18;266;0;0.545;888;41.7;0
715;23.08.2025;5121227;102858;Дом;1733.52;0.068;24;1;6;2;1;1733.52;1;1733.52;384.18;265;0;0.719;1250;57.9;0
716;24.08.2025;5121227;102858;Дом;1733.52;0.068;14;1;3;0;0;0.0;0;0.0;0.0;265;0;0.565;880;25.8;0
717;25.08.2025;5121227;102858;Дом;1733.52;0.068;17;0;5;0;0;0.0;0;0.0;0.0;265;0;0.54;773;20.3;0
718;26.08.2025;5121227;102858;Дом;1733.52;0.068;9;2;2;1;0;0.0;0;0.0;0.0;265;0;0.473;459;18.8;0
719;27.08.2025;5121227;102858;Дом;1733.52;0.068;8;0;2;0;0;0.0;0;0.0;0.0;265;0;0.687;1061;55.2;0
720;28.08.2025;5121227;102858;Дом;1733.52;0.068;12;2;2;0;0;0.0;0;0.0;0.0;265;0;0.49;660;50.9;0
721;29.08.2025;5121227;102858;Дом;1733.52;0.068;15;1;3;0;0;0.0;0;0.0;0.0;265;0;0.573;922;14.4;0
722;30.08.2025;5121227;102858;Дом;1733.52;0.068;8;0;1;0;0;0.0;0;0.0;0.0;265;0;0.519;446;25.1;0
723;31.08.2025;5121227;102858;Дом;1733.52;0.068;11;1;2;0;0;0.0;0;0.0;0.0;265;0;0.439;393;35.8;0
724;01.09.2025;5121227;102858;Дом;1733.52;0.068;7;1;3;0;0;0.0;0;0.0;0.0;265;0;0.565;783;42.6;0
725;02.09.2025;5121227;102858;Дом;1733.52;0.068;6;0;2;0;0;0.0;0;0.0;0.0;265;0;0.531;1312;47.9;0
726;03.09.2025;5121227;102858;Дом;1733.52;0.068;16;1;4;0;0;0.0;0;0.0;0.0;265;0;0.392;777;28.7;0
727;04.09.2025;5121227;102858;Дом;1733.52;0.068;11;1;7;2;1;1733.52;1;1733.52;384.18;264;0;0.582;529;33.9;0
728;05.09.2025;5121227;102858;Дом;1733.52;0.068;9;1;1;0;0;0.0;0;0.0;0.0;264;0;0.479;357;55.0;0
729;06.09.2025;5121227;102858;Дом;1733.52;0.068;12;0;8;2;0;0.0;0;0.0;0.0;264;0;0.45;869;58.7;0
730;07.09.2025;5121227;102858;Дом;1733.52;0.068;12;0;4;0;0;0.0;0;0.0;0.0;264;0;0.488;934;57.8;0
731;08.09.2025;5121227;102858;Дом;1733.52;0.068;7;0;2;0;0;0.0;0;0.0;0.0;264;0;0.526;893;39.7;0
732;09.09.2025;5121227;102858;Дом;1733.52;0.068;9;5;5;0;0;0.0;0;0.0;0.0;264;0;0.445;1082;10.2;0
733;10.09.2025;5121227;102858;Дом;1733.52;0.068;5;0;4;0;0;0.0;0;0.0;0.0;264;0;0.39;1177;2.2;0
734;11.09.2025;5121227;102858;Дом;1733.52;0.068;11;0;3;0;0;0.0;0;0.0;0.0;264;0;0.419;1169;34.7;0
735;12.09.2025;5121227;102858;Дом;1733.52;0.068;17;1;6;1;0;0.0;0;0.0;0.0;264;0;0.377;892;24.6;0
736;13.09.2025;5121227;102858;Дом;1733.52;0.068;19;1;5;1;0;0.0;0;0.0;0.0;264;0;0.563;1040;31.1;0
737;14.09.2025;5121227;102858;Дом;1733.52;0.068;7;0;4;0;0;0.0;0;0.0;0.0;264;0;0.625;867;35.3;0
738;15.09.2025;5121227;102858;Дом;1733.52;0.068;9;2;5;0;0;0.0;0;0.0;0.0;264;0;0.307;906;47.1;0
739;16.09.2025;5121227;102858;Дом;1733.52;0.068;11;0;2;0;0;0.0;0;0.0;0.0;264;0;0.514;891;1.0;0
740;17.09.2025;5121227;102858;Дом;1733.52;0.068;9;1;3;0;0;0.0;0;0.0;0.0;264;0;0.401;1031;24.4;0
741;18.09.2025;5121227;102858;Дом;1733.52;0.068;6;0;1;0;0;0.0;0;0.0;0.0;264;0;0.395;637;53.2;0
742;19.09.2025;5121227;102858;Дом;1733.52;0.068;10;1;4;0;0;0.0;0;0.0;0.0;264;0;0.497;805;35.5;0
743;20.09.2025;5121227;102858;Дом;1733.52;0.068;8;0;0;0;0;0.0;0;0.0;0.0;264;0;0.503;810;68.0;0
744;21.09.2025;5121227;102858;Дом;1733.52;0.068;7;0;2;0;0;0.0;0;0.0;0.0;264;0;0.359;1012;24.1;0
745;22.09.2025;5121227;102858;Дом;1733.52;0.068;3;0;0;0;0;0.0;0;0.0;0.0;264;0;0.391;755;42.1;0
746;23.09.2025;5121227;102858;Дом;1733.52;0.068;4;0;1;0;0;0.0;0;0.0;0.0;264;0;0.46;970;38.2;0
747;24.09.2025;5121227;102858;Дом;1733.52;0.068;3;0;1;0;0;0.0;0;0.0;0.0;264;0;0.35;734;66.6;0
748;25.09.2025;5121227;102858;Дом;1733.52;0.068;4;0;2;0;0;0.0;0;0.0;0.0;264;0;0.424;825;43.8;0
749;26.09.2025;5121227;102858;Дом;1733.52;0.068;3;0;1;1;0;0.0;0;0.0;0.0;264;0;0.324;1152;47.1;0
750;27.09.2025;5121227;102858;Дом;1733.52;0.068;10;0;2;0;0;0.0;0;0.0;0.0;264;0;0.407;1019;19.8;0
751;28.09.2025;5121227;102858;Дом;1733.52;0.068;6;0;2;0;0;0.0;0;0.0;0.0;264;0;0.418;699;3.6;0
752;29.09.2025;5121227;102858;Дом;1733.52;0.068;4;0;0;0;0;0.0;0;0.0;0.0;264;0;0.491;709;54.6;0
753;30.09.2025;5121227;102858;Дом;1733.52;0.068;7;2;4;1;1;1733.52;1;1733.52;384.18;263;0;0.366;746;65.4;0
754;01.10.2025;5121227;102858;Дом;1733.52;0.068;8;3;3;1;0;0.0;0;0.0;0.0;263;0;0.458;1313;71.3;0
755;02.10.2025;5121227;102858;Дом;1733.52;0.068;8;0;2;0;0;0.0;0;0.0;0.0;263;0;0.309;859;49.1;0
756;03.10.2025;5121227;102858;Дом;1733.52;0.068;3;0;0;0;0;0.0;0;0.0;0.0;263;0;0.459;662;77.3;0
757;04.10.2025;5121227;102858;Дом;1733.52;0.068;11;0;6;0;0;0.0;0;0.0;0.0;263;0;0.298;244;18.4;0
758;05.10.2025;5121227;102858;Дом;1733.52;0.068;8;0;3;0;0;0.0;0;0.0;0.0;263;0;0.347;1019;1.6;0
759;06.10.2025;5121227;102858;Дом;1733.52;0.068;1;0;0;0;0;0.0;0;0.0;0.0;263;0;0.193;876;62.1;1
760;07.10.2025;5121227;102858;Дом;1733.52;0.068;3;0;1;0;0;0.0;0;0.0;0.0;263;0;0.375;568;46.0;1
761;08.10.2025;5121227;102858;Дом;1733.52;0.068;9;0;6;1;1;1733.52;1;1733.52;384.18;262;0;0.368;961;37.2;0
762;09.10.2025;5121227;102858;Дом;1733.52;0.068;3;0;1;0;0;0.0;0;0.0;0.0;262;0;0.315;1316;62.6;0
763;10.10.2025;5121227;102858;Дом;1733.52;0.068;4;0;0;0;0;0.0;0;0.0;0.0;262;0;0.423;823;24.6;0
764;11.10.2025;5121227;102858;Дом;1733.52;0.068;2;1;1;0;0;0.0;0;0.0;0.0;262;0;0.188;818;20.6;0
765;12.10.2025;5121227;102858;Дом;1733.52;0.068;4;0;3;1;0;0.0;0;0.0;0.0;262;0;0.379;371;15.2;0
766;13.10.2025;5121227;102858;Дом;1733.52;0.068;8;0;3;1;1;1733.52;1;1733.52;384.18;261;0;0.38;781;28.7;0
767;14.10.2025;5121227;102858;Дом;1733.52;0.068;1;0;1;0;0;0.0;0;0.0;0.0;261;0;0.407;541;67.3;0
768;15.10.2025;5121227;102858;Дом;1733.52;0.068;5;0;1;0;0;0.0;0;0.0;0.0;261;0;0.303;1330;40.7;0
769;16.10.2025;5121227;102858;Дом;1733.52;0.068;6;1;2;1;1;1733.52;1;1733.52;384.18;260;0;0.338;687;66.3;0
770;17.10.2025;5121227;102858;Дом;1733.52;0.068;1;0;1;0;0;0.0;0;0.0;0.0;260;0;0.369;902;52.0;0
771;18.10.2025;5121227;102858;Дом;1733.52;0.068;4;1;4;0;0;0.0;0;0.0;0.0;260;0;0.315;999;32.5;0
772;19.10.2025;5121227;102858;Дом;1733.52;0.068;2;0;1;1;0;0.0;0;0.0;0.0;260;0;0.262;986;36.3;0
773;20.10.2025;5121227;102858;Дом;1733.52;0.068;4;2;2;1;0;0.0;0;0.0;0.0;260;0;0.393;1016;18.0;0
774;21.10.2025;5121227;102858;Дом;1733.52;0.068;8;0;1;0;0;0.0;0;0.0;0.0;260;0;0.378;1044;36.0;0
775;22.10.2025;5121227;102858;Дом;1733.52;0.068;2;0;0;0;0;0.0;0;0.0;0.0;260;0;0.229;751;51.3;0
776;23.10.2025;5121227;102858;Дом;1733.52;0.068;3;0;0;0;0;0.0;0;0.0;0.0;260;0;0.238;1335;39.5;1
777;24.10.2025;5121227;102858;Дом;1733.52;0.068;1;0;1;0;0;0.0;0;0.0;0.0;260;0;0.348;555;39.8;0
778;25.10.2025;5121227;102858;Дом;1733.52;0.068;0;0;0;0;0;0.0;0;0.0;0.0;260;0;0.308;649;26.1;0
779;26.10.2025;5121227;102858;Дом;1733.52;0.068;0;0;0;0;0;0.0;0;0.0;0.0;260;0;0.417;824;62.3;0
780;27.10.2025;5121227;102858;Дом;1733.52;0.068;1;0;1;0;0;0.0;0;0.0;0.0;260;0;0.332;852;34.7;0
781;28.10.2025;5121227;102858;Дом;1733.52;0.068;1;0;0;0;0;0.0;0;0.0;0.0;260;0;0.352;1039;43.2;0
782;29.10.2025;5121227;102858;Дом;1733.52;0.068;1;0;0;0;0;0.0;0;0.0;0.0;260;0;0.338;926;60.0;0
783;30.10.2025;5121227;102858;Дом;1733.52;0.068;0;0;0;0;0;0.0;0;0.0;0.0;260;0;0.27;1114;51.4;0
784;31.10.2025;5121227;102858;Дом;1733.52;0.068;1;0;1;0;0;0.0;0;0.0;0.0;260;0;0.272;872;24.5;0
785;01.11.2025;5121227;102858;Дом;1733.52;0.068;1;0;1;0;0;0.0;0;0.0;0.0;260;0;0.33;896;56.2;0
786;02.11.2025;5121227;102858;Дом;1733.52;0.068;1;0;0;0;0;0.0;0;0.0;0.0;260;0;0.244;645;52.6;0
787;03.11.2025;5121227;102858;Дом;1733.52;0.068;1;0;1;0;0;0.0;0;0.0;0.0;260;0;0.252;877;13.4;0
788;04.11.2025;5121227;102858;Дом;1733.52;0.068;2;0;1;0;0;0.0;0;0.0;0.0;260;0;0.289;1141;48.2;0
789;05.11.2025;5121227;102858;Дом;1733.52;0.068;3;0;1;0;0;0.0;0;0.0;0.0;260;0;0.282;1204;34.9;0
790;06.11.2025;5121227;102858;Дом;1733.52;0.068;1;0;0;0;0;0.0;0;0.0;0.0;260;0;0.399;745;33.9;0
791;07.11.2025;5121227;102858;Дом;1733.52;0.068;2;0;1;0;0;0.0;0;0.0;0.0;260;0;0.228;1157;44.1;0
792;08.11.2025;5121227;102858;Дом;1733.52;0.068;6;0;4;0;0;0.0;0;0.0;0.0;260;0;0.251;1269;80.6;0
793;09.11.2025;5121227;102858;Дом;1733.52;0.068;2;0;1;0;0;0.0;0;0.0;0.0;260;0;0.292;392;22.5;0
794;10.11.2025;5121227;102858;Дом;1733.52;0.068;2;0;0;0;0;0.0;0;0.0;0.0;260;0;0.262;612;31.5;0
795;11.11.2025;5121227;102858;Дом;1733.52;0.068;4;0;1;1;0;0.0;0;0.0;0.0;260;0;0.255;651;17.4;0
796;12.11.2025;5121227;102858;Дом;1733.52;0.068;0;0;0;0;0;0.0;0;0.0;0.0;260;0;0.373;829;54.0;0
797;13.11.2025;5121227;102858;Дом;1733.52;0.068;2;1;1;0;0;0.0;0;0.0;0.0;260;0;0.171;565;51.7;0
798;14.11.2025;5121227;102858;Дом;1733.52;0.068;1;0;0;0;0;0.0;0;0.0;0.0;260;0;0.228;957;22.4;0
799;15.11.2025;5121227;102858;Дом;1733.52;0.068;1;0;1;0;0;0.0;0;0.0;0.0;260;0;0.19;779;52.3;0
800;16.11.2025;5121227;102858;Дом;1733.52;0.068;2;0;1;0;0;0.0;0;0.0;0.0;260;0;0.284;638;51.2;0
801;17.11.2025;5121227;102858;Дом;1733.52;0.068;0;0;0;0;0;0.0;0;0.0;0.0;260;0;0.287;619;28.1;0
802;18.11.2025;5121227;102858;Дом;1733.52;0.068;0;0;0;0;0;0.0;0;0.0;0.0;260;0;0.265;957;52.4;0
803;19.11.2025;5121227;102858;Дом;1733.52;0.068;1;0;0;0;0;0.0;0;0.0;0.0;260;0;0.335;1014;39.1;0
804;20.11.2025;5121227;102858;Дом;1733.52;0.068;0;0;0;0;0;0.0;0;0.0;0.0;260;0;0.166;811;14.1;1
805;21.11.2025;5121227;102858;Дом;1733.52;0.068;2;0;0;0;0;0.0;0;0.0;0.0;260;0;0.245;582;25.1;0
806;22.11.2025;5121227;102858;Дом;1733.52;0.068;2;0;0;0;0;0.0;0;0.0;0.0;260;0;0.275;951;30.4;0
807;23.11.2025;5121227;102858;Дом;1733.52;0.068;0;0;0;0;0;0.0;0;0.0;0.0;260;0;0.253;863;47.6;0
808;24.11.2025;5121227;102858;Дом;1733.52;0.068;2;0;1;0;0;0.0;0;0.0;0.0;260;0;0.237;827;20.7;0
809;25.11.2025;5121227;102858;Дом;1733.52;0.068;1;0;1;0;0;0.0;0;0.0;0.0;260;0;0.241;586;49.4;0
810;26.11.2025;5121227;102858;Дом;1733.52;0.068;2;1;2;0;0;0.0;0;0.0;0.0;260;0;0.296;709;11.5;0
811;27.11.2025;5121227;102858;Дом;1733.52;0.068;4;2;2;0;0;0.0;0;0.0;0.0;260;0;0.302;841;56.4;0
812;28.11.2025;5121227;102858;Дом;1733.52;0.068;2;0;1;0;0;0.0;0;0.0;0.0;260;0;0.266;873;37.6;0
813;29.11.2025;5121227;102858;Дом;1733.52;0.068;4;0;1;0;0;0.0;0;0.0;0.0;260;0;0.29;978;47.6;0
814;30.11.2025;5121227;102858;Дом;1733.52;0.068;1;0;0;0;0;0.0;0;0.0;0.0;260;0;0.207;1023;38.9;0
815;01.12.2025;5121227;102858;Дом;1733.52;0.068;1;0;0;0;0;0.0;0;0.0;0.0;260;0;0.209;1101;22.7;0
816;02.12.2025;5121227;102858;Дом;1733.52;0.068;2;0;0;0;0;0.0;0;0.0;0.0;260;0;0.258;1090;33.9;0
817;03.12.2025;5121227;102858;Дом;1733.52;0.068;1;0;1;0;0;0.0;0;0.0;0.0;260;0;0.376;846;47.5;0
818;04.12.2025;5121227;102858;Дом;1733.52;0.068;0;0;0;0;0;0.0;0;0.0;0.0;260;0;0.241;1333;45.5;0
819;05.12.2025;5121227;102858;Дом;1733.52;0.068;0;0;0;0;0;0.0;0;0.0;0.0;260;0;0.202;680;47.5;0
820;06.12.2025;5121227;102858;Дом;1733.52;0.068;3;0;1;0;0;0.0;0;0.0;0.0;260;0;0.242;626;89.6;0
821;07.12.2025;5121227;102858;Дом;1733.52;0.068;2;0;0;0;0;0.0;0;0.0;0.0;260;0;0.252;790;28.3;0
822;08.12.2025;5121227;102858;Дом;1733.52;0.068;2;0;1;0;0;0.0;0;0.0;0.0;260;0;0.286;1028;4.5;0
823;09.12.2025;5121227;102858;Дом;1733.52;0.068;2;0;0;0;0;0.0;0;0.0;0.0;260;0;0.281;636;1.0;0
824;10.12.2025;5121227;102858;Дом;1733.52;0.068;0;0;0;0;0;0.0;0;0.0;0.0;260;0;0.265;742;33.2;0
825;11.12.2025;5121227;102858;Дом;1733.52;0.068;1;0;1;0;0;0.0;0;0.0;0.0;260;0;0.276;411;10.1;0
826;12.12.2025;5121227;102858;Дом;1733.52;0.068;3;1;1;1;0;0.0;0;0.0;0.0;260;0;0.174;805;71.9;0
827;13.12.2025;5121227;102858;Дом;1733.52;0.068;1;0;0;0;0;0.0;0;0.0;0.0;260;0;0.323;623;23.6;0
828;14.12.2025;5121227;102858;Дом;1733.52;0.068;1;0;1;0;0;0.0;0;0.0;0.0;260;0;0.305;1173;33.3;0
829;15.12.2025;5121227;102858;Дом;1733.52;0.068;2;0;0;0;0;0.0;0;0.0;0.0;260;0;0.327;723;53.1;0
830;16.12.2025;5121227;102858;Дом;1733.52;0.068;2;0;1;0;0;0.0;0;0.0;0.0;260;0;0.304;796;71.5;0
831;17.12.2025;5121227;102858;Дом;1733.52;0.068;3;0;0;0;0;0.0;0;0.0;0.0;260;0;0.289;1130;34.8;0
832;18.12.2025;5121227;102858;Дом;1733.52;0.068;0;0;0;0;0;0.0;0;0.0;0.0;260;0;0.27;856;45.6;0
833;19.12.2025;5121227;102858;Дом;1733.52;0.068;3;0;0;0;0;0.0;0;0.0;0.0;260;0;0.223;998;44.6;0
834;20.12.2025;5121227;102858;Дом;1733.52;0.068;0;0;0;0;0;0.0;0;0.0;0.0;260;0;0.352;1042;33.3;0
835;21.12.2025;5121227;102858;Дом;1733.52;0.068;0;0;0;0;0;0.0;0;0.0;0.0;260;0;0.291;1287;51.0;0
836;22.12.2025;5121227;102858;Дом;1733.52;0.068;1;0;1;0;0;0.0;0;0.0;0.0;260;0;0.286;592;50.5;0
837;23.12.2025;5121227;102858;Дом;1733.52;0.068;0;0;0;0;0;0.0;0;0.0;0.0;260;0;0.338;1249;48.6;1
838;24.12.2025;5121227;102858;Дом;1733.52;0.068;2;0;0;0;0;0.0;0;0.0;0.0;260;0;0.276;1002;40.9;0
839;25.12.2025;5121227;102858;Дом;1733.52;0.068;0;0;0;0;0;0.0;0;0.0;0.0;260;0;0.257;874;24.4;0
840;26.12.2025;5121227;102858;Дом;1733.52;0.068;1;0;0;0;0;0.0;0;0.0;0.0;260;0;0.246;868;27.7;0
841;27.12.2025;5121227;102858;Дом;1733.52;0.068;2;0;1;0;0;0.0;0;0.0;0.0;260;0;0.212;932;70.9;0
842;28.12.2025;5121227;102858;Дом;1733.52;0.068;3;0;2;0;0;0.0;0;0.0;0.0;260;0;0.317;1078;56.9;0
843;29.12.2025;5121227;102858;Дом;1733.52;0.068;2;0;1;0;0;0.0;0;0.0;0.0;260;0;0.264;1107;42.6;0
844;30.12.2025;5121227;102858;Дом;1733.52;0.068;1;1;1;0;0;0.0;0;0.0;0.0;260;0;0.262;693;11.1;0
845;31.12.2025;5121227;102858;Дом;1733.52;0.068;2;0;1;0;0;0.0;0;0.0;0.0;260;0;0.194;323;25.8;0
846;01.01.2026;5121227;102858;Дом;1733.52;0.068;0;0;0;0;0;0.0;0;0.0;0.0;260;0;0.264;980;23.1;0
847;02.01.2026;5121227;102858;Дом;1733.52;0.068;0;0;0;0;0;0.0;0;0.0;0.0;260;0;0.383;639;40.1;0
848;03.01.2026;5121227;102858;Дом;1733.52;0.068;0;0;0;0;0;0.0;0;0.0;0.0;260;0;0.244;1396;39.2;0
849;04.01.2026;5121227;102858;Дом;1733.52;0.068;2;0;0;0;0;0.0;0;0.0;0.0;260;0;0.262;804;18.3;0
850;05.01.2026;5121227;102858;Дом;1733.52;0.068;0;0;0;0;0;0.0;0;0.0;0.0;260;0;0.287;830;71.9;0
851;06.01.2026;5121227;102858;Дом;1733.52;0.068;1;0;0;0;0;0.0;0;0.0;0.0;260;0;0.236;993;64.5;0
852;07.01.2026;5121227;102858;Дом;1733.52;0.068;2;0;2;0;0;0.0;0;0.0;0.0;260;0;0.228;1000;16.1;0
853;08.01.2026;5121227;102858;Дом;1733.52;0.068;1;0;0;0;0;0.0;0;0.0;0.0;260;0;0.231;1211;53.5;0
854;09.01.2026;5121227;102858;Дом;1733.52;0.068;0;0;0;0;0;0.0;0;0.0;0.0;260;0;0.247;820;45.3;0
855;10.01.2026;5121227;102858;Дом;1733.52;0.068;2;0;1;0;0;0.0;0;0.0;0.0;260;0;0.233;782;28.9;0
856;11.01.2026;5121227;102858;Дом;1733.52;0.068;2;0;1;0;0;0.0;0;0.0;0.0;260;0;0.063;720;45.0;0
857;12.01.2026;5121227;102858;Дом;1733.52;0.068;1;0;0;0;0;0.0;0;0.0;0.0;260;0;0.204;987;27.3;0
858;13.01.2026;5121227;102858;Дом;1733.52;0.068;0;0;0;0;0;0.0;0;0.0;0.0;260;0;0.252;522;32.7;0
859;14.01.2026;5121227;102858;Дом;1733.52;0.068;2;0;0;0;0;0.0;0;0.0;0.0;260;0;0.254;1240;1.0;0
860;15.01.2026;5121227;102858;Дом;1733.52;0.068;2;0;0;0;0;0.0;0;0.0;0.0;260;0;0.259;1032;45.6;0
861;16.01.2026;5121227;102858;Дом;1733.52;0.068;2;0;1;0;0;0.0;0;0.0;0.0;260;0;0.302;566;16.0;0
862;17.01.2026;5121227;102858;Дом;1733.52;0.068;1;0;1;0;0;0.0;0;0.0;0.0;260;0;0.307;617;10.0;0
863;18.01.2026;5121227;102858;Дом;1733.52;0.068;2;0;1;0;0;0.0;0;0.0;0.0;260;0;0.394;705;65.3;0
864;19.01.2026;5121227;102858;Дом;1733.52;0.068;0;0;0;0;0;0.0;0;0.0;0.0;260;0;0.315;1181;1.0;0
865;20.01.2026;5121227;102858;Дом;1733.52;0.068;2;0;2;0;0;0.0;0;0.0;0.0;260;0;0.315;822;55.1;0
866;21.01.2026;5121227;102858;Дом;1733.52;0.068;3;0;3;0;0;0.0;0;0.0;0.0;260;0;0.288;1070;66.4;1
867;22.01.2026;5121227;102858;Дом;1733.52;0.068;0;0;0;0;0;0.0;0;0.0;0.0;260;0;0.217;740;35.3;0
868;23.01.2026;5121227;102858;Дом;1733.52;0.068;5;0;1;0;0;0.0;0;0.0;0.0;260;0;0.34;1001;4.7;0
869;24.01.2026;5121227;102858;Дом;1733.52;0.068;0;0;0;0;0;0.0;0;0.0;0.0;260;0;0.344;740;50.8;0
870;25.01.2026;5121227;102858;Дом;1733.52;0.068;4;0;1;0;0;0.0;0;0.0;0.0;260;0;0.231;863;20.2;0
871;26.01.2026;5121227;102858;Дом;1733.52;0.068;1;0;0;0;0;0.0;0;0.0;0.0;260;0;0.241;1192;37.3;0
872;27.01.2026;5121227;102858;Дом;1733.52;0.068;0;0;0;0;0;0.0;0;0.0;0.0;260;0;0.221;892;2.9;0
873;28.01.2026;5121227;102858;Дом;1733.52;0.068;1;0;1;1;1;1733.52;1;1733.52;384.18;259;0;0.274;679;57.3;0
874;29.01.2026;5121227;102858;Дом;1733.52;0.068;0;0;0;0;0;0.0;0;0.0;0.0;259;0;0.371;1158;55.3;0
875;30.01.2026;5121227;102858;Дом;1733.52;0.068;3;0;0;0;0;0.0;0;0.0;0.0;259;0;0.159;757;73.4;0
876;31.01.2026;5121227;102858;Дом;1733.52;0.068;1;0;1;1;0;0.0;0;0.0;0.0;259;0;0.345;368;19.0;0
877;01.02.2026;5121227;102858;Дом;1733.52;0.068;0;0;0;0;0;0.0;0;0.0;0.0;259;0;0.329;543;64.7;0
878;02.02.2026;5121227;102858;Дом;1733.52;0.068;3;0;0;0;0;0.0;0;0.0;0.0;259;0;0.266;979;53.2;0
879;03.02.2026;5121227;102858;Дом;1733.52;0.068;0;0;0;0;0;0.0;0;0.0;0.0;259;0;0.367;652;18.1;0
880;04.02.2026;5121227;102858;Дом;1733.52;0.068;1;0;0;0;0;0.0;0;0.0;0.0;259;0;0.252;628;32.7;0
881;05.02.2026;5121227;102858;Дом;1733.52;0.068;0;0;0;0;0;0.0;0;0.0;0.0;259;0;0.34;950;19.3;0
882;06.02.2026;5121227;102858;Дом;1733.52;0.068;1;0;0;0;0;0.0;0;0.0;0.0;259;0;0.221;877;15.6;0
883;07.02.2026;5121227;102858;Дом;1733.52;0.068;2;1;1;0;0;0.0;0;0.0;0.0;259;0;0.244;1027;56.6;1
884;08.02.2026;5121227;102858;Дом;1733.52;0.068;4;0;1;0;0;0.0;0;0.0;0.0;259;0;0.314;993;31.3;0
885;09.02.2026;5121227;102858;Дом;1733.52;0.068;0;0;0;0;0;0.0;0;0.0;0.0;259;0;0.456;1145;12.5;0
886;10.02.2026;5121227;102858;Дом;1733.52;0.068;2;1;1;0;0;0.0;0;0.0;0.0;259;0;0.251;459;48.2;0
887;11.02.2026;5121227;102858;Дом;1733.52;0.068;0;0;0;0;0;0.0;0;0.0;0.0;259;0;0.37;762;75.9;0
888;12.02.2026;5121227;102858;Дом;1733.52;0.068;2;0;0;0;0;0.0;0;0.0;0.0;259;0;0.297;874;38.5;0
889;13.02.2026;5121227;102858;Дом;1733.52;0.068;2;0;1;0;0;0.0;0;0.0;0.0;259;0;0.213;923;20.3;0
890;14.02.2026;5121227;102858;Дом;1733.52;0.068;0;0;0;0;0;0.0;0;0.0;0.0;259;0;0.273;707;64.9;0
891;15.02.2026;5121227;102858;Дом;1733.52;0.068;0;0;0;0;0;0.0;0;0.0;0.0;259;0;0.243;822;43.8;0
892;16.02.2026;5121227;102858;Дом;1733.52;0.068;6;1;2;0;0;0.0;0;0.0;0.0;259;0;0.25;941;81.6;0
893;17.02.2026;5121227;102858;Дом;1733.52;0.068;0;0;0;0;0;0.0;0;0.0;0.0;259;0;0.084;792;52.3;1
894;18.02.2026;5121227;102858;Дом;1733.52;0.068;5;1;1;0;0;0.0;0;0.0;0.0;259;0;0.384;777;23.1;0
895;19.02.2026;5121227;102858;Дом;1733.52;0.068;2;0;0;0;0;0.0;0;0.0;0.0;259;0;0.221;621;18.7;0
896;20.02.2026;5121227;102858;Дом;1733.52;0.068;2;0;1;0;0;0.0;0;0.0;0.0;259;0;0.159;751;34.7;0
897;21.02.2026;5121227;102858;Дом;1733.52;0.068;4;1;2;0;0;0.0;0;0.0;0.0;259;0;0.186;974;44.3;0
898;22.02.2026;5121227;102858;Дом;1733.52;0.068;4;0;2;0;0;0.0;0;0.0;0.0;259;0;0.429;1375;69.8;0
899;23.02.2026;5121227;102858;Дом;1733.52;0.068;0;0;0;0;0;0.0;0;0.0;0.0;259;0;0.409;1113;16.7;0
900;24.02.2026;5121227;102858;Дом;1733.52;0.068;1;0;0;0;0;0.0;0;0.0;0.0;259;0;0.311;839;79.6;0
901;25.02.2026;5121227;102858;Дом;1733.52;0.068;2;0;0;0;0;0.0;0;0.0;0.0;259;0;0.209;733;29.1;0
902;26.02.2026;5121227;102858;Дом;1733.52;0.068;5;1;4;0;0;0.0;0;0.0;0.0;259;0;0.271;538;15.7;0
903;27.02.2026;5121227;102858;Дом;1733.52;0.068;0;0;0;0;0;0.0;0;0.0;0.0;259;0;0.319;832;21.2;0
904;28.02.2026;5121227;102858;Дом;1733.52;0.068;2;0;0;0;0;0.0;0;0.0;0.0;259;0;0.367;804;9.0;0
905;01.03.2026;5121227;102858;Дом;1733.52;0.068;0;0;0;0;0;0.0;0;0.0;0.0;259;0;0.264;767;44.8;0
906;02.03.2026;5121227;102858;Дом;1733.52;0.068;0;0;0;0;0;0.0;0;0.0;0.0;259;0;0.189;334;26.2;0
907;03.03.2026;5121227;102858;Дом;1733.52;0.068;2;0;0;0;0;0.0;0;0.0;0.0;259;0;0.125;850;24.1;0
908;04.03.2026;5121227;102858;Дом;1733.52;0.068;0;0;0;0;0;0.0;0;0.0;0.0;259;0;0.348;1032;53.2;0
909;05.03.2026;5121227;102858;Дом;1733.52;0.068;2;0;0;0;0;0.0;0;0.0;0.0;259;0;0.345;944;43.8;0
910;06.03.2026;5121227;102858;Дом;1733.52;0.068;0;0;0;0;0;0.0;0;0.0;0.0;259;0;0.165;819;30.8;0
911;07.03.2026;5121227;102858;Дом;1733.52;0.068;0;0;0;0;0;0.0;0;0.0;0.0;259;0;0.225;964;51.5;0
912;08.03.2026;5121227;102858;Дом;1733.52;0.068;3;0;1;0;0;0.0;0;0.0;0.0;259;0;0.293;898;54.4;0
913;09.03.2026;5121227;102858;Дом;1733.52;0.068;2;0;2;0;0;0.0;0;0.0;0.0;259;0;0.263;908;53.3;0
914;10.03.2026;5121227;102858;Дом;1733.52;0.068;3;0;1;0;0;0.0;0;0.0;0.0;259;0;0.293;793;74.4;0
915;11.03.2026;5121227;102858;Дом;1733.52;0.068;0;0;0;0;0;0.0;0;0.0;0.0;259;0;0.347;807;14.2;0
916;12.03.2026;5121227;102858;Дом;1733.52;0.068;1;0;0;0;0;0.0;0;0.0;0.0;259;0;0.31;829;25.3;1
917;13.03.2026;5121227;102858;Дом;1733.52;0.068;2;0;0;0;0;0.0;0;0.0;0.0;259;0;0.238;550;40.1;0
918;14.03.2026;5121227;102858;Дом;1733.52;0.068;2;0;1;0;0;0.0;0;0.0;0.0;259;0;0.232;961;50.0;0
919;15.03.2026;5121227;102858;Дом;1733.52;0.068;0;0;0;0;0;0.0;0;0.0;0.0;259;0;0.225;775;10.4;0
920;16.03.2026;5121227;102858;Дом;1733.52;0.068;0;0;0;0;0;0.0;0;0.0;0.0;259;0;0.256;1157;24.8;0
921;17.03.2026;5121227;102858;Дом;1733.52;0.068;1;0;1;0;0;0.0;0;0.0;0.0;259;0;0.305;1372;1.0;0
922;18.03.2026;5121227;102858;Дом;1733.52;0.068;1;0;1;0;0;0.0;0;0.0;0.0;259;0;0.266;928;2.5;0
923;19.03.2026;5121227;102858;Дом;1733.52;0.068;0;0;0;0;0;0.0;0;0.0;0.0;259;0;0.231;878;1.0;0
924;20.03.2026;5121227;102858;Дом;1733.52;0.068;2;0;0;0;0;0.0;0;0.0;0.0;259;0;0.303;749;43.2;0
925;21.03.2026;5121227;102858;Дом;1733.52;0.068;1;0;0;0;0;0.0;0;0.0;0.0;259;0;0.271;570;43.2;0
926;22.03.2026;5121227;102858;Дом;1733.52;0.068;0;0;0;0;0;0.0;0;0.0;0.0;259;0;0.171;732;47.1;0
927;23.03.2026;5121227;102858;Дом;1733.52;0.068;1;0;1;0;0;0.0;0;0.0;0.0;259;0;0.287;687;44.8;0
928;24.03.2026;5121227;102858;Дом;1733.52;0.068;1;0;0;0;0;0.0;0;0.0;0.0;259;0;0.233;661;57.8;0
929;25.03.2026;5121227;102858;Дом;1733.52;0.068;3;1;1;0;0;0.0;0;0.0;0.0;259;0;0.25;821;3.9;0
930;26.03.2026;5121227;102858;Дом;1733.52;0.068;1;0;1;0;0;0.0;0;0.0;0.0;259;0;0.276;1138;6.0;0
931;27.03.2026;5121227;102858;Дом;1733.52;0.068;2;0;0;0;0;0.0;0;0.0;0.0;259;0;0.358;557;42.5;0
932;28.03.2026;5121227;102858;Дом;1733.52;0.068;0;0;0;0;0;0.0;0;0.0;0.0;259;0;0.238;633;32.6;0
933;29.03.2026;5121227;102858;Дом;1733.52;0.068;3;0;1;0;0;0.0;0;0.0;0.0;259;0;0.232;1013;16.3;0
934;30.03.2026;5121227;102858;Дом;1733.52;0.068;1;0;1;0;0;0.0;0;0.0;0.0;259;0;0.295;456;46.9;0
935;31.03.2026;5121227;102858;Дом;1733.52;0.068;1;0;1;0;0;0.0;0;0.0;0.0;259;0;0.217;762;12.3;0
936;01.04.2026;5121227;102858;Дом;1733.52;0.068;1;0;0;0;0;0.0;0;0.0;0.0;259;0;0.198;860;30.4;0
937;02.04.2026;5121227;102858;Дом;1733.52;0.068;1;0;0;0;0;0.0;0;0.0;0.0;259;0;0.32;626;39.8;0
938;03.04.2026;5121227;102858;Дом;1733.52;0.068;3;1;1;0;0;0.0;0;0.0;0.0;259;0;0.419;932;66.4;0
939;04.04.2026;5121227;102858;Дом;1733.52;0.068;4;0;1;0;0;0.0;0;0.0;0.0;259;0;0.276;583;40.4;0
940;05.04.2026;5121227;102858;Дом;1733.52;0.068;0;0;0;0;0;0.0;0;0.0;0.0;259;0;0.329;788;14.7;0
941;06.04.2026;5121227;102858;Дом;1733.52;0.068;2;0;0;0;0;0.0;0;0.0;0.0;259;0;0.299;561;46.7;0
942;07.04.2026;5121227;102858;Дом;1733.52;0.068;1;0;0;0;0;0.0;0;0.0;0.0;259;0;0.279;802;44.0;0
943;08.04.2026;5121227;102858;Дом;1733.52;0.068;1;0;0;0;0;0.0;0;0.0;0.0;259;0;0.372;764;38.4;0
944;09.04.2026;5121227;102858;Дом;1733.52;0.068;3;0;2;0;0;0.0;0;0.0;0.0;259;0;0.356;1013;39.3;0
945;10.04.2026;5121227;102858;Дом;1733.52;0.068;1;0;0;0;0;0.0;0;0.0;0.0;259;0;0.382;893;21.0;0
946;11.04.2026;5121227;102858;Дом;1733.52;0.068;2;0;2;0;0;0.0;0;0.0;0.0;259;0;0.385;979;14.6;0
947;12.04.2026;5121227;102858;Дом;1733.52;0.068;1;0;0;0;0;0.0;0;0.0;0.0;259;0;0.397;273;47.3;0
948;13.04.2026;5121227;102858;Дом;1733.52;0.068;1;0;1;0;0;0.0;0;0.0;0.0;259;0;0.204;966;77.7;0
949;14.04.2026;5121227;102858;Дом;1733.52;0.068;0;0;0;0;0;0.0;0;0.0;0.0;259;0;0.119;760;84.5;0
950;15.04.2026;5121227;102858;Дом;1733.52;0.068;1;0;1;0;0;0.0;0;0.0;0.0;259;0;0.347;1004;65.7;0
951;16.04.2026;5121227;102858;Дом;1733.52;0.068;1;0;0;0;0;0.0;0;0.0;0.0;259;0;0.202;805;30.7;0
952;17.04.2026;5121227;102858;Дом;1733.52;0.068;1;0;0;0;0;0.0;0;0.0;0.0;259;0;0.416;1365;39.4;0
953;18.04.2026;5121227;102858;Дом;1733.52;0.068;1;0;1;0;0;0.0;0;0.0;0.0;259;0;0.334;635;28.3;0
954;19.04.2026;5121227;102858;Дом;1733.52;0.068;0;0;0;0;0;0.0;0;0.0;0.0;259;0;0.305;523;46.6;1
955;20.04.2026;5121227;102858;Дом;1733.52;0.068;2;0;1;0;0;0.0;0;0.0;0.0;259;0;0.249;1086;46.0;0
956;21.04.2026;5121227;102858;Дом;1733.52;0.068;2;0;1;0;0;0.0;0;0.0;0.0;259;0;0.272;814;27.7;0
957;22.04.2026;5121227;102858;Дом;1733.52;0.068;1;0;0;0;0;0.0;0;0.0;0.0;259;0;0.215;658;43.1;0
958;23.04.2026;5121227;102858;Дом;1733.52;0.068;0;0;0;0;0;0.0;0;0.0;0.0;259;0;0.283;1298;38.6;0
959;24.04.2026;5121227;102858;Дом;1733.52;0.068;0;0;0;0;0;0.0;0;0.0;0.0;259;0;0.262;1127;23.7;0
960;25.04.2026;5121227;102858;Дом;1733.52;0.068;1;0;0;0;0;0.0;0;0.0;0.0;259;0;0.264;524;11.7;0
961;26.04.2026;5121227;102858;Дом;1733.52;0.068;1;0;0;0;0;0.0;0;0.0;0.0;259;0;0.237;670;49.4;0
962;27.04.2026;5121227;102858;Дом;1733.52;0.068;0;0;0;0;0;0.0;0;0.0;0.0;259;0;0.283;1030;41.7;0
963;28.04.2026;5121227;102858;Дом;1733.52;0.068;2;0;0;0;0;0.0;0;0.0;0.0;259;0;0.353;952;60.2;0
964;29.04.2026;5121227;102858;Дом;1733.52;0.068;3;0;0;0;0;0.0;0;0.0;0.0;259;0;0.195;703;41.9;0
965;30.04.2026;5121227;102858;Дом;1733.52;0.068;2;0;0;0;0;0.0;0;0.0;0.0;259;0;0.287;1478;77.3;0
966;01.05.2026;5121227;102858;Дом;1733.52;0.068;0;0;0;0;0;0.0;0;0.0;0.0;259;0;0.12;626;82.2;1
967;15.09.2025;5052994;101262;Обувь;1201.27;0.083;11;1;4;0;0;0.0;0;0.0;0.0;163;0;0.64;1124;53.2;0
968;16.09.2025;5052994;101262;Обувь;1201.27;0.083;3;0;1;0;0;0.0;0;0.0;0.0;163;0;0.487;1008;53.3;0
969;17.09.2025;5052994;101262;Обувь;1201.27;0.083;9;0;2;0;0;0.0;0;0.0;0.0;163;0;0.559;992;24.2;0
970;18.09.2025;5052994;101262;Обувь;1201.27;0.083;9;0;1;0;0;0.0;0;0.0;0.0;163;0;0.561;745;39.3;0
971;19.09.2025;5052994;101262;Обувь;1201.27;0.083;13;2;4;1;0;0.0;0;0.0;0.0;163;0;0.574;1091;24.0;0
972;20.09.2025;5052994;101262;Обувь;1201.27;0.083;5;1;3;0;0;0.0;0;0.0;0.0;163;0;0.575;525;22.0;0
973;21.09.2025;5052994;101262;Обувь;1201.27;0.083;6;1;1;0;0;0.0;0;0.0;0.0;163;0;0.566;898;34.1;0
974;22.09.2025;5052994;101262;Обувь;1201.27;0.083;7;0;2;0;0;0.0;0;0.0;0.0;163;0;0.543;392;44.2;0
975;23.09.2025;5052994;101262;Обувь;1201.27;0.083;7;0;1;1;0;0.0;0;0.0;0.0;163;0;0.686;867;75.9;0
976;24.09.2025;5052994;101262;Обувь;1201.27;0.083;17;1;3;0;0;0.0;0;0.0;0.0;163;0;0.683;909;32.4;0
977;25.09.2025;5052994;101262;Обувь;1201.27;0.083;10;1;4;1;0;0.0;0;0.0;0.0;163;0;0.465;856;39.7;0
978;26.09.2025;5052994;101262;Обувь;1201.27;0.083;6;0;0;0;0;0.0;0;0.0;0.0;163;0;0.506;1125;63.3;0
979;27.09.2025;5052994;101262;Обувь;1201.27;0.083;16;1;7;0;0;0.0;0;0.0;0.0;163;0;0.477;686;37.5;0
980;28.09.2025;5052994;101262;Обувь;1201.27;0.083;15;0;6;1;1;1201.27;1;1201.27;260.15;162;0;0.501;950;9.4;0
981;29.09.2025;5052994;101262;Обувь;1201.27;0.083;6;0;2;0;0;0.0;0;0.0;0.0;162;0;0.622;656;12.6;0
982;30.09.2025;5052994;101262;Обувь;1201.27;0.083;18;0;7;1;0;0.0;0;0.0;0.0;162;0;0.398;1188;20.1;0
983;01.10.2025;5052994;101262;Обувь;1201.27;0.083;9;0;0;0;0;0.0;0;0.0;0.0;162;0;0.534;850;30.1;0
984;02.10.2025;5052994;101262;Обувь;1201.27;0.083;7;0;1;0;0;0.0;0;0.0;0.0;162;0;0.464;1176;14.0;0
985;03.10.2025;5052994;101262;Обувь;1201.27;0.083;11;0;0;0;0;0.0;0;0.0;0.0;162;0;0.724;561;43.4;0
986;04.10.2025;5052994;101262;Обувь;1201.27;0.083;5;1;3;1;0;0.0;0;0.0;0.0;162;0;0.634;921;76.3;0
987;05.10.2025;5052994;101262;Обувь;1201.27;0.083;10;1;3;0;0;0.0;0;0.0;0.0;162;0;0.685;1088;47.5;0
988;06.10.2025;5052994;101262;Обувь;1201.27;0.083;10;0;1;0;0;0.0;0;0.0;0.0;162;0;0.529;1069;49.1;0
989;07.10.2025;5052994;101262;Обувь;1201.27;0.083;22;0;10;0;0;0.0;0;0.0;0.0;162;0;0.463;1179;51.2;0
990;08.10.2025;5052994;101262;Обувь;1201.27;0.083;5;1;2;0;0;0.0;0;0.0;0.0;162;0;0.424;886;28.9;0
991;09.10.2025;5052994;101262;Обувь;1201.27;0.083;4;0;2;0;0;0.0;0;0.0;0.0;162;0;0.464;622;41.0;0
992;10.10.2025;5052994;101262;Обувь;1201.27;0.083;6;0;0;0;0;0.0;0;0.0;0.0;162;0;0.606;917;50.7;0
993;11.10.2025;5052994;101262;Обувь;1201.27;0.083;14;1;5;0;0;0.0;0;0.0;0.0;162;0;0.54;1260;69.5;0
994;12.10.2025;5052994;101262;Обувь;1201.27;0.083;24;3;6;1;0;0.0;0;0.0;0.0;162;0;0.423;805;43.7;0
995;13.10.2025;5052994;101262;Обувь;1201.27;0.083;8;0;1;0;0;0.0;0;0.0;0.0;162;0;0.463;559;34.4;0
996;14.10.2025;5052994;101262;Обувь;1201.27;0.083;9;1;3;0;0;0.0;0;0.0;0.0;162;0;0.437;813;48.4;0
997;15.10.2025;5052994;101262;Обувь;1201.27;0.083;10;0;4;0;0;0.0;0;0.0;0.0;162;0;0.516;840;56.4;0
998;16.10.2025;5052994;101262;Обувь;1201.27;0.083;9;2;5;2;0;0.0;0;0.0;0.0;162;0;0.528;836;58.9;0