Column1;dt;sku_id;seller_id;category_main;ad_impressions;ad_clicks;ad_orders;ad_gmv;ad_spend;avg_bid;ad_revenue;category_competition_index;campaign_type;creative_format;campaign_age_days
0;09.12.2024;5124963;102926;Одежда;0;0;0;0.0;0.0;0.0;0.0;1.15;manual;banner;15
1;10.12.2024;5124963;102926;Одежда;7;0;0;0.0;0.0;60.82;0.0;1.15;retarget;recommendation;22
2;11.12.2024;5124963;102926;Одежда;11;0;0;0.0;0.0;189.91;0.0;1.15;manual;recommendation;2
3;12.12.2024;5124963;102926;Одежда;11;0;0;0.0;0.0;78.23;0.0;1.15;auto;banner;11
4;13.12.2024;5124963;102926;Одежда;0;0;0;0.0;0.0;0.0;0.0;1.15;auto;banner;19
5;14.12.2024;5124963;102926;Одежда;0;0;0;0.0;0.0;0.0;0.0;1.15;manual;search_card;48
6;15.12.2024;5124963;102926;Одежда;0;0;0;0.0;0.0;0.0;0.0;1.15;manual;search_card;14
7;16.12.2024;5124963;102926;Одежда;0;0;0;0.0;0.0;0.0;0.0;1.15;retarget;slider;0
8;17.12.2024;5124963;102926;Одежда;0;0;0;0.0;0.0;0.0;0.0;1.15;auto;search_card;90
9;18.12.2024;5124963;102926;Одежда;8;0;0;0.0;0.0;187.72;0.0;1.15;retarget;slider;77
10;19.12.2024;5124963;102926;Одежда;15;2;0;0.0;2.03;101.63;2.03;1.15;auto;recommendation;43
11;20.12.2024;5124963;102926;Одежда;0;0;0;0.0;0.0;0.0;0.0;1.15;manual;slider;79
12;21.12.2024;5124963;102926;Одежда;0;0;0;0.0;0.0;0.0;0.0;1.15;category;slider;39
13;22.12.2024;5124963;102926;Одежда;0;0;0;0.0;0.0;0.0;0.0;1.15;manual;recommendation;29
14;23.12.2024;5124963;102926;Одежда;24;0;0;0.0;0.0;147.85;0.0;1.15;auto;banner;15
15;24.12.2024;5124963;102926;Одежда;0;0;0;0.0;0.0;0.0;0.0;1.15;manual;banner;7
16;25.12.2024;5124963;102926;Одежда;0;0;0;0.0;0.0;0.0;0.0;1.15;auto;slider;33
17;26.12.2024;5124963;102926;Одежда;0;0;0;0.0;0.0;0.0;0.0;1.15;manual;recommendation;51
18;27.12.2024;5124963;102926;Одежда;17;5;1;515.79;4.29;85.78;4.29;1.15;category;banner;21
19;28.12.2024;5124963;102926;Одежда;0;0;0;0.0;0.0;0.0;0.0;1.15;auto;recommendation;2
20;29.12.2024;5124963;102926;Одежда;0;0;0;0.0;0.0;0.0;0.0;1.15;manual;banner;18
21;30.12.2024;5124963;102926;Одежда;0;0;0;0.0;0.0;0.0;0.0;1.15;auto;search_card;67
22;31.12.2024;5124963;102926;Одежда;0;0;0;0.0;0.0;0.0;0.0;1.15;auto;banner;62
23;01.01.2025;5124963;102926;Одежда;0;0;0;0.0;0.0;0.0;0.0;1.15;auto;slider;1
24;02.01.2025;5124963;102926;Одежда;0;0;0;0.0;0.0;0.0;0.0;1.15;manual;banner;89
25;03.01.2025;5124963;102926;Одежда;0;0;0;0.0;0.0;0.0;0.0;1.15;category;recommendation;11
26;04.01.2025;5124963;102926;Одежда;0;0;0;0.0;0.0;0.0;0.0;1.15;auto;slider;13
27;05.01.2025;5124963;102926;Одежда;15;1;0;0.0;1.46;146.24;1.46;1.15;auto;recommendation;84
28;06.01.2025;5124963;102926;Одежда;0;0;0;0.0;0.0;0.0;0.0;1.15;manual;recommendation;45
29;07.01.2025;5124963;102926;Одежда;0;0;0;0.0;0.0;0.0;0.0;1.15;manual;recommendation;25
30;08.01.2025;5124963;102926;Одежда;11;0;0;0.0;0.0;49.79;0.0;1.15;manual;search_card;2
31;09.01.2025;5124963;102926;Одежда;0;0;0;0.0;0.0;0.0;0.0;1.15;auto;slider;27
32;10.01.2025;5124963;102926;Одежда;72;2;0;0.0;2.01;100.55;2.01;1.15;auto;banner;44
33;11.01.2025;5124963;102926;Одежда;0;0;0;0.0;0.0;0.0;0.0;1.15;auto;banner;15
34;12.01.2025;5124963;102926;Одежда;0;0;0;0.0;0.0;0.0;0.0;1.15;category;search_card;28
35;13.01.2025;5124963;102926;Одежда;0;0;0;0.0;0.0;0.0;0.0;1.15;auto;search_card;29
36;14.01.2025;5124963;102926;Одежда;0;0;0;0.0;0.0;0.0;0.0;1.15;auto;search_card;35
37;15.01.2025;5124963;102926;Одежда;0;0;0;0.0;0.0;0.0;0.0;1.15;manual;search_card;24
38;16.01.2025;5124963;102926;Одежда;0;0;0;0.0;0.0;0.0;0.0;1.15;category;banner;2
39;17.01.2025;5124963;102926;Одежда;15;0;0;0.0;0.0;205.56;0.0;1.15;manual;search_card;97
40;18.01.2025;5124963;102926;Одежда;0;0;0;0.0;0.0;0.0;0.0;1.15;auto;banner;153
41;19.01.2025;5124963;102926;Одежда;0;0;0;0.0;0.0;0.0;0.0;1.15;auto;slider;11
42;20.01.2025;5124963;102926;Одежда;0;0;0;0.0;0.0;0.0;0.0;1.15;auto;search_card;12
43;21.01.2025;5124963;102926;Одежда;0;0;0;0.0;0.0;0.0;0.0;1.15;retarget;banner;41
44;22.01.2025;5124963;102926;Одежда;16;0;0;0.0;0.0;76.01;0.0;1.15;category;banner;22
45;23.01.2025;5124963;102926;Одежда;10;0;0;0.0;0.0;126.56;0.0;1.15;unknown;banner;103
46;24.01.2025;5124963;102926;Одежда;7;1;0;0.0;1.25;125.15;1.25;1.15;retarget;search_card;102
47;25.01.2025;5124963;102926;Одежда;0;0;0;0.0;0.0;0.0;0.0;1.15;manual;slider;47
48;26.01.2025;5124963;102926;Одежда;0;0;0;0.0;0.0;0.0;0.0;1.15;manual;recommendation;203
49;27.01.2025;5124963;102926;Одежда;0;0;0;0.0;0.0;0.0;0.0;1.15;manual;banner;40
50;28.01.2025;5124963;102926;Одежда;23;2;0;0.0;4.15;207.7;4.15;1.15;category;slider;138
51;29.01.2025;5124963;102926;Одежда;0;0;0;0.0;0.0;0.0;0.0;1.15;auto;banner;134
52;30.01.2025;5124963;102926;Одежда;0;0;0;0.0;0.0;0.0;0.0;1.15;category;banner;14
53;31.01.2025;5124963;102926;Одежда;0;0;0;0.0;0.0;0.0;0.0;1.15;auto;slider;67
54;01.02.2025;5124963;102926;Одежда;0;0;0;0.0;0.0;0.0;0.0;1.15;category;slider;8
55;02.02.2025;5124963;102926;Одежда;0;0;0;0.0;0.0;0.0;0.0;1.15;unknown;search_card;4
56;03.02.2025;5124963;102926;Одежда;0;0;0;0.0;0.0;0.0;0.0;1.15;auto;banner;145
57;04.02.2025;5124963;102926;Одежда;0;0;0;0.0;0.0;0.0;0.0;1.15;manual;search_card;0
58;05.02.2025;5124963;102926;Одежда;0;0;0;0.0;0.0;0.0;0.0;1.15;auto;slider;14
59;06.02.2025;5124963;102926;Одежда;0;0;0;0.0;0.0;0.0;0.0;1.15;category;slider;52
60;07.02.2025;5124963;102926;Одежда;0;0;0;0.0;0.0;0.0;0.0;1.15;auto;banner;35
61;08.02.2025;5124963;102926;Одежда;0;0;0;0.0;0.0;0.0;0.0;1.15;manual;recommendation;21
62;09.02.2025;5124963;102926;Одежда;17;1;0;0.0;1.69;169.28;1.69;1.15;manual;slider;56
63;10.02.2025;5124963;102926;Одежда;29;0;0;0.0;0.0;74.78;0.0;1.15;manual;slider;165
64;11.02.2025;5124963;102926;Одежда;0;0;0;0.0;0.0;0.0;0.0;1.15;manual;slider;31
65;12.02.2025;5124963;102926;Одежда;0;0;0;0.0;0.0;0.0;0.0;1.15;manual;slider;1
66;13.02.2025;5124963;102926;Одежда;0;0;0;0.0;0.0;0.0;0.0;1.15;manual;recommendation;93
67;14.02.2025;5124963;102926;Одежда;48;2;0;0.0;1.71;85.48;1.71;1.15;unknown;slider;11
68;15.02.2025;5124963;102926;Одежда;36;2;0;0.0;2.44;122.22;2.44;1.15;auto;banner;37
69;16.02.2025;5124963;102926;Одежда;0;0;0;0.0;0.0;0.0;0.0;1.15;manual;search_card;111
70;17.02.2025;5124963;102926;Одежда;25;3;0;0.0;2.99;99.77;2.99;1.15;auto;search_card;33
71;18.02.2025;5124963;102926;Одежда;3;0;0;0.0;0.0;172.57;0.0;1.15;retarget;banner;8
72;19.02.2025;5124963;102926;Одежда;39;1;0;0.0;1.04;104.38;1.04;1.15;manual;search_card;56
73;20.02.2025;5124963;102926;Одежда;0;0;0;0.0;0.0;0.0;0.0;1.15;category;banner;6
74;21.02.2025;5124963;102926;Одежда;33;2;0;0.0;2.0;99.94;2.0;1.15;manual;recommendation;117
75;22.02.2025;5124963;102926;Одежда;0;0;0;0.0;0.0;0.0;0.0;1.15;auto;slider;55
76;23.02.2025;5124963;102926;Одежда;37;0;0;0.0;0.0;179.33;0.0;1.15;category;search_card;13
77;24.02.2025;5124963;102926;Одежда;0;0;0;0.0;0.0;0.0;0.0;1.15;auto;slider;0
78;25.02.2025;5124963;102926;Одежда;20;0;0;0.0;0.0;183.87;0.0;1.15;auto;search_card;80
79;26.02.2025;5124963;102926;Одежда;0;0;0;0.0;0.0;0.0;0.0;1.15;unknown;search_card;14
80;27.02.2025;5124963;102926;Одежда;0;0;0;0.0;0.0;0.0;0.0;1.15;auto;search_card;0
81;28.02.2025;5124963;102926;Одежда;0;0;0;0.0;0.0;0.0;0.0;1.15;manual;recommendation;3
82;01.03.2025;5124963;102926;Одежда;17;0;0;0.0;0.0;136.63;0.0;1.15;auto;search_card;4
83;02.03.2025;5124963;102926;Одежда;0;0;0;0.0;0.0;0.0;0.0;1.15;retarget;slider;10
84;03.03.2025;5124963;102926;Одежда;0;0;0;0.0;0.0;0.0;0.0;1.15;manual;banner;97
85;04.03.2025;5124963;102926;Одежда;0;0;0;0.0;0.0;0.0;0.0;1.15;unknown;slider;14
86;05.03.2025;5124963;102926;Одежда;0;0;0;0.0;0.0;0.0;0.0;1.15;manual;banner;26
87;06.03.2025;5124963;102926;Одежда;0;0;0;0.0;0.0;0.0;0.0;1.15;manual;slider;10
88;07.03.2025;5124963;102926;Одежда;0;0;0;0.0;0.0;0.0;0.0;1.15;auto;banner;1
89;08.03.2025;5124963;102926;Одежда;0;0;0;0.0;0.0;0.0;0.0;1.15;retarget;search_card;19
90;09.03.2025;5124963;102926;Одежда;0;0;0;0.0;0.0;0.0;0.0;1.15;category;slider;14
91;10.03.2025;5124963;102926;Одежда;38;0;0;0.0;0.0;55.12;0.0;1.15;retarget;search_card;2
92;11.03.2025;5124963;102926;Одежда;0;0;0;0.0;0.0;0.0;0.0;1.15;auto;slider;4
93;12.03.2025;5124963;102926;Одежда;0;0;0;0.0;0.0;0.0;0.0;1.15;auto;search_card;9
94;13.03.2025;5124963;102926;Одежда;0;0;0;0.0;0.0;0.0;0.0;1.15;manual;banner;1
95;14.03.2025;5124963;102926;Одежда;14;1;0;0.0;0.87;87.04;0.87;1.15;auto;slider;105
96;15.03.2025;5124963;102926;Одежда;0;0;0;0.0;0.0;0.0;0.0;1.15;manual;search_card;26
97;16.03.2025;5124963;102926;Одежда;0;0;0;0.0;0.0;0.0;0.0;1.15;auto;search_card;33
98;17.03.2025;5124963;102926;Одежда;4;0;0;0.0;0.0;117.93;0.0;1.15;auto;banner;41
99;18.03.2025;5124963;102926;Одежда;0;0;0;0.0;0.0;0.0;0.0;1.15;manual;banner;28
100;19.03.2025;5124963;102926;Одежда;7;0;0;0.0;0.0;174.7;0.0;1.15;retarget;banner;4
101;20.03.2025;5124963;102926;Одежда;16;0;0;0.0;0.0;198.89;0.0;1.15;retarget;banner;43
102;21.03.2025;5124963;102926;Одежда;0;0;0;0.0;0.0;0.0;0.0;1.15;auto;slider;43
103;22.03.2025;5124963;102926;Одежда;24;1;0;0.0;1.09;108.75;1.09;1.15;category;slider;239
104;23.03.2025;5124963;102926;Одежда;0;0;0;0.0;0.0;0.0;0.0;1.15;retarget;slider;6
105;24.03.2025;5124963;102926;Одежда;0;0;0;0.0;0.0;0.0;0.0;1.15;unknown;slider;58
106;25.03.2025;5124963;102926;Одежда;0;0;0;0.0;0.0;0.0;0.0;1.15;manual;recommendation;18
107;26.03.2025;5124963;102926;Одежда;31;0;0;0.0;0.0;88.07;0.0;1.15;category;search_card;31
108;27.03.2025;5124963;102926;Одежда;17;0;0;0.0;0.0;100.82;0.0;1.15;manual;search_card;29
109;28.03.2025;5124963;102926;Одежда;0;0;0;0.0;0.0;0.0;0.0;1.15;manual;search_card;54
110;29.03.2025;5124963;102926;Одежда;0;0;0;0.0;0.0;0.0;0.0;1.15;auto;banner;104
111;30.03.2025;5124963;102926;Одежда;38;2;0;0.0;2.51;125.49;2.51;1.15;auto;slider;67
112;31.03.2025;5124963;102926;Одежда;0;0;0;0.0;0.0;0.0;0.0;1.15;auto;search_card;5
113;01.04.2025;5124963;102926;Одежда;0;0;0;0.0;0.0;0.0;0.0;1.15;category;search_card;10
114;02.04.2025;5124963;102926;Одежда;0;0;0;0.0;0.0;0.0;0.0;1.15;retarget;banner;62
115;03.04.2025;5124963;102926;Одежда;37;1;0;0.0;2.21;221.27;2.21;1.15;auto;banner;33
116;04.04.2025;5124963;102926;Одежда;0;0;0;0.0;0.0;0.0;0.0;1.15;manual;search_card;26
117;05.04.2025;5124963;102926;Одежда;0;0;0;0.0;0.0;0.0;0.0;1.15;manual;search_card;39
118;06.04.2025;5124963;102926;Одежда;34;2;0;0.0;3.53;176.35;3.53;1.15;manual;slider;132
119;07.04.2025;5124963;102926;Одежда;0;0;0;0.0;0.0;0.0;0.0;1.15;auto;search_card;43
120;08.04.2025;5124963;102926;Одежда;0;0;0;0.0;0.0;0.0;0.0;1.15;auto;search_card;25
121;09.04.2025;5124963;102926;Одежда;0;0;0;0.0;0.0;0.0;0.0;1.15;auto;slider;37
122;10.04.2025;5124963;102926;Одежда;0;0;0;0.0;0.0;0.0;0.0;1.15;auto;search_card;33
123;11.04.2025;5124963;102926;Одежда;26;1;0;0.0;0.96;96.16;0.96;1.15;unknown;search_card;123
124;12.04.2025;5124963;102926;Одежда;0;0;0;0.0;0.0;0.0;0.0;1.15;auto;slider;60
125;13.04.2025;5124963;102926;Одежда;0;0;0;0.0;0.0;0.0;0.0;1.15;manual;slider;10
126;14.04.2025;5124963;102926;Одежда;41;3;0;0.0;4.19;139.71;4.19;1.15;manual;slider;12
127;15.04.2025;5124963;102926;Одежда;15;0;0;0.0;0.0;123.75;0.0;1.15;manual;slider;0
128;16.04.2025;5124963;102926;Одежда;0;0;0;0.0;0.0;0.0;0.0;1.15;auto;recommendation;49
129;17.04.2025;5124963;102926;Одежда;0;0;0;0.0;0.0;0.0;0.0;1.15;auto;slider;1
130;18.04.2025;5124963;102926;Одежда;3;0;0;0.0;0.0;146.15;0.0;1.15;manual;recommendation;69
131;19.04.2025;5124963;102926;Одежда;0;0;0;0.0;0.0;0.0;0.0;1.15;auto;recommendation;98
132;20.04.2025;5124963;102926;Одежда;0;0;0;0.0;0.0;0.0;0.0;1.15;auto;search_card;53
133;21.04.2025;5124963;102926;Одежда;11;0;0;0.0;0.0;169.84;0.0;1.15;manual;slider;69
134;22.04.2025;5124963;102926;Одежда;0;0;0;0.0;0.0;0.0;0.0;1.15;unknown;banner;134
135;23.04.2025;5124963;102926;Одежда;0;0;0;0.0;0.0;0.0;0.0;1.15;auto;banner;8
136;24.04.2025;5124963;102926;Одежда;0;0;0;0.0;0.0;0.0;0.0;1.15;category;slider;4
137;25.04.2025;5124963;102926;Одежда;29;0;0;0.0;0.0;58.34;0.0;1.15;retarget;banner;34
138;26.04.2025;5124963;102926;Одежда;0;0;0;0.0;0.0;0.0;0.0;1.15;unknown;banner;36
139;27.04.2025;5124963;102926;Одежда;0;0;0;0.0;0.0;0.0;0.0;1.15;auto;search_card;51
140;28.04.2025;5124963;102926;Одежда;32;0;0;0.0;0.0;236.49;0.0;1.15;retarget;recommendation;39
141;29.04.2025;5124963;102926;Одежда;9;1;0;0.0;0.59;59.4;0.59;1.15;auto;slider;57
142;30.04.2025;5124963;102926;Одежда;0;0;0;0.0;0.0;0.0;0.0;1.15;auto;slider;50
143;01.05.2025;5124963;102926;Одежда;0;0;0;0.0;0.0;0.0;0.0;1.15;manual;search_card;127
144;02.05.2025;5124963;102926;Одежда;38;2;0;0.0;2.7;135.14;2.7;1.15;auto;banner;20
145;03.05.2025;5124963;102926;Одежда;0;0;0;0.0;0.0;0.0;0.0;1.15;auto;slider;77
146;04.05.2025;5124963;102926;Одежда;0;0;0;0.0;0.0;0.0;0.0;1.15;manual;slider;5
147;05.05.2025;5124963;102926;Одежда;0;0;0;0.0;0.0;0.0;0.0;1.15;auto;slider;10
148;06.05.2025;5124963;102926;Одежда;43;2;0;0.0;2.8;139.92;2.8;1.15;auto;recommendation;69
149;07.05.2025;5124963;102926;Одежда;0;0;0;0.0;0.0;0.0;0.0;1.15;auto;search_card;154
150;08.05.2025;5124963;102926;Одежда;0;0;0;0.0;0.0;0.0;0.0;1.15;manual;search_card;15
151;09.05.2025;5124963;102926;Одежда;0;0;0;0.0;0.0;0.0;0.0;1.15;category;banner;67
152;10.05.2025;5124963;102926;Одежда;0;0;0;0.0;0.0;0.0;0.0;1.15;manual;banner;14
153;11.05.2025;5124963;102926;Одежда;0;0;0;0.0;0.0;0.0;0.0;1.15;manual;recommendation;19
154;12.05.2025;5124963;102926;Одежда;0;0;0;0.0;0.0;0.0;0.0;1.15;manual;recommendation;20
155;13.05.2025;5124963;102926;Одежда;0;0;0;0.0;0.0;0.0;0.0;1.15;retarget;banner;13
156;14.05.2025;5124963;102926;Одежда;0;0;0;0.0;0.0;0.0;0.0;1.15;manual;search_card;21
157;15.05.2025;5124963;102926;Одежда;51;2;0;0.0;3.9;195.01;3.9;1.15;auto;search_card;21
158;16.05.2025;5124963;102926;Одежда;27;0;0;0.0;0.0;130.57;0.0;1.15;auto;search_card;45
159;17.05.2025;5124963;102926;Одежда;0;0;0;0.0;0.0;0.0;0.0;1.15;category;banner;116
160;18.05.2025;5124963;102926;Одежда;0;0;0;0.0;0.0;0.0;0.0;1.15;auto;banner;113
161;19.05.2025;5124963;102926;Одежда;0;0;0;0.0;0.0;0.0;0.0;1.15;retarget;recommendation;126
162;20.05.2025;5124963;102926;Одежда;18;0;0;0.0;0.0;159.09;0.0;1.15;manual;search_card;14
163;21.05.2025;5124963;102926;Одежда;30;2;0;0.0;4.43;221.32;4.43;1.15;auto;slider;18
164;22.05.2025;5124963;102926;Одежда;0;0;0;0.0;0.0;0.0;0.0;1.15;category;search_card;9
165;23.05.2025;5124963;102926;Одежда;0;0;0;0.0;0.0;0.0;0.0;1.15;auto;recommendation;64
166;24.05.2025;5124963;102926;Одежда;25;1;0;0.0;1.31;130.56;1.31;1.15;auto;banner;14
167;25.05.2025;5124963;102926;Одежда;0;0;0;0.0;0.0;0.0;0.0;1.15;unknown;search_card;6
168;26.05.2025;5124963;102926;Одежда;0;0;0;0.0;0.0;0.0;0.0;1.15;auto;recommendation;13
169;27.05.2025;5124963;102926;Одежда;31;2;0;0.0;3.4;170.08;3.4;1.15;auto;search_card;38
170;28.05.2025;5124963;102926;Одежда;0;0;0;0.0;0.0;0.0;0.0;1.15;retarget;banner;40
171;29.05.2025;5124963;102926;Одежда;0;0;0;0.0;0.0;0.0;0.0;1.15;category;search_card;7
172;30.05.2025;5124963;102926;Одежда;12;0;0;0.0;0.0;210.96;0.0;1.15;auto;slider;21
173;31.05.2025;5124963;102926;Одежда;31;0;0;0.0;0.0;146.74;0.0;1.15;category;banner;3
174;01.06.2025;5124963;102926;Одежда;55;4;0;0.0;7.97;199.34;7.97;1.15;auto;slider;4
175;02.06.2025;5124963;102926;Одежда;0;0;0;0.0;0.0;0.0;0.0;1.15;manual;banner;93
176;03.06.2025;5124963;102926;Одежда;0;0;0;0.0;0.0;0.0;0.0;1.15;auto;slider;20
177;04.06.2025;5124963;102926;Одежда;0;0;0;0.0;0.0;0.0;0.0;1.15;manual;recommendation;60
178;05.06.2025;5124963;102926;Одежда;0;0;0;0.0;0.0;0.0;0.0;1.15;manual;recommendation;169
179;06.06.2025;5124963;102926;Одежда;0;0;0;0.0;0.0;0.0;0.0;1.15;manual;slider;14
180;07.06.2025;5124963;102926;Одежда;0;0;0;0.0;0.0;0.0;0.0;1.15;auto;recommendation;91
181;08.06.2025;5124963;102926;Одежда;0;0;0;0.0;0.0;0.0;0.0;1.15;manual;banner;44
182;09.06.2025;5124963;102926;Одежда;34;3;0;0.0;5.34;178.09;5.34;1.15;category;recommendation;25
183;10.06.2025;5124963;102926;Одежда;0;0;0;0.0;0.0;0.0;0.0;1.15;auto;recommendation;13
184;11.06.2025;5124963;102926;Одежда;11;1;0;0.0;2.38;237.74;2.38;1.15;manual;slider;62
185;12.06.2025;5124963;102926;Одежда;0;0;0;0.0;0.0;0.0;0.0;1.15;category;slider;13
186;13.06.2025;5124963;102926;Одежда;0;0;0;0.0;0.0;0.0;0.0;1.15;unknown;search_card;0
187;14.06.2025;5124963;102926;Одежда;0;0;0;0.0;0.0;0.0;0.0;1.15;manual;slider;43
188;15.06.2025;5124963;102926;Одежда;0;0;0;0.0;0.0;0.0;0.0;1.15;category;search_card;4
189;16.06.2025;5124963;102926;Одежда;0;0;0;0.0;0.0;0.0;0.0;1.15;auto;search_card;23
190;17.06.2025;5124963;102926;Одежда;0;0;0;0.0;0.0;0.0;0.0;1.15;retarget;recommendation;67
191;18.06.2025;5124963;102926;Одежда;35;1;0;0.0;1.55;154.87;1.55;1.15;retarget;search_card;42
192;19.06.2025;5124963;102926;Одежда;0;0;0;0.0;0.0;0.0;0.0;1.15;category;banner;36
193;20.06.2025;5124963;102926;Одежда;0;0;0;0.0;0.0;0.0;0.0;1.15;auto;slider;33
194;21.06.2025;5124963;102926;Одежда;10;0;0;0.0;0.0;61.97;0.0;1.15;auto;banner;5
195;22.06.2025;5124963;102926;Одежда;0;0;0;0.0;0.0;0.0;0.0;1.15;manual;banner;42
196;23.06.2025;5124963;102926;Одежда;58;4;0;0.0;8.0;199.89;8.0;1.15;manual;recommendation;1
197;24.06.2025;5124963;102926;Одежда;9;0;0;0.0;0.0;181.72;0.0;1.15;manual;search_card;70
198;25.06.2025;5124963;102926;Одежда;69;0;0;0.0;0.0;182.23;0.0;1.15;unknown;search_card;17
199;26.06.2025;5124963;102926;Одежда;49;2;0;0.0;2.33;116.51;2.33;1.15;retarget;banner;15
200;27.06.2025;5124963;102926;Одежда;0;0;0;0.0;0.0;0.0;0.0;1.15;auto;slider;79
201;28.06.2025;5124963;102926;Одежда;14;0;0;0.0;0.0;190.42;0.0;1.15;category;search_card;16
202;29.06.2025;5124963;102926;Одежда;0;0;0;0.0;0.0;0.0;0.0;1.15;auto;recommendation;17
203;30.06.2025;5124963;102926;Одежда;0;0;0;0.0;0.0;0.0;0.0;1.15;category;slider;60
204;01.07.2025;5124963;102926;Одежда;40;0;0;0.0;0.0;168.66;0.0;1.15;manual;recommendation;159
205;02.07.2025;5124963;102926;Одежда;0;0;0;0.0;0.0;0.0;0.0;1.15;category;search_card;3
206;03.07.2025;5124963;102926;Одежда;31;0;0;0.0;0.0;148.43;0.0;1.15;auto;search_card;43
207;04.07.2025;5124963;102926;Одежда;0;0;0;0.0;0.0;0.0;0.0;1.15;retarget;search_card;87
208;05.07.2025;5124963;102926;Одежда;66;6;1;515.79;11.89;198.11;11.89;1.15;category;slider;4
209;06.07.2025;5124963;102926;Одежда;39;2;0;0.0;2.6;130.23;2.6;1.15;category;search_card;5
210;07.07.2025;5124963;102926;Одежда;0;0;0;0.0;0.0;0.0;0.0;1.15;auto;slider;35
211;08.07.2025;5124963;102926;Одежда;38;2;1;515.79;1.99;99.6;1.99;1.15;auto;search_card;20
212;09.07.2025;5124963;102926;Одежда;0;0;0;0.0;0.0;0.0;0.0;1.15;manual;search_card;116
213;10.07.2025;5124963;102926;Одежда;31;3;0;0.0;4.5;150.05;4.5;1.15;manual;slider;78
214;11.07.2025;5124963;102926;Одежда;0;0;0;0.0;0.0;0.0;0.0;1.15;auto;banner;120
215;12.07.2025;5124963;102926;Одежда;0;0;0;0.0;0.0;0.0;0.0;1.15;auto;slider;25
216;13.07.2025;5124963;102926;Одежда;0;0;0;0.0;0.0;0.0;0.0;1.15;auto;recommendation;13
217;14.07.2025;5124963;102926;Одежда;61;1;0;0.0;1.88;188.47;1.88;1.15;manual;search_card;13
218;15.07.2025;5124963;102926;Одежда;0;0;0;0.0;0.0;0.0;0.0;1.15;auto;search_card;74
219;16.07.2025;5124963;102926;Одежда;0;0;0;0.0;0.0;0.0;0.0;1.15;category;banner;42
220;17.07.2025;5124963;102926;Одежда;15;1;0;0.0;1.13;112.94;1.13;1.15;manual;banner;29
221;18.07.2025;5124963;102926;Одежда;70;3;0;0.0;6.49;216.35;6.49;1.15;auto;banner;58
222;19.07.2025;5124963;102926;Одежда;0;0;0;0.0;0.0;0.0;0.0;1.15;category;search_card;83
223;20.07.2025;5124963;102926;Одежда;44;1;0;0.0;0.66;66.29;0.66;1.15;unknown;recommendation;69
224;21.07.2025;5124963;102926;Одежда;39;0;0;0.0;0.0;185.04;0.0;1.15;auto;banner;94
225;22.07.2025;5124963;102926;Одежда;57;2;0;0.0;2.77;138.43;2.77;1.15;category;recommendation;22
226;23.07.2025;5124963;102926;Одежда;0;0;0;0.0;0.0;0.0;0.0;1.15;auto;search_card;1
227;24.07.2025;5124963;102926;Одежда;61;0;0;0.0;0.0;127.48;0.0;1.15;auto;slider;31
228;25.07.2025;5124963;102926;Одежда;0;0;0;0.0;0.0;0.0;0.0;1.15;retarget;search_card;15
229;26.07.2025;5124963;102926;Одежда;0;0;0;0.0;0.0;0.0;0.0;1.15;auto;search_card;0
230;27.07.2025;5124963;102926;Одежда;0;0;0;0.0;0.0;0.0;0.0;1.15;auto;search_card;72
231;28.07.2025;5124963;102926;Одежда;0;0;0;0.0;0.0;0.0;0.0;1.15;auto;search_card;44
232;29.07.2025;5124963;102926;Одежда;51;3;0;0.0;4.18;139.48;4.18;1.15;auto;banner;6
233;30.07.2025;5124963;102926;Одежда;0;0;0;0.0;0.0;0.0;0.0;1.15;unknown;slider;38
234;31.07.2025;5124963;102926;Одежда;23;1;0;0.0;2.27;227.11;2.27;1.15;category;slider;6
235;01.08.2025;5124963;102926;Одежда;0;0;0;0.0;0.0;0.0;0.0;1.15;category;search_card;216
236;02.08.2025;5124963;102926;Одежда;0;0;0;0.0;0.0;0.0;0.0;1.15;auto;search_card;21
237;03.08.2025;5124963;102926;Одежда;0;0;0;0.0;0.0;0.0;0.0;1.15;category;slider;14
238;04.08.2025;5124963;102926;Одежда;0;0;0;0.0;0.0;0.0;0.0;1.15;manual;search_card;20
239;05.08.2025;5124963;102926;Одежда;0;0;0;0.0;0.0;0.0;0.0;1.15;category;banner;10
240;06.08.2025;5124963;102926;Одежда;0;0;0;0.0;0.0;0.0;0.0;1.15;unknown;slider;42
241;07.08.2025;5124963;102926;Одежда;29;2;0;0.0;2.75;137.72;2.75;1.15;auto;banner;37
242;08.08.2025;5124963;102926;Одежда;0;0;0;0.0;0.0;0.0;0.0;1.15;auto;slider;0
243;09.08.2025;5124963;102926;Одежда;0;0;0;0.0;0.0;0.0;0.0;1.15;auto;slider;12
244;10.08.2025;5124963;102926;Одежда;20;1;0;0.0;2.26;226.39;2.26;1.15;category;banner;9
245;11.08.2025;5124963;102926;Одежда;0;0;0;0.0;0.0;0.0;0.0;1.15;unknown;search_card;13
246;12.08.2025;5124963;102926;Одежда;0;0;0;0.0;0.0;0.0;0.0;1.15;auto;slider;0
247;13.08.2025;5124963;102926;Одежда;0;0;0;0.0;0.0;0.0;0.0;1.15;retarget;search_card;15
248;14.08.2025;5124963;102926;Одежда;0;0;0;0.0;0.0;0.0;0.0;1.15;auto;search_card;255
249;15.08.2025;5124963;102926;Одежда;0;0;0;0.0;0.0;0.0;0.0;1.15;auto;banner;204
250;16.08.2025;5124963;102926;Одежда;0;0;0;0.0;0.0;0.0;0.0;1.15;category;search_card;5
251;17.08.2025;5124963;102926;Одежда;0;0;0;0.0;0.0;0.0;0.0;1.15;manual;search_card;10
252;18.08.2025;5124963;102926;Одежда;0;0;0;0.0;0.0;0.0;0.0;1.15;auto;slider;14
253;19.08.2025;5124963;102926;Одежда;0;0;0;0.0;0.0;0.0;0.0;1.15;manual;search_card;2
254;20.08.2025;5124963;102926;Одежда;0;0;0;0.0;0.0;0.0;0.0;1.15;auto;banner;40
255;21.08.2025;5124963;102926;Одежда;0;0;0;0.0;0.0;0.0;0.0;1.15;category;banner;27
256;22.08.2025;5124963;102926;Одежда;0;0;0;0.0;0.0;0.0;0.0;1.15;category;slider;95
257;23.08.2025;5124963;102926;Одежда;0;0;0;0.0;0.0;0.0;0.0;1.15;manual;recommendation;25
258;24.08.2025;5124963;102926;Одежда;0;0;0;0.0;0.0;0.0;0.0;1.15;auto;slider;0
259;25.08.2025;5124963;102926;Одежда;0;0;0;0.0;0.0;0.0;0.0;1.15;auto;recommendation;0
260;26.08.2025;5124963;102926;Одежда;0;0;0;0.0;0.0;0.0;0.0;1.15;manual;banner;25
261;27.08.2025;5124963;102926;Одежда;0;0;0;0.0;0.0;0.0;0.0;1.15;retarget;banner;4
262;28.08.2025;5124963;102926;Одежда;0;0;0;0.0;0.0;0.0;0.0;1.15;auto;search_card;26
263;29.08.2025;5124963;102926;Одежда;0;0;0;0.0;0.0;0.0;0.0;1.15;manual;search_card;12
264;30.08.2025;5124963;102926;Одежда;0;0;0;0.0;0.0;0.0;0.0;1.15;retarget;slider;49
265;31.08.2025;5124963;102926;Одежда;0;0;0;0.0;0.0;0.0;0.0;1.15;category;search_card;14
266;01.09.2025;5124963;102926;Одежда;8;1;0;0.0;2.02;202.05;2.02;1.15;auto;search_card;119
267;02.09.2025;5124963;102926;Одежда;7;0;0;0.0;0.0;222.25;0.0;1.15;retarget;recommendation;46
268;03.09.2025;5124963;102926;Одежда;4;0;0;0.0;0.0;100.98;0.0;1.15;auto;search_card;8
269;04.09.2025;5124963;102926;Одежда;0;0;0;0.0;0.0;0.0;0.0;1.15;manual;recommendation;25
270;05.09.2025;5124963;102926;Одежда;0;0;0;0.0;0.0;0.0;0.0;1.15;manual;recommendation;18
271;06.09.2025;5124963;102926;Одежда;26;0;0;0.0;0.0;99.53;0.0;1.15;manual;slider;72
272;07.09.2025;5124963;102926;Одежда;0;0;0;0.0;0.0;0.0;0.0;1.15;retarget;banner;108
273;08.09.2025;5124963;102926;Одежда;0;0;0;0.0;0.0;0.0;0.0;1.15;manual;recommendation;20
274;09.09.2025;5124963;102926;Одежда;0;0;0;0.0;0.0;0.0;0.0;1.15;retarget;search_card;16
275;10.09.2025;5124963;102926;Одежда;0;0;0;0.0;0.0;0.0;0.0;1.15;category;slider;2
276;11.09.2025;5124963;102926;Одежда;0;0;0;0.0;0.0;0.0;0.0;1.15;retarget;recommendation;50
277;12.09.2025;5124963;102926;Одежда;0;0;0;0.0;0.0;0.0;0.0;1.15;auto;slider;221
278;13.09.2025;5124963;102926;Одежда;0;0;0;0.0;0.0;0.0;0.0;1.15;auto;search_card;53
279;14.09.2025;5124963;102926;Одежда;0;0;0;0.0;0.0;0.0;0.0;1.15;manual;search_card;0
280;15.09.2025;5124963;102926;Одежда;0;0;0;0.0;0.0;0.0;0.0;1.15;manual;recommendation;9
281;16.09.2025;5124963;102926;Одежда;11;0;0;0.0;0.0;97.63;0.0;1.15;auto;search_card;52
282;17.09.2025;5124963;102926;Одежда;21;3;0;0.0;2.85;94.99;2.85;1.15;manual;search_card;83
283;18.09.2025;5124963;102926;Одежда;0;0;0;0.0;0.0;0.0;0.0;1.15;manual;recommendation;14
284;19.09.2025;5124963;102926;Одежда;0;0;0;0.0;0.0;0.0;0.0;1.15;auto;search_card;102
285;20.09.2025;5124963;102926;Одежда;0;0;0;0.0;0.0;0.0;0.0;1.15;auto;recommendation;70
286;21.09.2025;5124963;102926;Одежда;0;0;0;0.0;0.0;0.0;0.0;1.15;auto;search_card;34
287;22.09.2025;5124963;102926;Одежда;28;1;0;0.0;0.88;88.1;0.88;1.15;auto;search_card;134
288;23.09.2025;5124963;102926;Одежда;0;0;0;0.0;0.0;0.0;0.0;1.15;manual;slider;13
289;24.09.2025;5124963;102926;Одежда;0;0;0;0.0;0.0;0.0;0.0;1.15;unknown;banner;13
290;25.09.2025;5124963;102926;Одежда;0;0;0;0.0;0.0;0.0;0.0;1.15;manual;banner;63
291;26.09.2025;5124963;102926;Одежда;0;0;0;0.0;0.0;0.0;0.0;1.15;unknown;search_card;53
292;27.09.2025;5124963;102926;Одежда;0;0;0;0.0;0.0;0.0;0.0;1.15;retarget;slider;14
293;28.09.2025;5124963;102926;Одежда;0;0;0;0.0;0.0;0.0;0.0;1.15;category;search_card;26
294;29.09.2025;5124963;102926;Одежда;0;0;0;0.0;0.0;0.0;0.0;1.15;unknown;recommendation;4
295;30.09.2025;5124963;102926;Одежда;0;0;0;0.0;0.0;0.0;0.0;1.15;auto;banner;48
296;01.10.2025;5124963;102926;Одежда;0;0;0;0.0;0.0;0.0;0.0;1.15;retarget;search_card;80
297;02.10.2025;5124963;102926;Одежда;0;0;0;0.0;0.0;0.0;0.0;1.15;auto;banner;27
298;03.10.2025;5124963;102926;Одежда;0;0;0;0.0;0.0;0.0;0.0;1.15;manual;banner;59
299;04.10.2025;5124963;102926;Одежда;0;0;0;0.0;0.0;0.0;0.0;1.15;manual;search_card;198
300;05.10.2025;5124963;102926;Одежда;0;0;0;0.0;0.0;0.0;0.0;1.15;manual;recommendation;71
301;06.10.2025;5124963;102926;Одежда;0;0;0;0.0;0.0;0.0;0.0;1.15;category;recommendation;68
302;07.10.2025;5124963;102926;Одежда;5;0;0;0.0;0.0;196.86;0.0;1.15;manual;slider;5
303;08.10.2025;5124963;102926;Одежда;0;0;0;0.0;0.0;0.0;0.0;1.15;retarget;search_card;13
304;09.10.2025;5124963;102926;Одежда;0;0;0;0.0;0.0;0.0;0.0;1.15;manual;search_card;57
305;10.10.2025;5124963;102926;Одежда;0;0;0;0.0;0.0;0.0;0.0;1.15;unknown;search_card;46
306;11.10.2025;5124963;102926;Одежда;0;0;0;0.0;0.0;0.0;0.0;1.15;manual;recommendation;7
307;12.10.2025;5124963;102926;Одежда;4;0;0;0.0;0.0;237.78;0.0;1.15;auto;recommendation;163
308;13.10.2025;5124963;102926;Одежда;16;2;1;515.79;4.16;208.1;4.16;1.15;manual;search_card;34
309;14.10.2025;5124963;102926;Одежда;0;0;0;0.0;0.0;0.0;0.0;1.15;auto;banner;4
310;15.10.2025;5124963;102926;Одежда;0;0;0;0.0;0.0;0.0;0.0;1.15;manual;slider;18
311;16.10.2025;5124963;102926;Одежда;0;0;0;0.0;0.0;0.0;0.0;1.15;auto;recommendation;17
312;17.10.2025;5124963;102926;Одежда;4;0;0;0.0;0.0;79.54;0.0;1.15;auto;search_card;38
313;18.10.2025;5124963;102926;Одежда;0;0;0;0.0;0.0;0.0;0.0;1.15;auto;search_card;0
314;19.10.2025;5124963;102926;Одежда;0;0;0;0.0;0.0;0.0;0.0;1.15;auto;search_card;15
315;20.10.2025;5124963;102926;Одежда;0;0;0;0.0;0.0;0.0;0.0;1.15;auto;recommendation;47
316;21.10.2025;5124963;102926;Одежда;0;0;0;0.0;0.0;0.0;0.0;1.15;auto;recommendation;170
317;22.10.2025;5124963;102926;Одежда;0;0;0;0.0;0.0;0.0;0.0;1.15;auto;recommendation;18
318;23.10.2025;5124963;102926;Одежда;0;0;0;0.0;0.0;0.0;0.0;1.15;retarget;slider;75
319;24.10.2025;5124963;102926;Одежда;0;0;0;0.0;0.0;0.0;0.0;1.15;auto;slider;7
320;25.10.2025;5124963;102926;Одежда;0;0;0;0.0;0.0;0.0;0.0;1.15;auto;recommendation;65
321;26.10.2025;5124963;102926;Одежда;0;0;0;0.0;0.0;0.0;0.0;1.15;retarget;banner;109
322;27.10.2025;5124963;102926;Одежда;0;0;0;0.0;0.0;0.0;0.0;1.15;retarget;slider;54
323;28.10.2025;5124963;102926;Одежда;0;0;0;0.0;0.0;0.0;0.0;1.15;auto;search_card;28
324;29.10.2025;5124963;102926;Одежда;0;0;0;0.0;0.0;0.0;0.0;1.15;auto;slider;60
325;30.10.2025;5124963;102926;Одежда;0;0;0;0.0;0.0;0.0;0.0;1.15;auto;slider;56
326;31.10.2025;5124963;102926;Одежда;0;0;0;0.0;0.0;0.0;0.0;1.15;category;slider;145
327;01.11.2025;5124963;102926;Одежда;0;0;0;0.0;0.0;0.0;0.0;1.15;retarget;banner;53
328;02.11.2025;5124963;102926;Одежда;8;0;0;0.0;0.0;207.78;0.0;1.15;auto;search_card;22
329;03.11.2025;5124963;102926;Одежда;0;0;0;0.0;0.0;0.0;0.0;1.15;auto;banner;31
330;04.11.2025;5124963;102926;Одежда;0;0;0;0.0;0.0;0.0;0.0;1.15;category;recommendation;46
331;05.11.2025;5124963;102926;Одежда;0;0;0;0.0;0.0;0.0;0.0;1.15;category;recommendation;124
332;06.11.2025;5124963;102926;Одежда;0;0;0;0.0;0.0;0.0;0.0;1.15;manual;slider;69
333;07.11.2025;5124963;102926;Одежда;0;0;0;0.0;0.0;0.0;0.0;1.15;manual;slider;12
334;08.11.2025;5124963;102926;Одежда;0;0;0;0.0;0.0;0.0;0.0;1.15;category;search_card;59
335;09.11.2025;5124963;102926;Одежда;0;0;0;0.0;0.0;0.0;0.0;1.15;auto;banner;70
336;10.11.2025;5124963;102926;Одежда;0;0;0;0.0;0.0;0.0;0.0;1.15;manual;slider;12
337;11.11.2025;5124963;102926;Одежда;0;0;0;0.0;0.0;0.0;0.0;1.15;auto;search_card;42
338;12.11.2025;5124963;102926;Одежда;0;0;0;0.0;0.0;0.0;0.0;1.15;auto;banner;18
339;13.11.2025;5124963;102926;Одежда;0;0;0;0.0;0.0;0.0;0.0;1.15;unknown;slider;11
340;14.11.2025;5124963;102926;Одежда;0;0;0;0.0;0.0;0.0;0.0;1.15;manual;slider;4
341;15.11.2025;5124963;102926;Одежда;0;0;0;0.0;0.0;0.0;0.0;1.15;manual;search_card;68
342;16.11.2025;5124963;102926;Одежда;0;0;0;0.0;0.0;0.0;0.0;1.15;auto;recommendation;0
343;17.11.2025;5124963;102926;Одежда;0;0;0;0.0;0.0;0.0;0.0;1.15;manual;search_card;35
344;18.11.2025;5124963;102926;Одежда;0;0;0;0.0;0.0;0.0;0.0;1.15;manual;search_card;43
345;19.11.2025;5124963;102926;Одежда;0;0;0;0.0;0.0;0.0;0.0;1.15;auto;slider;60
346;20.11.2025;5124963;102926;Одежда;0;0;0;0.0;0.0;0.0;0.0;1.15;auto;recommendation;8
347;21.11.2025;5124963;102926;Одежда;0;0;0;0.0;0.0;0.0;0.0;1.15;auto;search_card;30
348;22.11.2025;5124963;102926;Одежда;0;0;0;0.0;0.0;0.0;0.0;1.15;unknown;banner;2
349;23.11.2025;5124963;102926;Одежда;0;0;0;0.0;0.0;0.0;0.0;1.15;retarget;banner;181
350;24.11.2025;5124963;102926;Одежда;0;0;0;0.0;0.0;0.0;0.0;1.15;retarget;slider;9
351;25.11.2025;5124963;102926;Одежда;0;0;0;0.0;0.0;0.0;0.0;1.15;retarget;slider;35
352;26.11.2025;5124963;102926;Одежда;0;0;0;0.0;0.0;0.0;0.0;1.15;unknown;slider;24
353;27.11.2025;5124963;102926;Одежда;0;0;0;0.0;0.0;0.0;0.0;1.15;auto;recommendation;67
354;28.11.2025;5124963;102926;Одежда;0;0;0;0.0;0.0;0.0;0.0;1.15;manual;recommendation;49
355;29.11.2025;5124963;102926;Одежда;0;0;0;0.0;0.0;0.0;0.0;1.15;manual;search_card;68
356;30.11.2025;5124963;102926;Одежда;0;0;0;0.0;0.0;0.0;0.0;1.15;manual;search_card;1
357;01.12.2025;5124963;102926;Одежда;0;0;0;0.0;0.0;0.0;0.0;1.15;manual;search_card;45
358;02.12.2025;5124963;102926;Одежда;0;0;0;0.0;0.0;0.0;0.0;1.15;manual;banner;112
359;03.12.2025;5124963;102926;Одежда;0;0;0;0.0;0.0;0.0;0.0;1.15;manual;banner;94
360;04.12.2025;5124963;102926;Одежда;0;0;0;0.0;0.0;0.0;0.0;1.15;auto;search_card;47
361;05.12.2025;5124963;102926;Одежда;0;0;0;0.0;0.0;0.0;0.0;1.15;auto;search_card;4
362;06.12.2025;5124963;102926;Одежда;0;0;0;0.0;0.0;0.0;0.0;1.15;manual;search_card;29
363;07.12.2025;5124963;102926;Одежда;0;0;0;0.0;0.0;0.0;0.0;1.15;manual;recommendation;26
364;08.12.2025;5124963;102926;Одежда;0;0;0;0.0;0.0;0.0;0.0;1.15;auto;search_card;23
365;09.12.2025;5124963;102926;Одежда;0;0;0;0.0;0.0;0.0;0.0;1.15;auto;slider;16
366;10.12.2025;5124963;102926;Одежда;0;0;0;0.0;0.0;0.0;0.0;1.15;auto;slider;41
367;11.12.2025;5124963;102926;Одежда;0;0;0;0.0;0.0;0.0;0.0;1.15;manual;search_card;19
368;12.12.2025;5124963;102926;Одежда;0;0;0;0.0;0.0;0.0;0.0;1.15;auto;search_card;5
369;13.12.2025;5124963;102926;Одежда;0;0;0;0.0;0.0;0.0;0.0;1.15;auto;recommendation;22
370;14.12.2025;5124963;102926;Одежда;0;0;0;0.0;0.0;0.0;0.0;1.15;auto;slider;11
371;15.12.2025;5124963;102926;Одежда;0;0;0;0.0;0.0;0.0;0.0;1.15;auto;banner;50
372;16.12.2025;5124963;102926;Одежда;0;0;0;0.0;0.0;0.0;0.0;1.15;auto;search_card;40
373;17.12.2025;5124963;102926;Одежда;0;0;0;0.0;0.0;0.0;0.0;1.15;unknown;slider;5
374;18.12.2025;5124963;102926;Одежда;0;0;0;0.0;0.0;0.0;0.0;1.15;manual;search_card;37
375;19.12.2025;5124963;102926;Одежда;0;0;0;0.0;0.0;0.0;0.0;1.15;auto;recommendation;4
376;20.12.2025;5124963;102926;Одежда;4;0;0;0.0;0.0;132.79;0.0;1.15;manual;banner;12
377;21.12.2025;5124963;102926;Одежда;0;0;0;0.0;0.0;0.0;0.0;1.15;manual;banner;45
378;22.12.2025;5124963;102926;Одежда;0;0;0;0.0;0.0;0.0;0.0;1.15;manual;banner;67
379;23.12.2025;5124963;102926;Одежда;0;0;0;0.0;0.0;0.0;0.0;1.15;category;search_card;63
380;24.12.2025;5124963;102926;Одежда;0;0;0;0.0;0.0;0.0;0.0;1.15;manual;banner;70
381;25.12.2025;5124963;102926;Одежда;0;0;0;0.0;0.0;0.0;0.0;1.15;auto;banner;57
382;26.12.2025;5124963;102926;Одежда;0;0;0;0.0;0.0;0.0;0.0;1.15;category;search_card;51
383;27.12.2025;5124963;102926;Одежда;0;0;0;0.0;0.0;0.0;0.0;1.15;category;banner;19
384;28.12.2025;5124963;102926;Одежда;0;0;0;0.0;0.0;0.0;0.0;1.15;unknown;slider;25
385;29.12.2025;5124963;102926;Одежда;0;0;0;0.0;0.0;0.0;0.0;1.15;category;banner;21
386;30.12.2025;5124963;102926;Одежда;0;0;0;0.0;0.0;0.0;0.0;1.15;manual;search_card;6
387;31.12.2025;5124963;102926;Одежда;0;0;0;0.0;0.0;0.0;0.0;1.15;auto;search_card;75
388;01.01.2026;5124963;102926;Одежда;0;0;0;0.0;0.0;0.0;0.0;1.15;manual;banner;5
389;02.01.2026;5124963;102926;Одежда;0;0;0;0.0;0.0;0.0;0.0;1.15;manual;slider;96
390;03.01.2026;5124963;102926;Одежда;0;0;0;0.0;0.0;0.0;0.0;1.15;auto;recommendation;5
391;04.01.2026;5124963;102926;Одежда;0;0;0;0.0;0.0;0.0;0.0;1.15;auto;search_card;98
392;05.01.2026;5124963;102926;Одежда;0;0;0;0.0;0.0;0.0;0.0;1.15;auto;slider;34
393;06.01.2026;5124963;102926;Одежда;0;0;0;0.0;0.0;0.0;0.0;1.15;manual;search_card;181
394;07.01.2026;5124963;102926;Одежда;0;0;0;0.0;0.0;0.0;0.0;1.15;auto;search_card;2
395;08.01.2026;5124963;102926;Одежда;0;0;0;0.0;0.0;0.0;0.0;1.15;auto;slider;9
396;09.01.2026;5124963;102926;Одежда;0;0;0;0.0;0.0;0.0;0.0;1.15;auto;slider;92
397;10.01.2026;5124963;102926;Одежда;0;0;0;0.0;0.0;0.0;0.0;1.15;manual;slider;17
398;11.01.2026;5124963;102926;Одежда;0;0;0;0.0;0.0;0.0;0.0;1.15;auto;banner;147
399;12.01.2026;5124963;102926;Одежда;0;0;0;0.0;0.0;0.0;0.0;1.15;manual;slider;1
400;13.01.2026;5124963;102926;Одежда;0;0;0;0.0;0.0;0.0;0.0;1.15;category;search_card;36
401;14.01.2026;5124963;102926;Одежда;0;0;0;0.0;0.0;0.0;0.0;1.15;auto;search_card;162
402;15.01.2026;5124963;102926;Одежда;0;0;0;0.0;0.0;0.0;0.0;1.15;auto;search_card;27
403;16.01.2026;5124963;102926;Одежда;0;0;0;0.0;0.0;0.0;0.0;1.15;manual;banner;51
404;17.01.2026;5124963;102926;Одежда;0;0;0;0.0;0.0;0.0;0.0;1.15;auto;search_card;111
405;18.01.2026;5124963;102926;Одежда;0;0;0;0.0;0.0;0.0;0.0;1.15;category;slider;15
406;19.01.2026;5124963;102926;Одежда;0;0;0;0.0;0.0;0.0;0.0;1.15;retarget;slider;73
407;20.01.2026;5124963;102926;Одежда;0;0;0;0.0;0.0;0.0;0.0;1.15;auto;slider;43
408;21.01.2026;5124963;102926;Одежда;0;0;0;0.0;0.0;0.0;0.0;1.15;manual;banner;1
409;22.01.2026;5124963;102926;Одежда;0;0;0;0.0;0.0;0.0;0.0;1.15;auto;recommendation;41
410;23.01.2026;5124963;102926;Одежда;0;0;0;0.0;0.0;0.0;0.0;1.15;manual;banner;13
411;24.01.2026;5124963;102926;Одежда;0;0;0;0.0;0.0;0.0;0.0;1.15;auto;banner;86
412;25.01.2026;5124963;102926;Одежда;0;0;0;0.0;0.0;0.0;0.0;1.15;manual;recommendation;0
413;26.01.2026;5124963;102926;Одежда;0;0;0;0.0;0.0;0.0;0.0;1.15;retarget;slider;161
414;27.01.2026;5124963;102926;Одежда;0;0;0;0.0;0.0;0.0;0.0;1.15;auto;recommendation;12
415;28.01.2026;5124963;102926;Одежда;0;0;0;0.0;0.0;0.0;0.0;1.15;manual;banner;31
416;29.01.2026;5124963;102926;Одежда;0;0;0;0.0;0.0;0.0;0.0;1.15;auto;search_card;159
417;30.01.2026;5124963;102926;Одежда;0;0;0;0.0;0.0;0.0;0.0;1.15;unknown;banner;59
418;31.01.2026;5124963;102926;Одежда;0;0;0;0.0;0.0;0.0;0.0;1.15;unknown;search_card;3
419;01.02.2026;5124963;102926;Одежда;0;0;0;0.0;0.0;0.0;0.0;1.15;manual;banner;10
420;02.02.2026;5124963;102926;Одежда;0;0;0;0.0;0.0;0.0;0.0;1.15;auto;search_card;33
421;03.02.2026;5124963;102926;Одежда;0;0;0;0.0;0.0;0.0;0.0;1.15;retarget;banner;37
422;04.02.2026;5124963;102926;Одежда;0;0;0;0.0;0.0;0.0;0.0;1.15;auto;recommendation;11
423;05.02.2026;5124963;102926;Одежда;0;0;0;0.0;0.0;0.0;0.0;1.15;manual;slider;7
424;06.02.2026;5124963;102926;Одежда;0;0;0;0.0;0.0;0.0;0.0;1.15;unknown;banner;112
425;07.02.2026;5124963;102926;Одежда;0;0;0;0.0;0.0;0.0;0.0;1.15;category;search_card;102
426;08.02.2026;5124963;102926;Одежда;0;0;0;0.0;0.0;0.0;0.0;1.15;retarget;recommendation;70
427;09.02.2026;5124963;102926;Одежда;0;0;0;0.0;0.0;0.0;0.0;1.15;manual;recommendation;10
428;10.02.2026;5124963;102926;Одежда;0;0;0;0.0;0.0;0.0;0.0;1.15;auto;search_card;52
429;11.02.2026;5124963;102926;Одежда;0;0;0;0.0;0.0;0.0;0.0;1.15;manual;recommendation;12
430;12.02.2026;5124963;102926;Одежда;0;0;0;0.0;0.0;0.0;0.0;1.15;category;banner;15
431;13.02.2026;5124963;102926;Одежда;0;0;0;0.0;0.0;0.0;0.0;1.15;manual;recommendation;48
432;14.02.2026;5124963;102926;Одежда;0;0;0;0.0;0.0;0.0;0.0;1.15;auto;search_card;8
433;15.02.2026;5124963;102926;Одежда;0;0;0;0.0;0.0;0.0;0.0;1.15;auto;recommendation;30
434;16.02.2026;5124963;102926;Одежда;0;0;0;0.0;0.0;0.0;0.0;1.15;manual;banner;66
435;17.02.2026;5124963;102926;Одежда;0;0;0;0.0;0.0;0.0;0.0;1.15;retarget;slider;114
436;18.02.2026;5124963;102926;Одежда;0;0;0;0.0;0.0;0.0;0.0;1.15;unknown;slider;9
437;19.02.2026;5124963;102926;Одежда;0;0;0;0.0;0.0;0.0;0.0;1.15;manual;search_card;82
438;20.02.2026;5124963;102926;Одежда;0;0;0;0.0;0.0;0.0;0.0;1.15;auto;banner;61
439;21.02.2026;5124963;102926;Одежда;0;0;0;0.0;0.0;0.0;0.0;1.15;auto;slider;44
440;22.02.2026;5124963;102926;Одежда;0;0;0;0.0;0.0;0.0;0.0;1.15;category;recommendation;24
441;23.02.2026;5124963;102926;Одежда;0;0;0;0.0;0.0;0.0;0.0;1.15;category;recommendation;87
442;24.02.2026;5124963;102926;Одежда;0;0;0;0.0;0.0;0.0;0.0;1.15;auto;recommendation;122
443;25.02.2026;5124963;102926;Одежда;0;0;0;0.0;0.0;0.0;0.0;1.15;manual;search_card;35
444;26.02.2026;5124963;102926;Одежда;0;0;0;0.0;0.0;0.0;0.0;1.15;auto;search_card;27
445;27.02.2026;5124963;102926;Одежда;0;0;0;0.0;0.0;0.0;0.0;1.15;manual;recommendation;28
446;28.02.2026;5124963;102926;Одежда;0;0;0;0.0;0.0;0.0;0.0;1.15;auto;recommendation;145
447;01.03.2026;5124963;102926;Одежда;0;0;0;0.0;0.0;0.0;0.0;1.15;unknown;search_card;62
448;02.03.2026;5124963;102926;Одежда;0;0;0;0.0;0.0;0.0;0.0;1.15;auto;banner;99
449;03.03.2026;5124963;102926;Одежда;0;0;0;0.0;0.0;0.0;0.0;1.15;manual;banner;5
450;04.03.2026;5124963;102926;Одежда;0;0;0;0.0;0.0;0.0;0.0;1.15;unknown;search_card;47
451;05.03.2026;5124963;102926;Одежда;0;0;0;0.0;0.0;0.0;0.0;1.15;manual;recommendation;90
452;06.03.2026;5124963;102926;Одежда;0;0;0;0.0;0.0;0.0;0.0;1.15;auto;search_card;13
453;07.03.2026;5124963;102926;Одежда;0;0;0;0.0;0.0;0.0;0.0;1.15;manual;search_card;3
454;08.03.2026;5124963;102926;Одежда;0;0;0;0.0;0.0;0.0;0.0;1.15;retarget;slider;8
455;09.03.2026;5124963;102926;Одежда;0;0;0;0.0;0.0;0.0;0.0;1.15;category;recommendation;92
456;10.03.2026;5124963;102926;Одежда;0;0;0;0.0;0.0;0.0;0.0;1.15;auto;recommendation;126
457;11.03.2026;5124963;102926;Одежда;0;0;0;0.0;0.0;0.0;0.0;1.15;manual;search_card;99
458;12.03.2026;5124963;102926;Одежда;0;0;0;0.0;0.0;0.0;0.0;1.15;auto;banner;20
459;13.03.2026;5124963;102926;Одежда;0;0;0;0.0;0.0;0.0;0.0;1.15;manual;recommendation;149
460;14.03.2026;5124963;102926;Одежда;0;0;0;0.0;0.0;0.0;0.0;1.15;retarget;search_card;61
461;15.03.2026;5124963;102926;Одежда;0;0;0;0.0;0.0;0.0;0.0;1.15;manual;banner;11
462;16.03.2026;5124963;102926;Одежда;0;0;0;0.0;0.0;0.0;0.0;1.15;manual;search_card;48
463;17.03.2026;5124963;102926;Одежда;0;0;0;0.0;0.0;0.0;0.0;1.15;auto;search_card;83
464;18.03.2026;5124963;102926;Одежда;0;0;0;0.0;0.0;0.0;0.0;1.15;category;recommendation;74
465;19.03.2026;5124963;102926;Одежда;0;0;0;0.0;0.0;0.0;0.0;1.15;auto;slider;45
466;20.03.2026;5124963;102926;Одежда;0;0;0;0.0;0.0;0.0;0.0;1.15;auto;slider;90
467;21.03.2026;5124963;102926;Одежда;0;0;0;0.0;0.0;0.0;0.0;1.15;auto;search_card;12
468;22.03.2026;5124963;102926;Одежда;0;0;0;0.0;0.0;0.0;0.0;1.15;auto;slider;75
469;23.03.2026;5124963;102926;Одежда;0;0;0;0.0;0.0;0.0;0.0;1.15;retarget;banner;4
470;24.03.2026;5124963;102926;Одежда;0;0;0;0.0;0.0;0.0;0.0;1.15;auto;slider;3
471;25.03.2026;5124963;102926;Одежда;0;0;0;0.0;0.0;0.0;0.0;1.15;retarget;recommendation;2
472;26.03.2026;5124963;102926;Одежда;0;0;0;0.0;0.0;0.0;0.0;1.15;manual;slider;20
473;27.03.2026;5124963;102926;Одежда;0;0;0;0.0;0.0;0.0;0.0;1.15;manual;recommendation;14
474;28.03.2026;5124963;102926;Одежда;0;0;0;0.0;0.0;0.0;0.0;1.15;retarget;recommendation;110
475;29.03.2026;5124963;102926;Одежда;0;0;0;0.0;0.0;0.0;0.0;1.15;retarget;search_card;56
476;30.03.2026;5124963;102926;Одежда;0;0;0;0.0;0.0;0.0;0.0;1.15;auto;search_card;42
477;31.03.2026;5124963;102926;Одежда;0;0;0;0.0;0.0;0.0;0.0;1.15;unknown;search_card;114
478;01.04.2026;5124963;102926;Одежда;0;0;0;0.0;0.0;0.0;0.0;1.15;auto;banner;59
479;02.04.2026;5124963;102926;Одежда;0;0;0;0.0;0.0;0.0;0.0;1.15;retarget;slider;75
480;03.04.2026;5124963;102926;Одежда;0;0;0;0.0;0.0;0.0;0.0;1.15;auto;search_card;22
481;04.04.2026;5124963;102926;Одежда;0;0;0;0.0;0.0;0.0;0.0;1.15;manual;slider;54
482;05.04.2026;5124963;102926;Одежда;0;0;0;0.0;0.0;0.0;0.0;1.15;retarget;search_card;11
483;06.04.2026;5124963;102926;Одежда;0;0;0;0.0;0.0;0.0;0.0;1.15;manual;slider;30
484;07.04.2026;5124963;102926;Одежда;0;0;0;0.0;0.0;0.0;0.0;1.15;manual;banner;27
485;08.04.2026;5124963;102926;Одежда;0;0;0;0.0;0.0;0.0;0.0;1.15;manual;slider;5
486;09.04.2026;5124963;102926;Одежда;0;0;0;0.0;0.0;0.0;0.0;1.15;auto;search_card;12
487;10.04.2026;5124963;102926;Одежда;0;0;0;0.0;0.0;0.0;0.0;1.15;unknown;recommendation;14
488;11.04.2026;5124963;102926;Одежда;0;0;0;0.0;0.0;0.0;0.0;1.15;auto;recommendation;17
489;12.04.2026;5124963;102926;Одежда;0;0;0;0.0;0.0;0.0;0.0;1.15;auto;banner;63
490;13.04.2026;5124963;102926;Одежда;0;0;0;0.0;0.0;0.0;0.0;1.15;auto;search_card;139
491;14.04.2026;5124963;102926;Одежда;0;0;0;0.0;0.0;0.0;0.0;1.15;auto;banner;33
492;15.04.2026;5124963;102926;Одежда;0;0;0;0.0;0.0;0.0;0.0;1.15;auto;search_card;46
493;16.04.2026;5124963;102926;Одежда;0;0;0;0.0;0.0;0.0;0.0;1.15;manual;banner;7
494;17.04.2026;5124963;102926;Одежда;0;0;0;0.0;0.0;0.0;0.0;1.15;manual;search_card;36
495;18.04.2026;5124963;102926;Одежда;0;0;0;0.0;0.0;0.0;0.0;1.15;auto;banner;8
496;19.04.2026;5124963;102926;Одежда;0;0;0;0.0;0.0;0.0;0.0;1.15;retarget;recommendation;12
497;20.04.2026;5124963;102926;Одежда;0;0;0;0.0;0.0;0.0;0.0;1.15;auto;banner;15
498;21.04.2026;5124963;102926;Одежда;0;0;0;0.0;0.0;0.0;0.0;1.15;retarget;search_card;245
499;22.04.2026;5124963;102926;Одежда;0;0;0;0.0;0.0;0.0;0.0;1.15;auto;search_card;179
500;23.04.2026;5124963;102926;Одежда;0;0;0;0.0;0.0;0.0;0.0;1.15;manual;slider;45
501;24.04.2026;5124963;102926;Одежда;0;0;0;0.0;0.0;0.0;0.0;1.15;manual;banner;83
502;25.04.2026;5124963;102926;Одежда;0;0;0;0.0;0.0;0.0;0.0;1.15;category;slider;97
503;26.04.2026;5124963;102926;Одежда;0;0;0;0.0;0.0;0.0;0.0;1.15;retarget;slider;42
504;27.04.2026;5124963;102926;Одежда;0;0;0;0.0;0.0;0.0;0.0;1.15;manual;banner;5
505;28.04.2026;5124963;102926;Одежда;0;0;0;0.0;0.0;0.0;0.0;1.15;manual;search_card;24
506;29.04.2026;5124963;102926;Одежда;0;0;0;0.0;0.0;0.0;0.0;1.15;auto;search_card;53
507;30.04.2026;5124963;102926;Одежда;0;0;0;0.0;0.0;0.0;0.0;1.15;retarget;slider;49
508;01.05.2026;5124963;102926;Одежда;0;0;0;0.0;0.0;0.0;0.0;1.15;retarget;slider;120
509;08.04.2026;5053458;101267;Обувь;0;0;0;0.0;0.0;0.0;0.0;1.2;auto;slider;148
510;09.04.2026;5053458;101267;Обувь;0;0;0;0.0;0.0;0.0;0.0;1.2;manual;search_card;21
511;10.04.2026;5053458;101267;Обувь;0;0;0;0.0;0.0;0.0;0.0;1.2;auto;banner;48
512;11.04.2026;5053458;101267;Обувь;10;1;0;0.0;1.52;151.96;1.52;1.2;unknown;search_card;1
513;12.04.2026;5053458;101267;Обувь;0;0;0;0.0;0.0;0.0;0.0;1.2;manual;search_card;4
514;13.04.2026;5053458;101267;Обувь;0;0;0;0.0;0.0;0.0;0.0;1.2;manual;recommendation;6
515;14.04.2026;5053458;101267;Обувь;0;0;0;0.0;0.0;0.0;0.0;1.2;manual;slider;63
516;15.04.2026;5053458;101267;Обувь;0;0;0;0.0;0.0;0.0;0.0;1.2;auto;slider;20
517;16.04.2026;5053458;101267;Обувь;0;0;0;0.0;0.0;0.0;0.0;1.2;retarget;slider;15
518;17.04.2026;5053458;101267;Обувь;0;0;0;0.0;0.0;0.0;0.0;1.2;manual;slider;25
519;18.04.2026;5053458;101267;Обувь;0;0;0;0.0;0.0;0.0;0.0;1.2;auto;search_card;36
520;19.04.2026;5053458;101267;Обувь;0;0;0;0.0;0.0;0.0;0.0;1.2;manual;search_card;6
521;20.04.2026;5053458;101267;Обувь;0;0;0;0.0;0.0;0.0;0.0;1.2;auto;banner;19
522;21.04.2026;5053458;101267;Обувь;0;0;0;0.0;0.0;0.0;0.0;1.2;auto;search_card;55
523;22.04.2026;5053458;101267;Обувь;0;0;0;0.0;0.0;0.0;0.0;1.2;manual;search_card;45
524;23.04.2026;5053458;101267;Обувь;0;0;0;0.0;0.0;0.0;0.0;1.2;unknown;search_card;11
525;24.04.2026;5053458;101267;Обувь;15;0;0;0.0;0.0;105.77;0.0;1.2;auto;recommendation;0
526;25.04.2026;5053458;101267;Обувь;55;3;1;1518.38;2.17;72.27;2.17;1.2;manual;slider;70
527;26.04.2026;5053458;101267;Обувь;0;0;0;0.0;0.0;0.0;0.0;1.2;manual;slider;23
528;27.04.2026;5053458;101267;Обувь;0;0;0;0.0;0.0;0.0;0.0;1.2;category;slider;95
529;28.04.2026;5053458;101267;Обувь;0;0;0;0.0;0.0;0.0;0.0;1.2;manual;search_card;92
530;29.04.2026;5053458;101267;Обувь;0;0;0;0.0;0.0;0.0;0.0;1.2;manual;slider;30
531;30.04.2026;5053458;101267;Обувь;0;0;0;0.0;0.0;0.0;0.0;1.2;manual;search_card;60
532;01.05.2026;5053458;101267;Обувь;75;5;0;0.0;5.9;117.95;5.9;1.2;manual;recommendation;29
533;22.02.2025;5121227;102858;Дом;0;0;0;0.0;0.0;0.0;0.0;1.05;auto;banner;96
534;23.02.2025;5121227;102858;Дом;0;0;0;0.0;0.0;0.0;0.0;1.05;auto;slider;19
535;24.02.2025;5121227;102858;Дом;0;0;0;0.0;0.0;0.0;0.0;1.05;auto;search_card;0
536;25.02.2025;5121227;102858;Дом;0;0;0;0.0;0.0;0.0;0.0;1.05;category;search_card;23
537;26.02.2025;5121227;102858;Дом;9;0;0;0.0;0.0;183.59;0.0;1.05;auto;banner;43
538;27.02.2025;5121227;102858;Дом;0;0;0;0.0;0.0;0.0;0.0;1.05;auto;search_card;10
539;28.02.2025;5121227;102858;Дом;0;0;0;0.0;0.0;0.0;0.0;1.05;manual;banner;147
540;01.03.2025;5121227;102858;Дом;0;0;0;0.0;0.0;0.0;0.0;1.05;category;banner;30
541;02.03.2025;5121227;102858;Дом;0;0;0;0.0;0.0;0.0;0.0;1.05;auto;banner;29
542;03.03.2025;5121227;102858;Дом;0;0;0;0.0;0.0;0.0;0.0;1.05;manual;slider;6
543;04.03.2025;5121227;102858;Дом;0;0;0;0.0;0.0;0.0;0.0;1.05;auto;search_card;4
544;05.03.2025;5121227;102858;Дом;0;0;0;0.0;0.0;0.0;0.0;1.05;auto;banner;1
545;06.03.2025;5121227;102858;Дом;0;0;0;0.0;0.0;0.0;0.0;1.05;manual;slider;22
546;07.03.2025;5121227;102858;Дом;0;0;0;0.0;0.0;0.0;0.0;1.05;auto;search_card;7
547;08.03.2025;5121227;102858;Дом;0;0;0;0.0;0.0;0.0;0.0;1.05;manual;slider;13
548;09.03.2025;5121227;102858;Дом;0;0;0;0.0;0.0;0.0;0.0;1.05;manual;recommendation;7
549;10.03.2025;5121227;102858;Дом;18;0;0;0.0;0.0;92.41;0.0;1.05;manual;search_card;28
550;11.03.2025;5121227;102858;Дом;15;2;0;0.0;3.58;179.18;3.58;1.05;auto;search_card;91
551;12.03.2025;5121227;102858;Дом;0;0;0;0.0;0.0;0.0;0.0;1.05;manual;search_card;55
552;13.03.2025;5121227;102858;Дом;0;0;0;0.0;0.0;0.0;0.0;1.05;auto;search_card;0
553;14.03.2025;5121227;102858;Дом;0;0;0;0.0;0.0;0.0;0.0;1.05;manual;recommendation;44
554;15.03.2025;5121227;102858;Дом;0;0;0;0.0;0.0;0.0;0.0;1.05;manual;search_card;118
555;16.03.2025;5121227;102858;Дом;25;2;0;0.0;3.23;161.65;3.23;1.05;retarget;slider;63
556;17.03.2025;5121227;102858;Дом;0;0;0;0.0;0.0;0.0;0.0;1.05;unknown;search_card;22
557;18.03.2025;5121227;102858;Дом;0;0;0;0.0;0.0;0.0;0.0;1.05;category;slider;1
558;19.03.2025;5121227;102858;Дом;0;0;0;0.0;0.0;0.0;0.0;1.05;manual;slider;103
559;20.03.2025;5121227;102858;Дом;0;0;0;0.0;0.0;0.0;0.0;1.05;auto;search_card;63
560;21.03.2025;5121227;102858;Дом;34;1;0;0.0;1.33;133.06;1.33;1.05;auto;slider;95
561;22.03.2025;5121227;102858;Дом;16;0;0;0.0;0.0;155.9;0.0;1.05;category;slider;57
562;23.03.2025;5121227;102858;Дом;0;0;0;0.0;0.0;0.0;0.0;1.05;auto;search_card;20
563;24.03.2025;5121227;102858;Дом;0;0;0;0.0;0.0;0.0;0.0;1.05;category;banner;17
564;25.03.2025;5121227;102858;Дом;0;0;0;0.0;0.0;0.0;0.0;1.05;retarget;banner;46
565;26.03.2025;5121227;102858;Дом;0;0;0;0.0;0.0;0.0;0.0;1.05;retarget;search_card;25
566;27.03.2025;5121227;102858;Дом;0;0;0;0.0;0.0;0.0;0.0;1.05;retarget;banner;40
567;28.03.2025;5121227;102858;Дом;0;0;0;0.0;0.0;0.0;0.0;1.05;auto;banner;6
568;29.03.2025;5121227;102858;Дом;0;0;0;0.0;0.0;0.0;0.0;1.05;unknown;slider;7
569;30.03.2025;5121227;102858;Дом;0;0;0;0.0;0.0;0.0;0.0;1.05;auto;search_card;5
570;31.03.2025;5121227;102858;Дом;0;0;0;0.0;0.0;0.0;0.0;1.05;auto;banner;6
571;01.04.2025;5121227;102858;Дом;0;0;0;0.0;0.0;0.0;0.0;1.05;manual;slider;20
572;02.04.2025;5121227;102858;Дом;0;0;0;0.0;0.0;0.0;0.0;1.05;manual;banner;19
573;03.04.2025;5121227;102858;Дом;0;0;0;0.0;0.0;0.0;0.0;1.05;retarget;banner;73
574;04.04.2025;5121227;102858;Дом;28;1;1;1733.52;1.03;103.28;1.03;1.05;auto;slider;69
575;05.04.2025;5121227;102858;Дом;0;0;0;0.0;0.0;0.0;0.0;1.05;manual;search_card;8
576;06.04.2025;5121227;102858;Дом;0;0;0;0.0;0.0;0.0;0.0;1.05;manual;slider;34
577;07.04.2025;5121227;102858;Дом;0;0;0;0.0;0.0;0.0;0.0;1.05;auto;recommendation;24
578;08.04.2025;5121227;102858;Дом;0;0;0;0.0;0.0;0.0;0.0;1.05;retarget;recommendation;7
579;09.04.2025;5121227;102858;Дом;0;0;0;0.0;0.0;0.0;0.0;1.05;auto;search_card;46
580;10.04.2025;5121227;102858;Дом;18;0;0;0.0;0.0;92.97;0.0;1.05;auto;recommendation;30
581;11.04.2025;5121227;102858;Дом;0;0;0;0.0;0.0;0.0;0.0;1.05;auto;slider;82
582;12.04.2025;5121227;102858;Дом;29;1;0;0.0;1.74;174.25;1.74;1.05;manual;recommendation;3
583;13.04.2025;5121227;102858;Дом;0;0;0;0.0;0.0;0.0;0.0;1.05;manual;banner;0
584;14.04.2025;5121227;102858;Дом;27;3;0;0.0;2.74;91.21;2.74;1.05;retarget;slider;22
585;15.04.2025;5121227;102858;Дом;70;5;0;0.0;5.85;117.09;5.85;1.05;category;search_card;5
586;16.04.2025;5121227;102858;Дом;0;0;0;0.0;0.0;0.0;0.0;1.05;auto;search_card;34
587;17.04.2025;5121227;102858;Дом;0;0;0;0.0;0.0;0.0;0.0;1.05;auto;recommendation;5
588;18.04.2025;5121227;102858;Дом;0;0;0;0.0;0.0;0.0;0.0;1.05;auto;slider;8
589;19.04.2025;5121227;102858;Дом;0;0;0;0.0;0.0;0.0;0.0;1.05;retarget;slider;73
590;20.04.2025;5121227;102858;Дом;0;0;0;0.0;0.0;0.0;0.0;1.05;retarget;search_card;88
591;21.04.2025;5121227;102858;Дом;20;2;0;0.0;3.96;197.97;3.96;1.05;manual;search_card;63
592;22.04.2025;5121227;102858;Дом;0;0;0;0.0;0.0;0.0;0.0;1.05;auto;search_card;28
593;23.04.2025;5121227;102858;Дом;0;0;0;0.0;0.0;0.0;0.0;1.05;category;slider;21
594;24.04.2025;5121227;102858;Дом;0;0;0;0.0;0.0;0.0;0.0;1.05;auto;slider;46
595;25.04.2025;5121227;102858;Дом;0;0;0;0.0;0.0;0.0;0.0;1.05;manual;search_card;132
596;26.04.2025;5121227;102858;Дом;0;0;0;0.0;0.0;0.0;0.0;1.05;manual;banner;46
597;27.04.2025;5121227;102858;Дом;32;4;0;0.0;4.93;123.29;4.93;1.05;manual;slider;25
598;28.04.2025;5121227;102858;Дом;43;3;0;0.0;5.68;189.42;5.68;1.05;auto;search_card;20
599;29.04.2025;5121227;102858;Дом;0;0;0;0.0;0.0;0.0;0.0;1.05;auto;slider;7
600;30.04.2025;5121227;102858;Дом;0;0;0;0.0;0.0;0.0;0.0;1.05;category;search_card;51
601;01.05.2025;5121227;102858;Дом;15;1;0;0.0;1.26;125.59;1.26;1.05;auto;recommendation;161
602;02.05.2025;5121227;102858;Дом;0;0;0;0.0;0.0;0.0;0.0;1.05;category;banner;29
603;03.05.2025;5121227;102858;Дом;0;0;0;0.0;0.0;0.0;0.0;1.05;manual;slider;10
604;04.05.2025;5121227;102858;Дом;0;0;0;0.0;0.0;0.0;0.0;1.05;auto;banner;23
605;05.05.2025;5121227;102858;Дом;0;0;0;0.0;0.0;0.0;0.0;1.05;category;slider;27
606;06.05.2025;5121227;102858;Дом;0;0;0;0.0;0.0;0.0;0.0;1.05;manual;banner;28
607;07.05.2025;5121227;102858;Дом;0;0;0;0.0;0.0;0.0;0.0;1.05;category;banner;27
608;08.05.2025;5121227;102858;Дом;0;0;0;0.0;0.0;0.0;0.0;1.05;auto;slider;21
609;09.05.2025;5121227;102858;Дом;0;0;0;0.0;0.0;0.0;0.0;1.05;auto;slider;19
610;10.05.2025;5121227;102858;Дом;0;0;0;0.0;0.0;0.0;0.0;1.05;retarget;search_card;166
611;11.05.2025;5121227;102858;Дом;0;0;0;0.0;0.0;0.0;0.0;1.05;manual;slider;117
612;12.05.2025;5121227;102858;Дом;0;0;0;0.0;0.0;0.0;0.0;1.05;auto;search_card;62
613;13.05.2025;5121227;102858;Дом;0;0;0;0.0;0.0;0.0;0.0;1.05;unknown;search_card;23
614;14.05.2025;5121227;102858;Дом;31;0;0;0.0;0.0;91.75;0.0;1.05;auto;search_card;143
615;15.05.2025;5121227;102858;Дом;24;1;0;0.0;0.95;94.97;0.95;1.05;manual;slider;146
616;16.05.2025;5121227;102858;Дом;0;0;0;0.0;0.0;0.0;0.0;1.05;manual;recommendation;10
617;17.05.2025;5121227;102858;Дом;0;0;0;0.0;0.0;0.0;0.0;1.05;auto;banner;65
618;18.05.2025;5121227;102858;Дом;0;0;0;0.0;0.0;0.0;0.0;1.05;manual;search_card;6
619;19.05.2025;5121227;102858;Дом;0;0;0;0.0;0.0;0.0;0.0;1.05;auto;slider;107
620;20.05.2025;5121227;102858;Дом;0;0;0;0.0;0.0;0.0;0.0;1.05;manual;search_card;25
621;21.05.2025;5121227;102858;Дом;0;0;0;0.0;0.0;0.0;0.0;1.05;manual;search_card;19
622;22.05.2025;5121227;102858;Дом;0;0;0;0.0;0.0;0.0;0.0;1.05;manual;recommendation;15
623;23.05.2025;5121227;102858;Дом;0;0;0;0.0;0.0;0.0;0.0;1.05;manual;slider;2
624;24.05.2025;5121227;102858;Дом;0;0;0;0.0;0.0;0.0;0.0;1.05;manual;search_card;2
625;25.05.2025;5121227;102858;Дом;0;0;0;0.0;0.0;0.0;0.0;1.05;auto;search_card;52
626;26.05.2025;5121227;102858;Дом;22;0;0;0.0;0.0;56.79;0.0;1.05;unknown;search_card;97
627;27.05.2025;5121227;102858;Дом;0;0;0;0.0;0.0;0.0;0.0;1.05;auto;recommendation;32
628;28.05.2025;5121227;102858;Дом;0;0;0;0.0;0.0;0.0;0.0;1.05;manual;slider;41
629;29.05.2025;5121227;102858;Дом;9;1;0;0.0;1.33;133.17;1.33;1.05;auto;recommendation;16
630;30.05.2025;5121227;102858;Дом;0;0;0;0.0;0.0;0.0;0.0;1.05;auto;banner;48
631;31.05.2025;5121227;102858;Дом;0;0;0;0.0;0.0;0.0;0.0;1.05;retarget;search_card;2
632;01.06.2025;5121227;102858;Дом;7;0;0;0.0;0.0;171.41;0.0;1.05;auto;search_card;6
633;02.06.2025;5121227;102858;Дом;0;0;0;0.0;0.0;0.0;0.0;1.05;auto;search_card;1
634;03.06.2025;5121227;102858;Дом;0;0;0;0.0;0.0;0.0;0.0;1.05;manual;slider;11
635;04.06.2025;5121227;102858;Дом;0;0;0;0.0;0.0;0.0;0.0;1.05;manual;search_card;55
636;05.06.2025;5121227;102858;Дом;0;0;0;0.0;0.0;0.0;0.0;1.05;auto;slider;80
637;06.06.2025;5121227;102858;Дом;0;0;0;0.0;0.0;0.0;0.0;1.05;retarget;search_card;92
638;07.06.2025;5121227;102858;Дом;0;0;0;0.0;0.0;0.0;0.0;1.05;unknown;search_card;1
639;08.06.2025;5121227;102858;Дом;0;0;0;0.0;0.0;0.0;0.0;1.05;auto;slider;73
640;09.06.2025;5121227;102858;Дом;0;0;0;0.0;0.0;0.0;0.0;1.05;auto;slider;202
641;10.06.2025;5121227;102858;Дом;0;0;0;0.0;0.0;0.0;0.0;1.05;auto;recommendation;53
642;11.06.2025;5121227;102858;Дом;0;0;0;0.0;0.0;0.0;0.0;1.05;category;recommendation;4
643;12.06.2025;5121227;102858;Дом;0;0;0;0.0;0.0;0.0;0.0;1.05;auto;slider;65
644;13.06.2025;5121227;102858;Дом;0;0;0;0.0;0.0;0.0;0.0;1.05;unknown;recommendation;29
645;14.06.2025;5121227;102858;Дом;0;0;0;0.0;0.0;0.0;0.0;1.05;auto;recommendation;71
646;15.06.2025;5121227;102858;Дом;0;0;0;0.0;0.0;0.0;0.0;1.05;auto;search_card;112
647;16.06.2025;5121227;102858;Дом;0;0;0;0.0;0.0;0.0;0.0;1.05;auto;search_card;26
648;17.06.2025;5121227;102858;Дом;0;0;0;0.0;0.0;0.0;0.0;1.05;auto;search_card;15
649;18.06.2025;5121227;102858;Дом;0;0;0;0.0;0.0;0.0;0.0;1.05;category;banner;44
650;19.06.2025;5121227;102858;Дом;0;0;0;0.0;0.0;0.0;0.0;1.05;manual;recommendation;71
651;20.06.2025;5121227;102858;Дом;0;0;0;0.0;0.0;0.0;0.0;1.05;manual;search_card;125
652;21.06.2025;5121227;102858;Дом;12;0;0;0.0;0.0;194.49;0.0;1.05;category;recommendation;25
653;22.06.2025;5121227;102858;Дом;0;0;0;0.0;0.0;0.0;0.0;1.05;auto;banner;33
654;23.06.2025;5121227;102858;Дом;0;0;0;0.0;0.0;0.0;0.0;1.05;auto;recommendation;7
655;24.06.2025;5121227;102858;Дом;0;0;0;0.0;0.0;0.0;0.0;1.05;manual;slider;31
656;25.06.2025;5121227;102858;Дом;0;0;0;0.0;0.0;0.0;0.0;1.05;auto;banner;26
657;26.06.2025;5121227;102858;Дом;0;0;0;0.0;0.0;0.0;0.0;1.05;manual;search_card;85
658;27.06.2025;5121227;102858;Дом;0;0;0;0.0;0.0;0.0;0.0;1.05;retarget;search_card;2
659;28.06.2025;5121227;102858;Дом;0;0;0;0.0;0.0;0.0;0.0;1.05;retarget;search_card;26
660;29.06.2025;5121227;102858;Дом;0;0;0;0.0;0.0;0.0;0.0;1.05;auto;slider;29
661;30.06.2025;5121227;102858;Дом;0;0;0;0.0;0.0;0.0;0.0;1.05;manual;banner;1
662;01.07.2025;5121227;102858;Дом;0;0;0;0.0;0.0;0.0;0.0;1.05;manual;recommendation;62
663;02.07.2025;5121227;102858;Дом;0;0;0;0.0;0.0;0.0;0.0;1.05;auto;banner;9
664;03.07.2025;5121227;102858;Дом;0;0;0;0.0;0.0;0.0;0.0;1.05;category;recommendation;61
665;04.07.2025;5121227;102858;Дом;0;0;0;0.0;0.0;0.0;0.0;1.05;retarget;banner;82
666;05.07.2025;5121227;102858;Дом;0;0;0;0.0;0.0;0.0;0.0;1.05;retarget;search_card;30
667;06.07.2025;5121227;102858;Дом;0;0;0;0.0;0.0;0.0;0.0;1.05;manual;search_card;18
668;07.07.2025;5121227;102858;Дом;0;0;0;0.0;0.0;0.0;0.0;1.05;auto;banner;3
669;08.07.2025;5121227;102858;Дом;0;0;0;0.0;0.0;0.0;0.0;1.05;manual;recommendation;35
670;09.07.2025;5121227;102858;Дом;0;0;0;0.0;0.0;0.0;0.0;1.05;auto;banner;23
671;10.07.2025;5121227;102858;Дом;0;0;0;0.0;0.0;0.0;0.0;1.05;unknown;slider;27
672;11.07.2025;5121227;102858;Дом;0;0;0;0.0;0.0;0.0;0.0;1.05;manual;search_card;14
673;12.07.2025;5121227;102858;Дом;0;0;0;0.0;0.0;0.0;0.0;1.05;retarget;slider;19
674;13.07.2025;5121227;102858;Дом;0;0;0;0.0;0.0;0.0;0.0;1.05;unknown;recommendation;33
675;14.07.2025;5121227;102858;Дом;0;0;0;0.0;0.0;0.0;0.0;1.05;manual;banner;12
676;15.07.2025;5121227;102858;Дом;0;0;0;0.0;0.0;0.0;0.0;1.05;auto;recommendation;3
677;16.07.2025;5121227;102858;Дом;0;0;0;0.0;0.0;0.0;0.0;1.05;auto;slider;52
678;17.07.2025;5121227;102858;Дом;0;0;0;0.0;0.0;0.0;0.0;1.05;category;slider;5
679;18.07.2025;5121227;102858;Дом;0;0;0;0.0;0.0;0.0;0.0;1.05;retarget;slider;83
680;19.07.2025;5121227;102858;Дом;0;0;0;0.0;0.0;0.0;0.0;1.05;category;banner;92
681;20.07.2025;5121227;102858;Дом;0;0;0;0.0;0.0;0.0;0.0;1.05;auto;search_card;26
682;21.07.2025;5121227;102858;Дом;0;0;0;0.0;0.0;0.0;0.0;1.05;auto;slider;72
683;22.07.2025;5121227;102858;Дом;0;0;0;0.0;0.0;0.0;0.0;1.05;auto;slider;6
684;23.07.2025;5121227;102858;Дом;0;0;0;0.0;0.0;0.0;0.0;1.05;category;recommendation;17
685;24.07.2025;5121227;102858;Дом;0;0;0;0.0;0.0;0.0;0.0;1.05;auto;search_card;25
686;25.07.2025;5121227;102858;Дом;0;0;0;0.0;0.0;0.0;0.0;1.05;manual;slider;2
687;26.07.2025;5121227;102858;Дом;0;0;0;0.0;0.0;0.0;0.0;1.05;auto;banner;11
688;27.07.2025;5121227;102858;Дом;0;0;0;0.0;0.0;0.0;0.0;1.05;manual;search_card;17
689;28.07.2025;5121227;102858;Дом;0;0;0;0.0;0.0;0.0;0.0;1.05;auto;banner;57
690;29.07.2025;5121227;102858;Дом;0;0;0;0.0;0.0;0.0;0.0;1.05;manual;search_card;28
691;30.07.2025;5121227;102858;Дом;22;0;0;0.0;0.0;49.97;0.0;1.05;auto;slider;30
692;31.07.2025;5121227;102858;Дом;0;0;0;0.0;0.0;0.0;0.0;1.05;auto;banner;25
693;01.08.2025;5121227;102858;Дом;0;0;0;0.0;0.0;0.0;0.0;1.05;auto;search_card;105
694;02.08.2025;5121227;102858;Дом;0;0;0;0.0;0.0;0.0;0.0;1.05;auto;slider;90
695;03.08.2025;5121227;102858;Дом;0;0;0;0.0;0.0;0.0;0.0;1.05;category;slider;21
696;04.08.2025;5121227;102858;Дом;0;0;0;0.0;0.0;0.0;0.0;1.05;manual;search_card;22
697;05.08.2025;5121227;102858;Дом;0;0;0;0.0;0.0;0.0;0.0;1.05;manual;slider;60
698;06.08.2025;5121227;102858;Дом;0;0;0;0.0;0.0;0.0;0.0;1.05;category;slider;86
699;07.08.2025;5121227;102858;Дом;0;0;0;0.0;0.0;0.0;0.0;1.05;manual;recommendation;7
700;08.08.2025;5121227;102858;Дом;0;0;0;0.0;0.0;0.0;0.0;1.05;auto;recommendation;27
701;09.08.2025;5121227;102858;Дом;0;0;0;0.0;0.0;0.0;0.0;1.05;manual;banner;3
702;10.08.2025;5121227;102858;Дом;0;0;0;0.0;0.0;0.0;0.0;1.05;auto;banner;64
703;11.08.2025;5121227;102858;Дом;13;1;0;0.0;0.49;48.72;0.49;1.05;category;slider;29
704;12.08.2025;5121227;102858;Дом;6;0;0;0.0;0.0;131.82;0.0;1.05;manual;search_card;104
705;13.08.2025;5121227;102858;Дом;0;0;0;0.0;0.0;0.0;0.0;1.05;manual;slider;5
706;14.08.2025;5121227;102858;Дом;0;0;0;0.0;0.0;0.0;0.0;1.05;manual;slider;2
707;15.08.2025;5121227;102858;Дом;5;1;0;0.0;1.02;102.27;1.02;1.05;auto;search_card;27
708;16.08.2025;5121227;102858;Дом;0;0;0;0.0;0.0;0.0;0.0;1.05;auto;slider;24
709;17.08.2025;5121227;102858;Дом;0;0;0;0.0;0.0;0.0;0.0;1.05;manual;slider;15
710;18.08.2025;5121227;102858;Дом;0;0;0;0.0;0.0;0.0;0.0;1.05;manual;search_card;9
711;19.08.2025;5121227;102858;Дом;0;0;0;0.0;0.0;0.0;0.0;1.05;unknown;search_card;7
712;20.08.2025;5121227;102858;Дом;0;0;0;0.0;0.0;0.0;0.0;1.05;auto;slider;1
713;21.08.2025;5121227;102858;Дом;0;0;0;0.0;0.0;0.0;0.0;1.05;retarget;search_card;154
714;22.08.2025;5121227;102858;Дом;0;0;0;0.0;0.0;0.0;0.0;1.05;unknown;slider;37
715;23.08.2025;5121227;102858;Дом;0;0;0;0.0;0.0;0.0;0.0;1.05;manual;banner;17
716;24.08.2025;5121227;102858;Дом;0;0;0;0.0;0.0;0.0;0.0;1.05;category;slider;52
717;25.08.2025;5121227;102858;Дом;0;0;0;0.0;0.0;0.0;0.0;1.05;unknown;search_card;34
718;26.08.2025;5121227;102858;Дом;0;0;0;0.0;0.0;0.0;0.0;1.05;auto;search_card;57
719;27.08.2025;5121227;102858;Дом;0;0;0;0.0;0.0;0.0;0.0;1.05;auto;search_card;50
720;28.08.2025;5121227;102858;Дом;0;0;0;0.0;0.0;0.0;0.0;1.05;manual;banner;62
721;29.08.2025;5121227;102858;Дом;0;0;0;0.0;0.0;0.0;0.0;1.05;auto;recommendation;29
722;30.08.2025;5121227;102858;Дом;0;0;0;0.0;0.0;0.0;0.0;1.05;manual;banner;24
723;31.08.2025;5121227;102858;Дом;0;0;0;0.0;0.0;0.0;0.0;1.05;manual;search_card;65
724;01.09.2025;5121227;102858;Дом;0;0;0;0.0;0.0;0.0;0.0;1.05;manual;search_card;50
725;02.09.2025;5121227;102858;Дом;0;0;0;0.0;0.0;0.0;0.0;1.05;category;slider;26
726;03.09.2025;5121227;102858;Дом;0;0;0;0.0;0.0;0.0;0.0;1.05;auto;slider;8
727;04.09.2025;5121227;102858;Дом;0;0;0;0.0;0.0;0.0;0.0;1.05;manual;banner;62
728;05.09.2025;5121227;102858;Дом;5;1;0;0.0;0.82;82.31;0.82;1.05;unknown;search_card;52
729;06.09.2025;5121227;102858;Дом;0;0;0;0.0;0.0;0.0;0.0;1.05;auto;search_card;27
730;07.09.2025;5121227;102858;Дом;0;0;0;0.0;0.0;0.0;0.0;1.05;auto;slider;44
731;08.09.2025;5121227;102858;Дом;0;0;0;0.0;0.0;0.0;0.0;1.05;auto;search_card;83
732;09.09.2025;5121227;102858;Дом;0;0;0;0.0;0.0;0.0;0.0;1.05;manual;banner;69
733;10.09.2025;5121227;102858;Дом;0;0;0;0.0;0.0;0.0;0.0;1.05;category;recommendation;112
734;11.09.2025;5121227;102858;Дом;0;0;0;0.0;0.0;0.0;0.0;1.05;manual;slider;3
735;12.09.2025;5121227;102858;Дом;0;0;0;0.0;0.0;0.0;0.0;1.05;category;search_card;5
736;13.09.2025;5121227;102858;Дом;0;0;0;0.0;0.0;0.0;0.0;1.05;category;search_card;15
737;14.09.2025;5121227;102858;Дом;0;0;0;0.0;0.0;0.0;0.0;1.05;category;banner;58
738;15.09.2025;5121227;102858;Дом;0;0;0;0.0;0.0;0.0;0.0;1.05;category;recommendation;0
739;16.09.2025;5121227;102858;Дом;0;0;0;0.0;0.0;0.0;0.0;1.05;auto;banner;4
740;17.09.2025;5121227;102858;Дом;0;0;0;0.0;0.0;0.0;0.0;1.05;auto;recommendation;6
741;18.09.2025;5121227;102858;Дом;0;0;0;0.0;0.0;0.0;0.0;1.05;auto;slider;3
742;19.09.2025;5121227;102858;Дом;0;0;0;0.0;0.0;0.0;0.0;1.05;manual;search_card;29
743;20.09.2025;5121227;102858;Дом;0;0;0;0.0;0.0;0.0;0.0;1.05;auto;search_card;2
744;21.09.2025;5121227;102858;Дом;0;0;0;0.0;0.0;0.0;0.0;1.05;unknown;slider;43
745;22.09.2025;5121227;102858;Дом;0;0;0;0.0;0.0;0.0;0.0;1.05;category;recommendation;9
746;23.09.2025;5121227;102858;Дом;0;0;0;0.0;0.0;0.0;0.0;1.05;manual;recommendation;128
747;24.09.2025;5121227;102858;Дом;0;0;0;0.0;0.0;0.0;0.0;1.05;category;recommendation;18
748;25.09.2025;5121227;102858;Дом;0;0;0;0.0;0.0;0.0;0.0;1.05;manual;banner;42
749;26.09.2025;5121227;102858;Дом;0;0;0;0.0;0.0;0.0;0.0;1.05;manual;banner;83
750;27.09.2025;5121227;102858;Дом;0;0;0;0.0;0.0;0.0;0.0;1.05;category;recommendation;29
751;28.09.2025;5121227;102858;Дом;0;0;0;0.0;0.0;0.0;0.0;1.05;manual;search_card;43
752;29.09.2025;5121227;102858;Дом;0;0;0;0.0;0.0;0.0;0.0;1.05;auto;slider;138
753;30.09.2025;5121227;102858;Дом;0;0;0;0.0;0.0;0.0;0.0;1.05;auto;banner;16
754;01.10.2025;5121227;102858;Дом;0;0;0;0.0;0.0;0.0;0.0;1.05;auto;slider;25
755;02.10.2025;5121227;102858;Дом;0;0;0;0.0;0.0;0.0;0.0;1.05;manual;banner;37
756;03.10.2025;5121227;102858;Дом;0;0;0;0.0;0.0;0.0;0.0;1.05;manual;slider;26
757;04.10.2025;5121227;102858;Дом;0;0;0;0.0;0.0;0.0;0.0;1.05;category;slider;11
758;05.10.2025;5121227;102858;Дом;0;0;0;0.0;0.0;0.0;0.0;1.05;unknown;search_card;15
759;06.10.2025;5121227;102858;Дом;0;0;0;0.0;0.0;0.0;0.0;1.05;auto;banner;22
760;07.10.2025;5121227;102858;Дом;0;0;0;0.0;0.0;0.0;0.0;1.05;manual;slider;61
761;08.10.2025;5121227;102858;Дом;0;0;0;0.0;0.0;0.0;0.0;1.05;auto;slider;78
762;09.10.2025;5121227;102858;Дом;0;0;0;0.0;0.0;0.0;0.0;1.05;auto;slider;27
763;10.10.2025;5121227;102858;Дом;0;0;0;0.0;0.0;0.0;0.0;1.05;unknown;slider;12
764;11.10.2025;5121227;102858;Дом;0;0;0;0.0;0.0;0.0;0.0;1.05;retarget;slider;59
765;12.10.2025;5121227;102858;Дом;0;0;0;0.0;0.0;0.0;0.0;1.05;category;banner;15
766;13.10.2025;5121227;102858;Дом;0;0;0;0.0;0.0;0.0;0.0;1.05;manual;slider;21
767;14.10.2025;5121227;102858;Дом;0;0;0;0.0;0.0;0.0;0.0;1.05;manual;slider;81
768;15.10.2025;5121227;102858;Дом;0;0;0;0.0;0.0;0.0;0.0;1.05;manual;search_card;39
769;16.10.2025;5121227;102858;Дом;0;0;0;0.0;0.0;0.0;0.0;1.05;manual;recommendation;103
770;17.10.2025;5121227;102858;Дом;0;0;0;0.0;0.0;0.0;0.0;1.05;retarget;banner;54
771;18.10.2025;5121227;102858;Дом;0;0;0;0.0;0.0;0.0;0.0;1.05;manual;search_card;7
772;19.10.2025;5121227;102858;Дом;0;0;0;0.0;0.0;0.0;0.0;1.05;auto;search_card;7
773;20.10.2025;5121227;102858;Дом;0;0;0;0.0;0.0;0.0;0.0;1.05;auto;banner;39
774;21.10.2025;5121227;102858;Дом;0;0;0;0.0;0.0;0.0;0.0;1.05;manual;recommendation;91
775;22.10.2025;5121227;102858;Дом;0;0;0;0.0;0.0;0.0;0.0;1.05;auto;search_card;7
776;23.10.2025;5121227;102858;Дом;0;0;0;0.0;0.0;0.0;0.0;1.05;retarget;banner;84
777;24.10.2025;5121227;102858;Дом;0;0;0;0.0;0.0;0.0;0.0;1.05;category;banner;41
778;25.10.2025;5121227;102858;Дом;0;0;0;0.0;0.0;0.0;0.0;1.05;manual;recommendation;78
779;26.10.2025;5121227;102858;Дом;0;0;0;0.0;0.0;0.0;0.0;1.05;category;recommendation;8
780;27.10.2025;5121227;102858;Дом;0;0;0;0.0;0.0;0.0;0.0;1.05;retarget;slider;69
781;28.10.2025;5121227;102858;Дом;0;0;0;0.0;0.0;0.0;0.0;1.05;auto;slider;16
782;29.10.2025;5121227;102858;Дом;0;0;0;0.0;0.0;0.0;0.0;1.05;manual;slider;80
783;30.10.2025;5121227;102858;Дом;0;0;0;0.0;0.0;0.0;0.0;1.05;auto;banner;113
784;31.10.2025;5121227;102858;Дом;0;0;0;0.0;0.0;0.0;0.0;1.05;manual;banner;163
785;01.11.2025;5121227;102858;Дом;0;0;0;0.0;0.0;0.0;0.0;1.05;auto;slider;9
786;02.11.2025;5121227;102858;Дом;0;0;0;0.0;0.0;0.0;0.0;1.05;auto;recommendation;94
787;03.11.2025;5121227;102858;Дом;0;0;0;0.0;0.0;0.0;0.0;1.05;unknown;search_card;70
788;04.11.2025;5121227;102858;Дом;0;0;0;0.0;0.0;0.0;0.0;1.05;auto;search_card;42
789;05.11.2025;5121227;102858;Дом;0;0;0;0.0;0.0;0.0;0.0;1.05;retarget;slider;368
790;06.11.2025;5121227;102858;Дом;0;0;0;0.0;0.0;0.0;0.0;1.05;auto;recommendation;88
791;07.11.2025;5121227;102858;Дом;0;0;0;0.0;0.0;0.0;0.0;1.05;retarget;slider;17
792;08.11.2025;5121227;102858;Дом;0;0;0;0.0;0.0;0.0;0.0;1.05;retarget;slider;45
793;09.11.2025;5121227;102858;Дом;0;0;0;0.0;0.0;0.0;0.0;1.05;auto;slider;50
794;10.11.2025;5121227;102858;Дом;0;0;0;0.0;0.0;0.0;0.0;1.05;auto;slider;120
795;11.11.2025;5121227;102858;Дом;0;0;0;0.0;0.0;0.0;0.0;1.05;auto;search_card;84
796;12.11.2025;5121227;102858;Дом;0;0;0;0.0;0.0;0.0;0.0;1.05;category;slider;46
797;13.11.2025;5121227;102858;Дом;0;0;0;0.0;0.0;0.0;0.0;1.05;category;slider;17
798;14.11.2025;5121227;102858;Дом;0;0;0;0.0;0.0;0.0;0.0;1.05;auto;slider;18
799;15.11.2025;5121227;102858;Дом;0;0;0;0.0;0.0;0.0;0.0;1.05;retarget;slider;14
800;16.11.2025;5121227;102858;Дом;0;0;0;0.0;0.0;0.0;0.0;1.05;auto;slider;64
801;17.11.2025;5121227;102858;Дом;0;0;0;0.0;0.0;0.0;0.0;1.05;auto;banner;0
802;18.11.2025;5121227;102858;Дом;0;0;0;0.0;0.0;0.0;0.0;1.05;unknown;search_card;38
803;19.11.2025;5121227;102858;Дом;0;0;0;0.0;0.0;0.0;0.0;1.05;auto;recommendation;31
804;20.11.2025;5121227;102858;Дом;0;0;0;0.0;0.0;0.0;0.0;1.05;unknown;recommendation;18
805;21.11.2025;5121227;102858;Дом;5;0;0;0.0;0.0;151.19;0.0;1.05;auto;recommendation;6
806;22.11.2025;5121227;102858;Дом;0;0;0;0.0;0.0;0.0;0.0;1.05;auto;banner;138
807;23.11.2025;5121227;102858;Дом;0;0;0;0.0;0.0;0.0;0.0;1.05;auto;search_card;130
808;24.11.2025;5121227;102858;Дом;0;0;0;0.0;0.0;0.0;0.0;1.05;auto;slider;9
809;25.11.2025;5121227;102858;Дом;0;0;0;0.0;0.0;0.0;0.0;1.05;retarget;search_card;32
810;26.11.2025;5121227;102858;Дом;0;0;0;0.0;0.0;0.0;0.0;1.05;auto;banner;62
811;27.11.2025;5121227;102858;Дом;0;0;0;0.0;0.0;0.0;0.0;1.05;category;banner;16
812;28.11.2025;5121227;102858;Дом;0;0;0;0.0;0.0;0.0;0.0;1.05;auto;slider;126
813;29.11.2025;5121227;102858;Дом;0;0;0;0.0;0.0;0.0;0.0;1.05;auto;slider;65
814;30.11.2025;5121227;102858;Дом;0;0;0;0.0;0.0;0.0;0.0;1.05;auto;search_card;27
815;01.12.2025;5121227;102858;Дом;0;0;0;0.0;0.0;0.0;0.0;1.05;manual;search_card;13
816;02.12.2025;5121227;102858;Дом;0;0;0;0.0;0.0;0.0;0.0;1.05;retarget;search_card;17
817;03.12.2025;5121227;102858;Дом;0;0;0;0.0;0.0;0.0;0.0;1.05;category;search_card;75
818;04.12.2025;5121227;102858;Дом;0;0;0;0.0;0.0;0.0;0.0;1.05;auto;banner;21
819;05.12.2025;5121227;102858;Дом;0;0;0;0.0;0.0;0.0;0.0;1.05;manual;search_card;47
820;06.12.2025;5121227;102858;Дом;0;0;0;0.0;0.0;0.0;0.0;1.05;auto;search_card;7
821;07.12.2025;5121227;102858;Дом;0;0;0;0.0;0.0;0.0;0.0;1.05;manual;recommendation;34
822;08.12.2025;5121227;102858;Дом;0;0;0;0.0;0.0;0.0;0.0;1.05;unknown;slider;9
823;09.12.2025;5121227;102858;Дом;0;0;0;0.0;0.0;0.0;0.0;1.05;retarget;search_card;37
824;10.12.2025;5121227;102858;Дом;0;0;0;0.0;0.0;0.0;0.0;1.05;auto;slider;29
825;11.12.2025;5121227;102858;Дом;0;0;0;0.0;0.0;0.0;0.0;1.05;auto;banner;6
826;12.12.2025;5121227;102858;Дом;0;0;0;0.0;0.0;0.0;0.0;1.05;auto;search_card;38
827;13.12.2025;5121227;102858;Дом;0;0;0;0.0;0.0;0.0;0.0;1.05;auto;search_card;170
828;14.12.2025;5121227;102858;Дом;0;0;0;0.0;0.0;0.0;0.0;1.05;manual;search_card;48
829;15.12.2025;5121227;102858;Дом;0;0;0;0.0;0.0;0.0;0.0;1.05;category;slider;10
830;16.12.2025;5121227;102858;Дом;0;0;0;0.0;0.0;0.0;0.0;1.05;manual;search_card;41
831;17.12.2025;5121227;102858;Дом;0;0;0;0.0;0.0;0.0;0.0;1.05;auto;slider;49
832;18.12.2025;5121227;102858;Дом;0;0;0;0.0;0.0;0.0;0.0;1.05;auto;banner;29
833;19.12.2025;5121227;102858;Дом;0;0;0;0.0;0.0;0.0;0.0;1.05;auto;banner;149
834;20.12.2025;5121227;102858;Дом;0;0;0;0.0;0.0;0.0;0.0;1.05;manual;slider;257
835;21.12.2025;5121227;102858;Дом;0;0;0;0.0;0.0;0.0;0.0;1.05;retarget;search_card;4
836;22.12.2025;5121227;102858;Дом;0;0;0;0.0;0.0;0.0;0.0;1.05;auto;search_card;29
837;23.12.2025;5121227;102858;Дом;0;0;0;0.0;0.0;0.0;0.0;1.05;auto;banner;36
838;24.12.2025;5121227;102858;Дом;0;0;0;0.0;0.0;0.0;0.0;1.05;manual;search_card;43
839;25.12.2025;5121227;102858;Дом;0;0;0;0.0;0.0;0.0;0.0;1.05;auto;recommendation;115
840;26.12.2025;5121227;102858;Дом;0;0;0;0.0;0.0;0.0;0.0;1.05;manual;search_card;228
841;27.12.2025;5121227;102858;Дом;0;0;0;0.0;0.0;0.0;0.0;1.05;manual;slider;34
842;28.12.2025;5121227;102858;Дом;0;0;0;0.0;0.0;0.0;0.0;1.05;retarget;slider;17
843;29.12.2025;5121227;102858;Дом;0;0;0;0.0;0.0;0.0;0.0;1.05;unknown;search_card;202
844;30.12.2025;5121227;102858;Дом;0;0;0;0.0;0.0;0.0;0.0;1.05;auto;slider;23
845;31.12.2025;5121227;102858;Дом;0;0;0;0.0;0.0;0.0;0.0;1.05;category;slider;7
846;01.01.2026;5121227;102858;Дом;0;0;0;0.0;0.0;0.0;0.0;1.05;category;slider;2
847;02.01.2026;5121227;102858;Дом;0;0;0;0.0;0.0;0.0;0.0;1.05;retarget;search_card;199
848;03.01.2026;5121227;102858;Дом;0;0;0;0.0;0.0;0.0;0.0;1.05;manual;recommendation;0
849;04.01.2026;5121227;102858;Дом;0;0;0;0.0;0.0;0.0;0.0;1.05;auto;recommendation;4
850;05.01.2026;5121227;102858;Дом;0;0;0;0.0;0.0;0.0;0.0;1.05;category;search_card;39
851;06.01.2026;5121227;102858;Дом;0;0;0;0.0;0.0;0.0;0.0;1.05;category;search_card;62
852;07.01.2026;5121227;102858;Дом;0;0;0;0.0;0.0;0.0;0.0;1.05;auto;search_card;26
853;08.01.2026;5121227;102858;Дом;0;0;0;0.0;0.0;0.0;0.0;1.05;manual;search_card;15
854;09.01.2026;5121227;102858;Дом;0;0;0;0.0;0.0;0.0;0.0;1.05;retarget;recommendation;81
855;10.01.2026;5121227;102858;Дом;0;0;0;0.0;0.0;0.0;0.0;1.05;manual;recommendation;9
856;11.01.2026;5121227;102858;Дом;0;0;0;0.0;0.0;0.0;0.0;1.05;retarget;recommendation;18
857;12.01.2026;5121227;102858;Дом;0;0;0;0.0;0.0;0.0;0.0;1.05;auto;search_card;24
858;13.01.2026;5121227;102858;Дом;0;0;0;0.0;0.0;0.0;0.0;1.05;category;search_card;23
859;14.01.2026;5121227;102858;Дом;0;0;0;0.0;0.0;0.0;0.0;1.05;manual;search_card;3
860;15.01.2026;5121227;102858;Дом;0;0;0;0.0;0.0;0.0;0.0;1.05;auto;slider;215
861;16.01.2026;5121227;102858;Дом;0;0;0;0.0;0.0;0.0;0.0;1.05;manual;recommendation;12
862;17.01.2026;5121227;102858;Дом;0;0;0;0.0;0.0;0.0;0.0;1.05;retarget;slider;3
863;18.01.2026;5121227;102858;Дом;0;0;0;0.0;0.0;0.0;0.0;1.05;auto;recommendation;2
864;19.01.2026;5121227;102858;Дом;0;0;0;0.0;0.0;0.0;0.0;1.05;auto;search_card;44
865;20.01.2026;5121227;102858;Дом;0;0;0;0.0;0.0;0.0;0.0;1.05;category;search_card;102
866;21.01.2026;5121227;102858;Дом;0;0;0;0.0;0.0;0.0;0.0;1.05;auto;banner;4
867;22.01.2026;5121227;102858;Дом;0;0;0;0.0;0.0;0.0;0.0;1.05;manual;slider;21
868;23.01.2026;5121227;102858;Дом;0;0;0;0.0;0.0;0.0;0.0;1.05;auto;banner;13
869;24.01.2026;5121227;102858;Дом;0;0;0;0.0;0.0;0.0;0.0;1.05;manual;recommendation;28
870;25.01.2026;5121227;102858;Дом;0;0;0;0.0;0.0;0.0;0.0;1.05;manual;recommendation;45
871;26.01.2026;5121227;102858;Дом;0;0;0;0.0;0.0;0.0;0.0;1.05;manual;slider;2
872;27.01.2026;5121227;102858;Дом;0;0;0;0.0;0.0;0.0;0.0;1.05;manual;recommendation;31
873;28.01.2026;5121227;102858;Дом;0;0;0;0.0;0.0;0.0;0.0;1.05;auto;recommendation;37
874;29.01.2026;5121227;102858;Дом;0;0;0;0.0;0.0;0.0;0.0;1.05;manual;slider;109
875;30.01.2026;5121227;102858;Дом;0;0;0;0.0;0.0;0.0;0.0;1.05;auto;slider;10
876;31.01.2026;5121227;102858;Дом;0;0;0;0.0;0.0;0.0;0.0;1.05;category;search_card;36
877;01.02.2026;5121227;102858;Дом;0;0;0;0.0;0.0;0.0;0.0;1.05;category;search_card;49
878;02.02.2026;5121227;102858;Дом;0;0;0;0.0;0.0;0.0;0.0;1.05;retarget;search_card;37
879;03.02.2026;5121227;102858;Дом;0;0;0;0.0;0.0;0.0;0.0;1.05;manual;search_card;10
880;04.02.2026;5121227;102858;Дом;0;0;0;0.0;0.0;0.0;0.0;1.05;manual;recommendation;37
881;05.02.2026;5121227;102858;Дом;0;0;0;0.0;0.0;0.0;0.0;1.05;auto;search_card;11
882;06.02.2026;5121227;102858;Дом;0;0;0;0.0;0.0;0.0;0.0;1.05;category;search_card;61
883;07.02.2026;5121227;102858;Дом;0;0;0;0.0;0.0;0.0;0.0;1.05;auto;banner;204
884;08.02.2026;5121227;102858;Дом;0;0;0;0.0;0.0;0.0;0.0;1.05;manual;slider;1
885;09.02.2026;5121227;102858;Дом;0;0;0;0.0;0.0;0.0;0.0;1.05;manual;search_card;23
886;10.02.2026;5121227;102858;Дом;0;0;0;0.0;0.0;0.0;0.0;1.05;auto;banner;28
887;11.02.2026;5121227;102858;Дом;0;0;0;0.0;0.0;0.0;0.0;1.05;manual;banner;198
888;12.02.2026;5121227;102858;Дом;0;0;0;0.0;0.0;0.0;0.0;1.05;auto;slider;145
889;13.02.2026;5121227;102858;Дом;0;0;0;0.0;0.0;0.0;0.0;1.05;retarget;search_card;3
890;14.02.2026;5121227;102858;Дом;0;0;0;0.0;0.0;0.0;0.0;1.05;auto;search_card;54
891;15.02.2026;5121227;102858;Дом;0;0;0;0.0;0.0;0.0;0.0;1.05;auto;search_card;150
892;16.02.2026;5121227;102858;Дом;0;0;0;0.0;0.0;0.0;0.0;1.05;manual;search_card;10
893;17.02.2026;5121227;102858;Дом;0;0;0;0.0;0.0;0.0;0.0;1.05;manual;slider;0
894;18.02.2026;5121227;102858;Дом;0;0;0;0.0;0.0;0.0;0.0;1.05;auto;recommendation;8
895;19.02.2026;5121227;102858;Дом;0;0;0;0.0;0.0;0.0;0.0;1.05;auto;slider;26
896;20.02.2026;5121227;102858;Дом;0;0;0;0.0;0.0;0.0;0.0;1.05;unknown;search_card;66
897;21.02.2026;5121227;102858;Дом;0;0;0;0.0;0.0;0.0;0.0;1.05;auto;recommendation;26
898;22.02.2026;5121227;102858;Дом;0;0;0;0.0;0.0;0.0;0.0;1.05;category;slider;157
899;23.02.2026;5121227;102858;Дом;0;0;0;0.0;0.0;0.0;0.0;1.05;auto;banner;24
900;24.02.2026;5121227;102858;Дом;0;0;0;0.0;0.0;0.0;0.0;1.05;manual;recommendation;6
901;25.02.2026;5121227;102858;Дом;0;0;0;0.0;0.0;0.0;0.0;1.05;manual;search_card;35
902;26.02.2026;5121227;102858;Дом;0;0;0;0.0;0.0;0.0;0.0;1.05;auto;banner;62
903;27.02.2026;5121227;102858;Дом;0;0;0;0.0;0.0;0.0;0.0;1.05;manual;search_card;7
904;28.02.2026;5121227;102858;Дом;0;0;0;0.0;0.0;0.0;0.0;1.05;manual;search_card;1
905;01.03.2026;5121227;102858;Дом;0;0;0;0.0;0.0;0.0;0.0;1.05;manual;recommendation;28
906;02.03.2026;5121227;102858;Дом;0;0;0;0.0;0.0;0.0;0.0;1.05;auto;search_card;47
907;03.03.2026;5121227;102858;Дом;0;0;0;0.0;0.0;0.0;0.0;1.05;manual;slider;31
908;04.03.2026;5121227;102858;Дом;0;0;0;0.0;0.0;0.0;0.0;1.05;manual;search_card;3
909;05.03.2026;5121227;102858;Дом;0;0;0;0.0;0.0;0.0;0.0;1.05;auto;slider;8
910;06.03.2026;5121227;102858;Дом;0;0;0;0.0;0.0;0.0;0.0;1.05;category;search_card;65
911;07.03.2026;5121227;102858;Дом;0;0;0;0.0;0.0;0.0;0.0;1.05;manual;search_card;16
912;08.03.2026;5121227;102858;Дом;0;0;0;0.0;0.0;0.0;0.0;1.05;unknown;slider;42
913;09.03.2026;5121227;102858;Дом;0;0;0;0.0;0.0;0.0;0.0;1.05;category;recommendation;40
914;10.03.2026;5121227;102858;Дом;0;0;0;0.0;0.0;0.0;0.0;1.05;manual;recommendation;3
915;11.03.2026;5121227;102858;Дом;0;0;0;0.0;0.0;0.0;0.0;1.05;manual;slider;30
916;12.03.2026;5121227;102858;Дом;0;0;0;0.0;0.0;0.0;0.0;1.05;auto;recommendation;482
917;13.03.2026;5121227;102858;Дом;0;0;0;0.0;0.0;0.0;0.0;1.05;manual;search_card;18
918;14.03.2026;5121227;102858;Дом;0;0;0;0.0;0.0;0.0;0.0;1.05;auto;search_card;110
919;15.03.2026;5121227;102858;Дом;0;0;0;0.0;0.0;0.0;0.0;1.05;category;search_card;42
920;16.03.2026;5121227;102858;Дом;0;0;0;0.0;0.0;0.0;0.0;1.05;auto;search_card;48
921;17.03.2026;5121227;102858;Дом;0;0;0;0.0;0.0;0.0;0.0;1.05;category;search_card;73
922;18.03.2026;5121227;102858;Дом;0;0;0;0.0;0.0;0.0;0.0;1.05;manual;slider;33
923;19.03.2026;5121227;102858;Дом;0;0;0;0.0;0.0;0.0;0.0;1.05;manual;search_card;16
924;20.03.2026;5121227;102858;Дом;0;0;0;0.0;0.0;0.0;0.0;1.05;auto;search_card;23
925;21.03.2026;5121227;102858;Дом;0;0;0;0.0;0.0;0.0;0.0;1.05;category;banner;9
926;22.03.2026;5121227;102858;Дом;0;0;0;0.0;0.0;0.0;0.0;1.05;manual;recommendation;81
927;23.03.2026;5121227;102858;Дом;0;0;0;0.0;0.0;0.0;0.0;1.05;auto;search_card;9
928;24.03.2026;5121227;102858;Дом;0;0;0;0.0;0.0;0.0;0.0;1.05;manual;recommendation;169
929;25.03.2026;5121227;102858;Дом;0;0;0;0.0;0.0;0.0;0.0;1.05;retarget;search_card;23
930;26.03.2026;5121227;102858;Дом;0;0;0;0.0;0.0;0.0;0.0;1.05;manual;recommendation;17
931;27.03.2026;5121227;102858;Дом;0;0;0;0.0;0.0;0.0;0.0;1.05;auto;search_card;25
932;28.03.2026;5121227;102858;Дом;0;0;0;0.0;0.0;0.0;0.0;1.05;category;slider;8
933;29.03.2026;5121227;102858;Дом;0;0;0;0.0;0.0;0.0;0.0;1.05;retarget;search_card;57
934;30.03.2026;5121227;102858;Дом;0;0;0;0.0;0.0;0.0;0.0;1.05;auto;search_card;197
935;31.03.2026;5121227;102858;Дом;0;0;0;0.0;0.0;0.0;0.0;1.05;auto;search_card;45
936;01.04.2026;5121227;102858;Дом;0;0;0;0.0;0.0;0.0;0.0;1.05;category;search_card;22
937;02.04.2026;5121227;102858;Дом;0;0;0;0.0;0.0;0.0;0.0;1.05;category;search_card;64
938;03.04.2026;5121227;102858;Дом;0;0;0;0.0;0.0;0.0;0.0;1.05;manual;slider;63
939;04.04.2026;5121227;102858;Дом;0;0;0;0.0;0.0;0.0;0.0;1.05;manual;banner;197
940;05.04.2026;5121227;102858;Дом;0;0;0;0.0;0.0;0.0;0.0;1.05;auto;search_card;9
941;06.04.2026;5121227;102858;Дом;0;0;0;0.0;0.0;0.0;0.0;1.05;retarget;search_card;9
942;07.04.2026;5121227;102858;Дом;0;0;0;0.0;0.0;0.0;0.0;1.05;manual;search_card;36
943;08.04.2026;5121227;102858;Дом;0;0;0;0.0;0.0;0.0;0.0;1.05;manual;search_card;33
944;09.04.2026;5121227;102858;Дом;0;0;0;0.0;0.0;0.0;0.0;1.05;auto;slider;35
945;10.04.2026;5121227;102858;Дом;0;0;0;0.0;0.0;0.0;0.0;1.05;auto;slider;40
946;11.04.2026;5121227;102858;Дом;0;0;0;0.0;0.0;0.0;0.0;1.05;auto;search_card;32
947;12.04.2026;5121227;102858;Дом;0;0;0;0.0;0.0;0.0;0.0;1.05;auto;banner;117
948;13.04.2026;5121227;102858;Дом;0;0;0;0.0;0.0;0.0;0.0;1.05;manual;search_card;45
949;14.04.2026;5121227;102858;Дом;0;0;0;0.0;0.0;0.0;0.0;1.05;auto;recommendation;49
950;15.04.2026;5121227;102858;Дом;0;0;0;0.0;0.0;0.0;0.0;1.05;manual;recommendation;26
951;16.04.2026;5121227;102858;Дом;0;0;0;0.0;0.0;0.0;0.0;1.05;unknown;search_card;60
952;17.04.2026;5121227;102858;Дом;0;0;0;0.0;0.0;0.0;0.0;1.05;unknown;slider;18
953;18.04.2026;5121227;102858;Дом;0;0;0;0.0;0.0;0.0;0.0;1.05;auto;slider;1
954;19.04.2026;5121227;102858;Дом;0;0;0;0.0;0.0;0.0;0.0;1.05;manual;search_card;8
955;20.04.2026;5121227;102858;Дом;0;0;0;0.0;0.0;0.0;0.0;1.05;auto;search_card;22
956;21.04.2026;5121227;102858;Дом;0;0;0;0.0;0.0;0.0;0.0;1.05;manual;recommendation;45
957;22.04.2026;5121227;102858;Дом;0;0;0;0.0;0.0;0.0;0.0;1.05;manual;recommendation;2
958;23.04.2026;5121227;102858;Дом;0;0;0;0.0;0.0;0.0;0.0;1.05;auto;search_card;31
959;24.04.2026;5121227;102858;Дом;0;0;0;0.0;0.0;0.0;0.0;1.05;retarget;slider;0
960;25.04.2026;5121227;102858;Дом;0;0;0;0.0;0.0;0.0;0.0;1.05;auto;slider;4
961;26.04.2026;5121227;102858;Дом;0;0;0;0.0;0.0;0.0;0.0;1.05;auto;banner;12
962;27.04.2026;5121227;102858;Дом;5;0;0;0.0;0.0;186.52;0.0;1.05;manual;slider;10
963;28.04.2026;5121227;102858;Дом;0;0;0;0.0;0.0;0.0;0.0;1.05;manual;banner;28
964;29.04.2026;5121227;102858;Дом;0;0;0;0.0;0.0;0.0;0.0;1.05;unknown;search_card;96
965;30.04.2026;5121227;102858;Дом;0;0;0;0.0;0.0;0.0;0.0;1.05;category;banner;4
966;01.05.2026;5121227;102858;Дом;0;0;0;0.0;0.0;0.0;0.0;1.05;auto;search_card;35
967;15.09.2025;5052994;101262;Обувь;0;0;0;0.0;0.0;0.0;0.0;1.2;retarget;search_card;34
968;16.09.2025;5052994;101262;Обувь;0;0;0;0.0;0.0;0.0;0.0;1.2;auto;search_card;39
969;17.09.2025;5052994;101262;Обувь;0;0;0;0.0;0.0;0.0;0.0;1.2;retarget;banner;2
970;18.09.2025;5052994;101262;Обувь;0;0;0;0.0;0.0;0.0;0.0;1.2;manual;banner;41
971;19.09.2025;5052994;101262;Обувь;0;0;0;0.0;0.0;0.0;0.0;1.2;auto;search_card;66
972;20.09.2025;5052994;101262;Обувь;0;0;0;0.0;0.0;0.0;0.0;1.2;category;search_card;14
973;21.09.2025;5052994;101262;Обувь;7;1;0;0.0;2.17;216.86;2.17;1.2;manual;banner;24
974;22.09.2025;5052994;101262;Обувь;0;0;0;0.0;0.0;0.0;0.0;1.2;manual;banner;90
975;23.09.2025;5052994;101262;Обувь;0;0;0;0.0;0.0;0.0;0.0;1.2;manual;search_card;56
976;24.09.2025;5052994;101262;Обувь;0;0;0;0.0;0.0;0.0;0.0;1.2;manual;search_card;16
977;25.09.2025;5052994;101262;Обувь;0;0;0;0.0;0.0;0.0;0.0;1.2;auto;search_card;0
978;26.09.2025;5052994;101262;Обувь;0;0;0;0.0;0.0;0.0;0.0;1.2;auto;slider;98
979;27.09.2025;5052994;101262;Обувь;0;0;0;0.0;0.0;0.0;0.0;1.2;auto;slider;62
980;28.09.2025;5052994;101262;Обувь;0;0;0;0.0;0.0;0.0;0.0;1.2;unknown;recommendation;103
981;29.09.2025;5052994;101262;Обувь;0;0;0;0.0;0.0;0.0;0.0;1.2;auto;slider;16
982;30.09.2025;5052994;101262;Обувь;0;0;0;0.0;0.0;0.0;0.0;1.2;retarget;search_card;19
983;01.10.2025;5052994;101262;Обувь;0;0;0;0.0;0.0;0.0;0.0;1.2;category;recommendation;53
984;02.10.2025;5052994;101262;Обувь;0;0;0;0.0;0.0;0.0;0.0;1.2;auto;banner;18
985;03.10.2025;5052994;101262;Обувь;0;0;0;0.0;0.0;0.0;0.0;1.2;auto;recommendation;8
986;04.10.2025;5052994;101262;Обувь;0;0;0;0.0;0.0;0.0;0.0;1.2;manual;search_card;49
987;05.10.2025;5052994;101262;Обувь;2;0;0;0.0;0.0;176.51;0.0;1.2;manual;recommendation;45
988;06.10.2025;5052994;101262;Обувь;0;0;0;0.0;0.0;0.0;0.0;1.2;manual;search_card;110
989;07.10.2025;5052994;101262;Обувь;0;0;0;0.0;0.0;0.0;0.0;1.2;manual;recommendation;37
990;08.10.2025;5052994;101262;Обувь;0;0;0;0.0;0.0;0.0;0.0;1.2;auto;search_card;27
991;09.10.2025;5052994;101262;Обувь;0;0;0;0.0;0.0;0.0;0.0;1.2;retarget;banner;61
992;10.10.2025;5052994;101262;Обувь;3;0;0;0.0;0.0;196.58;0.0;1.2;manual;recommendation;44
993;11.10.2025;5052994;101262;Обувь;0;0;0;0.0;0.0;0.0;0.0;1.2;manual;search_card;9
994;12.10.2025;5052994;101262;Обувь;0;0;0;0.0;0.0;0.0;0.0;1.2;manual;banner;23
995;13.10.2025;5052994;101262;Обувь;0;0;0;0.0;0.0;0.0;0.0;1.2;manual;banner;98
996;14.10.2025;5052994;101262;Обувь;0;0;0;0.0;0.0;0.0;0.0;1.2;manual;search_card;41
997;15.10.2025;5052994;101262;Обувь;0;0;0;0.0;0.0;0.0;0.0;1.2;manual;slider;12
998;16.10.2025;5052994;101262;Обувь;0;0;0;0.0;0.0;0.0;0.0;1.2;auto;search_card;227